customer_id,full_name,email,city,state,country,signup_date,segment
17596,Amelia Evans,amelia.eva@protonmail.com,Amsterdam,North Holland,Netherlands,2023-05-08 19:46:57,Consumer
18121,William Wilson,william.wilson@gmail.com,Leeds,England,United Kingdom,2024-01-12 19:01:45,Consumer
89182,Darius Okonkwo,darius111@gmail.com,Rotterdam,South Holland,Netherlands,2024-10-10 06:22:55,Consumer
40804,Qing Deng,qing658@gmail.com,Rotterdam,South Holland,Netherlands,2022-09-30 23:51:42,Consumer
78087,Bin Luo,bluo@outlook.com,Salvador,Rio de Janeiro,Brazil,2023-03-09 06:28:10,Small Business
78099,Emily Ward,emily190@gmail.com,Kolkata,Bihar,India,2024-09-08 14:33:49,Consumer
61076,Daniela Aguilar,danielaaguilar@protonmail.com,Calgary,Alberta,Canada,2023-11-10 20:13:29,Consumer
10274,Rosa Ortiz,rosa_ort@gmail.com,Guarulhos,São Paulo,Brazil,2024-10-16 07:56:50,Consumer
76771,John Harris,john176@yahoo.com,Victoria,British Columbia,Canada,2023-07-17 03:22:16,Consumer
37152,Lisa Carter,lisacarter@icloud.com,Curitiba,Bahia,Brazil,2023-08-18 13:23:19,Consumer
89442,Ines Medina,ines.medina@gmail.com,Kitchener,Manitoba,Canada,2023-03-07 06:29:31,Consumer
48450,Diego Romero,diego48@yahoo.com,St. John's,Newfoundland,Canada,2023-07-02 08:24:58,Small Business
84853,Julia Braun,julia_bra@gmail.com,Brisbane,Queensland,Australia,2023-05-17 14:01:22,Consumer
40057,Mamadou Cisse,mamadou.cis@outlook.com,Coventry,England,United Kingdom,2022-06-05 00:43:49,Consumer
12407,Lucia Aguilar,laguilar@icloud.com,Nashville,Arizona,United States,2024-12-20 20:29:34,Small Business
79888,Emma Taylor,emmatay@icloud.com,Nijmegen,Limburg,Netherlands,2024-05-26 15:45:00,Consumer
15702,Harper Cox,harper_cox@gmail.com,Wolverhampton,England,United Kingdom,2023-06-15 06:02:01,Consumer
21912,Arun Nair,arun.nair@outlook.com,Montreal,Quebec,Canada,2024-11-06 12:09:26,Consumer
59183,Feng He,feng_he@gmail.com,Lyon,Auvergne-Rhône-Alpes,France,2022-11-18 14:30:01,Small Business
19878,Obi Bose,obi954@protonmail.com,Hyderabad,Telangana,India,2024-03-31 16:54:21,Small Business
41403,Ramesh Verma,ramesh.verma@gmail.com,Los Angeles,California,United States,2024-10-06 19:03:02,Consumer
36680,Gang Huang,ghuang@yahoo.com,Darwin,Victoria,Australia,2023-12-03 19:15:39,Enterprise
47396,Amira Hamdan,amira990@gmail.com,Boston,Massachusetts,United States,2022-10-16 15:30:12,Consumer
37948,Ritu Sharma,rsharma@icloud.com,Tilburg,Zeeland,Netherlands,2022-10-10 11:22:25,Consumer
90278,Michael White,michael144@outlook.com,Newcastle,Tasmania,Australia,2024-06-19 18:19:40,Consumer
30696,Sebastian Mendoza,sebastian252@outlook.com,Liverpool,England,United Kingdom,2022-06-06 18:07:57,Consumer
11811,Henry Roberts,henry.roberts@outlook.com,Rotterdam,South Holland,Netherlands,2024-08-06 11:11:39,Consumer
23443,William Young,william44@gmail.com,Montpellier,Occitanie,France,2022-10-28 16:15:33,Consumer
87530,Sabine Weber,sabine.weber@yahoo.com,Plymouth,England,United Kingdom,2023-12-08 17:31:12,Consumer
61405,John Carter,jcarter@gmail.com,Brisbane,Queensland,Australia,2023-03-01 18:13:46,Small Business
12646,Camila Flores,camila754@gmail.com,Stuttgart,Hamburg,Germany,2023-04-06 12:06:35,Consumer
81620,Hao Zhu,hao961@yahoo.com,Regina,Newfoundland,Canada,2022-08-01 12:08:27,Consumer
83517,Anna Wagner,awagner@gmail.com,Liverpool,Scotland,United Kingdom,2023-07-09 17:50:19,Consumer
44149,Anjali Desai,anjali.des@outlook.com,Liverpool,England,United Kingdom,2023-12-31 18:38:45,Enterprise
80983,Amira Said,amira533@gmail.com,Cologne,Rhineland-Palatinate,Germany,2022-11-08 16:50:19,Consumer
46662,Mia Nelson,mia_nelson@hotmail.com,Belfast,Northern Ireland,United Kingdom,2023-10-16 18:20:17,Small Business
52818,John Nelson,jnelson@yahoo.com,Sunderland,Northern Ireland,United Kingdom,2024-03-19 13:00:33,Consumer
95718,Liam Adams,ladams@gmail.com,Perth,Western Australia,Australia,2023-11-16 13:07:20,Small Business
23001,Obi Owusu,obi.owusu@gmail.com,São Paulo,São Paulo,Brazil,2024-03-16 08:27:40,Consumer
66580,Elizabeth Reed,elizabeth.ree@gmail.com,Kitchener,Ontario,Canada,2023-04-06 12:24:52,Consumer
95486,Carol Patel,carol636@outlook.com,Hyderabad,Telangana,India,2022-10-29 20:28:21,Consumer
34464,Patricia Aguilar,patricia945@gmail.com,Lucknow,Maharashtra,India,2023-10-15 19:19:54,Small Business
11072,Melissa Jones,melissa.jones@yahoo.com,Victoria,Nova Scotia,Canada,2023-12-23 18:46:26,Consumer
57925,Susan Smith,susan.smith@gmail.com,Curitiba,Bahia,Brazil,2023-07-24 22:38:23,Enterprise
76192,Sneha Reddy,sreddy@gmail.com,Cologne,Lower Saxony,Germany,2022-11-26 10:03:14,Small Business
13005,Kevin Baker,kevin358@gmail.com,Jacksonville,Maryland,United States,2024-10-10 11:38:58,Consumer
71027,Stefano Romano,stefanorom@gmail.com,Gold Coast,Australian Capital Territory,Australia,2023-12-13 19:55:05,Small Business
25061,Amanda Cook,amanda.coo@outlook.com,Kitchener,Ontario,Canada,2024-07-15 21:11:41,Consumer
65886,Paul Thompson,paul.thompson@icloud.com,Adelaide,Northern Territory,Australia,2023-02-25 10:38:28,Small Business
25041,Nadia Ahmed,nahmed@icloud.com,Plymouth,Scotland,United Kingdom,2024-05-02 21:05:13,Consumer
46918,Mateo Chavez,mateo345@gmail.com,Paris,Île-de-France,France,2023-01-20 04:29:40,Consumer
20964,Sophie Durand,sophie_durand@gmail.com,Tokyo,Tokyo,Japan,2024-12-12 11:32:34,Consumer
88531,Lucas Thompson,lucas.thompson@gmail.com,Strasbourg,Hauts-de-France,France,2022-07-18 19:13:39,Consumer
34231,Yun Cao,yun400@icloud.com,Bordeaux,Bourgogne-Franche-Comté,France,2024-03-17 11:58:06,Small Business
38893,Karen Baker,karen150@hotmail.com,Kitakyushu,Tokyo,Japan,2024-12-25 17:26:15,Consumer
28175,Adriana Aguilar,adriana_agu@icloud.com,Amsterdam,North Holland,Netherlands,2023-03-11 08:39:42,Consumer
33859,Ruben Torres,ruben.tor@gmail.com,Brasília,Pernambuco,Brazil,2024-04-14 23:54:21,Consumer
16933,Pedro Torres,pedro.tor@gmail.com,Lucknow,Gujarat,India,2023-01-04 12:00:04,Consumer
22120,Donna Walker,donna_walker@protonmail.com,Nantes,Centre-Val de Loire,France,2023-08-15 00:50:32,Consumer
55707,Paul Davis,paul.davis@gmail.com,Canberra,Northern Territory,Australia,2024-08-10 20:43:29,Enterprise
83037,Salma Said,salma944@gmail.com,Tokyo,Tokyo,Japan,2023-06-28 19:38:19,Small Business
38161,Zara Kone,zara648@gmail.com,Nagoya,Chiba,Japan,2023-09-04 19:30:24,Consumer
91870,Ama Adeyemi,amaade@gmail.com,Almere,Drenthe,Netherlands,2022-11-11 20:11:08,Consumer
52138,Charles Murphy,cmurphy@yahoo.com,Vadodara,Madhya Pradesh,India,2024-05-09 20:13:14,Consumer
57107,Pranav Mehta,pmehta@yahoo.com,Sakai,Hyogo,Japan,2022-09-02 11:37:56,Consumer
53364,Paolo Ferrari,paolofer@gmail.com,Nice,Île-de-France,France,2023-08-25 10:34:35,Small Business
93038,Lina Khalil,lina.khalil@yahoo.com,Darwin,Northern Territory,Australia,2023-05-21 20:42:10,Consumer
97310,Mariana Ruiz,mruiz@gmail.com,Winnipeg,British Columbia,Canada,2024-01-04 19:38:58,Enterprise
37852,Ethan Anderson,ethan95@gmail.com,Visakhapatnam,West Bengal,India,2023-07-11 20:41:22,Consumer
78016,Joseph Thompson,joseph.thompson@icloud.com,Windsor,Nova Scotia,Canada,2024-09-12 17:40:23,Consumer
50603,Kavya Shah,kavya.sha@outlook.com,Hamilton,New Brunswick,Canada,2023-01-05 19:22:39,Consumer
39640,Margaux Leroy,margauxleroy@gmail.com,San Diego,California,United States,2023-04-19 19:57:37,Small Business
39073,Liam Morris,liam817@gmail.com,Strasbourg,Centre-Val de Loire,France,2022-09-18 12:24:54,Consumer
14774,Michelle Taylor,michelle.tay@yahoo.com,Newcastle,South Australia,Australia,2024-08-17 08:29:40,Consumer
96064,Lucas Jones,lucasjon@outlook.com,Belo Horizonte,Ceará,Brazil,2022-12-08 14:32:44,Small Business
49034,Zaid Rahman,zaidrahman@icloud.com,Plymouth,England,United Kingdom,2024-01-08 10:38:48,Consumer
95287,Emma Anderson,emma_and@outlook.com,Hiroshima,Nagano,Japan,2023-11-08 10:18:38,Consumer
75116,Ava Jackson,ava.jackson@gmail.com,Wollongong,Victoria,Australia,2023-06-29 14:22:52,Consumer
76255,Fatou Sane,fatou664@gmail.com,Belém,Bahia,Brazil,2023-01-17 11:20:46,Consumer
91079,Obi Mensah,obimensah@outlook.com,Ghaziabad,Punjab,India,2024-01-22 19:35:53,Consumer
27820,Kevin Williams,kevin734@gmail.com,Montpellier,Occitanie,France,2023-11-21 07:03:07,Consumer
55980,Henry Anderson,henry499@yahoo.com,San Diego,California,United States,2023-12-18 14:08:27,Consumer
88379,Shu Yang,syang@hotmail.com,Kyoto,Kyoto,Japan,2023-03-01 08:20:34,Small Business
46145,Sarah Anderson,sanderson@yahoo.com,Windsor,Alberta,Canada,2022-07-08 12:16:26,Small Business
11507,Ji-ho Shin,jiho_shin@outlook.com,Goiânia,Goiás,Brazil,2023-03-17 11:34:05,Consumer
53430,Lucas Cox,lcox@gmail.com,Bonn,Berlin,Germany,2024-02-09 19:30:41,Consumer
81803,Antoine Fournier,antoine181@outlook.com,Berlin,Berlin,Germany,2022-07-20 18:52:10,Consumer
10430,Daniela Vasquez,daniela.vasquez@outlook.com,Duisburg,Brandenburg,Germany,2023-10-21 18:31:54,Consumer
38869,Timothy Allen,timothy.allen@gmail.com,Austin,Texas,United States,2024-03-20 18:52:25,Consumer
88587,Alejandra Jimenez,alejandra811@protonmail.com,Calgary,Alberta,Canada,2024-11-06 18:32:14,Enterprise
34100,Farah Awad,farah792@gmail.com,Eindhoven,Drenthe,Netherlands,2022-12-22 20:58:31,Consumer
25228,Liam Wright,liam_wright@yahoo.com,Manchester,England,United Kingdom,2023-02-16 22:41:25,Consumer
38466,Alejandro Owusu,alejandro_owu@icloud.com,Quebec City,Alberta,Canada,2024-03-13 11:10:26,Enterprise
40590,Michelle Richardson,michelle.ric@yahoo.com,Nijmegen,North Holland,Netherlands,2022-07-24 14:25:57,Consumer
81866,Gabriele Bernard,gabriele208@protonmail.com,Almere,Utrecht,Netherlands,2023-10-31 12:24:14,Consumer
30325,Henry Mitchell,hmitchell@gmail.com,Utrecht,Zeeland,Netherlands,2024-04-24 18:56:04,Consumer
39387,Layla Nasser,lnasser@gmail.com,Utrecht,Flevoland,Netherlands,2023-02-18 11:42:25,Consumer
21476,Chloe Anderson,chloe.anderson@yahoo.com,Newcastle,New South Wales,Australia,2023-05-15 14:03:08,Consumer
90022,Marisol Ramirez,marisol.ramirez@hotmail.com,Kanpur,Andhra Pradesh,India,2023-11-28 13:01:45,Consumer
54011,Anita Desai,anita.desai@yahoo.com,Dallas,Texas,United States,2024-08-16 17:58:39,Consumer
15774,Meera Menon,meeramenon@protonmail.com,Sapporo,Saitama,Japan,2022-08-31 12:50:44,Consumer
48293,Robert Cooper,robert344@outlook.com,Hobart,Tasmania,Australia,2023-02-01 12:17:52,Consumer
73980,Anita Becker,abecker@gmail.com,Chiba,Saitama,Japan,2024-04-17 10:09:29,Consumer
78994,Jabari Eze,jeze@icloud.com,Nagpur,Rajasthan,India,2024-11-09 19:10:15,Small Business
58897,Catalina Ramos,catalina147@hotmail.com,Mumbai,Maharashtra,India,2023-07-06 18:05:00,Consumer
71656,Shota Kobayashi,shota.kobayashi@gmail.com,Nuremberg,Berlin,Germany,2023-04-16 20:35:59,Consumer
35555,Daniela Lopez,dlopez@yahoo.com,Vadodara,Maharashtra,India,2022-10-25 10:34:31,Consumer
42104,Daniel Williams,daniel.williams@hotmail.com,Paris,Île-de-France,France,2023-02-22 14:32:20,Consumer
37063,Edward Thompson,edward758@gmail.com,Goiânia,Bahia,Brazil,2023-07-22 07:42:19,Consumer
80739,Elizabeth Moretti,elizabeth193@yahoo.com,Nijmegen,Limburg,Netherlands,2023-04-03 21:21:04,Consumer
22624,Michael Carter,mcarter@yahoo.com,Leeds,England,United Kingdom,2022-11-02 19:51:29,Small Business
92078,Cheng Lin,chenglin@gmail.com,San Diego,California,United States,2023-07-27 09:01:11,Consumer
91793,Jason Parker,jparker@icloud.com,Strasbourg,Nouvelle-Aquitaine,France,2022-07-25 17:09:49,Consumer
40990,Imani Ndiaye,indiaye@outlook.com,Dallas,Texas,United States,2024-08-23 22:05:49,Consumer
85581,Donna Wilson,donna_wil@gmail.com,Indore,Delhi,India,2022-10-24 14:39:04,Consumer
71446,Jeffrey Scott,jeffrey.scott@outlook.com,Sheffield,Wales,United Kingdom,2023-01-07 19:47:30,Small Business
36330,Emily Richardson,emilyrichardson@outlook.com,Windsor,British Columbia,Canada,2024-04-05 08:50:13,Consumer
92012,Charlotte Johnson,charlotte.joh@yahoo.com,Kawasaki,Shizuoka,Japan,2023-10-13 13:10:06,Consumer
41609,Barbara Adams,badams@icloud.com,Visakhapatnam,Delhi,India,2023-04-06 12:29:54,Consumer
47191,Andres Flores,andres.flores@gmail.com,Kumamoto,Nagano,Japan,2023-04-15 00:15:43,Consumer
81688,Daniel Howard,dhoward@gmail.com,Surat,Karnataka,India,2023-10-08 23:56:05,Consumer
31735,Lea Blanc,lea.bla@gmail.com,Darwin,Northern Territory,Australia,2023-06-28 13:11:46,Consumer
39564,Sanjay Reddy,sanjay.red@outlook.com,Bordeaux,Hauts-de-France,France,2024-08-31 17:29:09,Consumer
84569,George Collins,george480@icloud.com,Seattle,Washington,United States,2023-09-05 19:22:35,Consumer
30223,James Reed,james.ree@gmail.com,Sapporo,Tokyo,Japan,2024-07-22 21:01:02,Consumer
11844,Ryan Evans,revans@gmail.com,Breda,Drenthe,Netherlands,2023-12-20 17:39:18,Consumer
34890,Anjali Iyer,anjali.iye@gmail.com,Osaka,Osaka,Japan,2024-12-21 17:03:32,Small Business
65493,Laura Richardson,laura260@hotmail.com,Plymouth,Northern Ireland,United Kingdom,2022-08-01 17:36:44,Consumer
32770,Cesar Mendoza,cesar474@yahoo.com,Nagoya,Hyogo,Japan,2024-04-26 11:57:06,Consumer
15890,Nia Kone,niakone@gmail.com,San Jose,California,United States,2024-03-11 13:08:39,Small Business
11682,Sekou Asante,sasante@yahoo.com,Guarulhos,Minas Gerais,Brazil,2023-12-03 18:55:31,Consumer
19876,Anthony Thomas,anthony_tho@yahoo.com,Nagoya,Hyogo,Japan,2024-02-20 12:56:56,Small Business
38933,Nisha Chatterjee,nishacha@protonmail.com,Canberra,Tasmania,Australia,2022-12-07 12:18:13,Consumer
39351,Steven Johnson,stevenjoh@gmail.com,Darwin,Tasmania,Australia,2024-01-12 19:56:59,Consumer
19032,William Morgan,william303@outlook.com,Birmingham,England,United Kingdom,2022-07-02 19:11:25,Consumer
45932,Manuel Rossi,manuelros@gmail.com,Amsterdam,North Holland,Netherlands,2023-03-31 16:50:30,Small Business
13247,Nicolas Sow,nsow@gmail.com,London,England,United Kingdom,2022-07-15 16:18:16,Small Business
83769,Liam Johnson,liamjohnson@gmail.com,Chicago,Illinois,United States,2024-06-23 20:25:27,Consumer
54010,Patricia Adams,patriciaadams@yahoo.com,Victoria,Newfoundland,Canada,2023-06-05 09:56:43,Consumer
17936,Karim Khalil,karim_khalil@gmail.com,Tokyo,Tokyo,Japan,2022-09-26 23:56:42,Small Business
16126,Laura Adams,laura.adams@yahoo.com,Chennai,Tamil Nadu,India,2022-11-10 18:08:03,Consumer
11935,Valentina Esposito,vesposito@gmail.com,Kobe,Tokyo,Japan,2024-06-29 17:14:56,Consumer
96225,Suresh Hegde,suresh652@yahoo.com,Almere,Zeeland,Netherlands,2024-08-12 20:25:36,Small Business
62202,Shota Yamada,shota_yam@gmail.com,Dallas,Texas,United States,2022-09-30 15:49:24,Consumer
48981,Jabari Keita,jkeita@outlook.com,Lyon,Auvergne-Rhône-Alpes,France,2024-07-15 08:18:33,Small Business
84073,Marlene Weber,mweber@gmail.com,Osaka,Osaka,Japan,2022-08-20 19:56:22,Consumer
17067,Laura Klein,laura.klein@protonmail.com,Hobart,Victoria,Australia,2024-03-17 11:06:40,Enterprise
40800,Emma Esposito,emma129@gmail.com,Osaka,Osaka,Japan,2023-10-27 09:54:01,Consumer
16599,Maryam Haddad,maryam597@icloud.com,Geelong,South Australia,Australia,2023-04-13 22:50:26,Consumer
98764,Lisa Cox,lisa_cox@outlook.com,Reims,Nouvelle-Aquitaine,France,2023-04-08 21:06:02,Small Business
36503,Lisa Green,lisa_green@gmail.com,San Diego,California,United States,2023-01-31 18:15:46,Small Business
80948,Patricia Wright,pwright@gmail.com,Dresden,Saxony,Germany,2024-11-14 20:43:43,Consumer
91822,Mary Bailey,mary954@protonmail.com,Delhi,Delhi,India,2024-04-16 17:17:56,Small Business
76153,Liam Reed,lreed@protonmail.com,Seattle,Washington,United States,2024-07-14 20:57:29,Consumer
41231,Amelia Wilson,amelia.wilson@gmail.com,Sydney,New South Wales,Australia,2023-12-08 13:08:47,Small Business
45879,Chloe Jackson,chloe922@gmail.com,Melbourne,Victoria,Australia,2023-09-08 22:21:10,Consumer
78317,Maximilian Neumann,maximilian294@protonmail.com,Hamburg,Hamburg,Germany,2023-02-16 05:27:38,Consumer
64563,Claudia Mendoza,cmendoza@icloud.com,Bordeaux,Occitanie,France,2022-09-06 16:23:27,Small Business
40205,Lin Cao,lin.cao@gmail.com,Hyderabad,Telangana,India,2024-06-07 11:54:04,Consumer
86782,Arjun Mansour,arjunman@protonmail.com,Hyderabad,Telangana,India,2022-07-14 20:59:20,Small Business
91990,Salma Ibrahim,salma.ibr@icloud.com,Kobe,Nagano,Japan,2024-12-01 15:47:25,Consumer
24102,Bo Wang,bo.wang@gmail.com,Saitama,Okinawa,Japan,2022-12-27 17:56:58,Consumer
10052,Charlotte Bailey,cbailey@outlook.com,Cairns,South Australia,Australia,2023-12-29 12:00:09,Small Business
45735,Linda Collins,linda409@yahoo.com,Adelaide,Northern Territory,Australia,2023-04-18 23:00:29,Consumer
59900,Lei Camara,lei545@icloud.com,Curitiba,Mato Grosso,Brazil,2023-03-18 13:08:54,Consumer
52499,Hong Edwards,hong299@yahoo.com,Kobe,Saitama,Japan,2023-11-21 19:23:15,Consumer
15579,Ava Jackson,ava.jackson@yahoo.com,Jacksonville,Kentucky,United States,2023-01-30 20:30:40,Consumer
69125,Oscar Romero,oscar.rom@icloud.com,Kyoto,Kyoto,Japan,2022-08-07 12:01:24,Consumer
79460,Gang Lin,ganglin@icloud.com,Salvador,São Paulo,Brazil,2024-04-15 16:03:47,Consumer
24500,Chloe Taylor,chloe.tay@outlook.com,Manchester,England,United Kingdom,2024-01-27 18:46:07,Consumer
40314,Celine Lefebvre,clefebvre@icloud.com,Plymouth,Scotland,United Kingdom,2024-09-21 13:25:50,Consumer
26215,Chloe Anderson,chloe100@outlook.com,Almere,Zeeland,Netherlands,2022-09-30 00:17:04,Consumer
65209,Sophia Thompson,sophiathompson@protonmail.com,Ahmedabad,Delhi,India,2022-08-16 03:13:20,Consumer
47598,Jeffrey Brown,jeffrey.brown@gmail.com,Hyderabad,Telangana,India,2022-12-22 18:26:18,Consumer
70838,Sandra Wright,swright@gmail.com,Marseille,Provence-Alpes-Côte d'Azur,France,2023-08-01 20:35:53,Small Business
95169,Elizabeth Robinson,erobinson@yahoo.com,Chennai,Tamil Nadu,India,2024-06-18 18:52:24,Small Business
77606,Amelia Baker,amelia.bak@yahoo.com,Portland,Oregon,United States,2022-10-23 21:54:45,Consumer
53287,Laura Wright,laura.wri@outlook.com,Osaka,Osaka,Japan,2023-03-31 16:01:32,Small Business
54347,Kevin Davis,kevindavis@outlook.com,Leicester,Northern Ireland,United Kingdom,2022-10-23 06:13:02,Consumer
27665,Jabari Ndiaye,jabari_ndi@protonmail.com,Utrecht,Limburg,Netherlands,2022-08-17 08:38:23,Small Business
63122,Sophia Bailey,sophia279@outlook.com,Sydney,New South Wales,Australia,2023-12-14 12:50:36,Consumer
85390,Ryan Martin,ryan957@hotmail.com,Berlin,Berlin,Germany,2024-06-30 16:22:56,Consumer
31804,Laurent Leroy,laurentleroy@gmail.com,Quebec City,Alberta,Canada,2022-10-07 13:15:58,Enterprise
18296,Elena Jimenez,elena.jimenez@gmail.com,Geelong,Victoria,Australia,2023-02-16 17:55:08,Consumer
71305,Eduardo Garcia,eduardo382@hotmail.com,Gold Coast,Western Australia,Australia,2024-01-31 12:20:42,Consumer
55522,Olivier Simon,osimon@yahoo.com,Tokyo,Tokyo,Japan,2022-11-10 18:19:59,Consumer
27135,Isabelle Faure,isabelle.faure@icloud.com,Almere,Friesland,Netherlands,2023-07-17 19:02:51,Consumer
60675,Vidya Shah,vshah@gmail.com,Bielefeld,Baden-Württemberg,Germany,2024-11-17 20:18:53,Consumer
41242,Susan Williams,swilliams@gmail.com,Almere,Friesland,Netherlands,2022-06-11 11:43:40,Small Business
46225,Betty Walker,bettywal@yahoo.com,Frankfurt,Hesse,Germany,2024-01-10 10:13:05,Consumer
46737,Chioma Toure,chioma.toure@gmail.com,Ahmedabad,Delhi,India,2024-01-21 08:31:56,Consumer
15362,Pilar Martinez,pilar_martinez@yahoo.com,Porto Alegre,Paraná,Brazil,2022-08-14 19:50:51,Consumer
75913,Rajesh Das,rajeshdas@gmail.com,Kumamoto,Osaka,Japan,2023-01-31 08:06:43,Small Business
69120,Sophia Martin,smartin@gmail.com,Regina,Newfoundland,Canada,2022-07-22 18:59:18,Consumer
54907,Ha-eun Shin,haeun331@protonmail.com,Toulouse,Bourgogne-Franche-Comté,France,2023-02-11 22:39:04,Consumer
81529,Huda Karim,huda.kar@gmail.com,Lucknow,Gujarat,India,2023-03-06 13:17:00,Small Business
13272,Priya Chopra,priya.cho@yahoo.com,Phoenix,Arizona,United States,2024-03-25 19:59:11,Small Business
79601,Laura Ali,laura529@protonmail.com,Sendai,Kanagawa,Japan,2024-03-03 10:47:24,Consumer
13772,Lucas Green,lucas505@gmail.com,Bhopal,Karnataka,India,2024-10-24 20:01:32,Enterprise
25840,Deborah Jones,deborah409@outlook.com,Duisburg,Berlin,Germany,2022-06-18 11:22:24,Consumer
90168,Simone Adeyemi,sadeyemi@gmail.com,Bradford,Scotland,United Kingdom,2023-09-17 10:02:00,Small Business
87669,Juana Perez,juanaper@hotmail.com,Goiânia,Paraná,Brazil,2024-06-06 14:47:28,Enterprise
40365,Shu Cao,shu.cao@gmail.com,Halifax,British Columbia,Canada,2023-08-12 18:41:19,Consumer
70903,Priya Kulkarni,priya543@gmail.com,Patna,Uttar Pradesh,India,2022-08-12 19:56:15,Consumer
20995,Gaurav Desai,gaurav639@yahoo.com,Bangalore,Karnataka,India,2022-07-01 11:33:41,Consumer
38674,Stefan Schmitt,sschmitt@icloud.com,Cologne,Hamburg,Germany,2023-02-28 12:08:50,Consumer
16172,Folake Diallo,folake4@gmail.com,Lyon,Auvergne-Rhône-Alpes,France,2022-10-09 10:34:07,Consumer
60218,Hana Farah,hanafarah@yahoo.com,Mumbai,Maharashtra,India,2023-03-27 19:20:30,Enterprise
27341,Long Deng,long.deng@icloud.com,Saskatoon,Saskatchewan,Canada,2022-09-18 14:52:23,Consumer
35651,Divya Reddy,dreddy@gmail.com,Amsterdam,North Holland,Netherlands,2024-11-02 13:29:25,Consumer
14868,Ronald Jackson,ronald_jackson@outlook.com,Perth,Western Australia,Australia,2022-07-21 18:00:53,Enterprise
83310,Owen Jackson,owenjac@yahoo.com,Utrecht,North Holland,Netherlands,2023-06-09 19:58:32,Enterprise
38212,Ronald Murphy,ronald.mur@icloud.com,Essen,Hamburg,Germany,2022-10-21 10:41:53,Consumer
74584,Stephanie Evans,stephanie599@outlook.com,Fukuoka,Osaka,Japan,2022-08-31 13:55:33,Consumer
10362,Sara Lombardi,slombardi@gmail.com,Guarulhos,São Paulo,Brazil,2024-01-20 17:15:55,Small Business
21065,Harish Banerjee,harish908@yahoo.com,Saskatoon,Ontario,Canada,2022-08-18 17:14:06,Consumer
13801,Joseph Edwards,jedwards@outlook.com,Berlin,Berlin,Germany,2022-08-16 12:01:10,Consumer
17983,Alejandro Hernandez,alejandro201@gmail.com,Hyderabad,Telangana,India,2024-06-21 16:18:26,Consumer
38635,Deborah Rogers,deborah.rog@hotmail.com,Leipzig,Lower Saxony,Germany,2022-08-20 08:43:50,Small Business
10764,Ava Adams,ava_ada@gmail.com,San Jose,California,United States,2024-07-28 09:02:47,Consumer
69308,Florian Koch,fkoch@gmail.com,Philadelphia,Pennsylvania,United States,2024-12-09 12:35:34,Consumer
89372,Ute Schmitt,ute.schmitt@hotmail.com,Quebec City,British Columbia,Canada,2022-12-13 15:17:08,Consumer
75920,Mio Collins,mio.collins@outlook.com,Ghaziabad,Uttar Pradesh,India,2022-11-20 21:16:49,Small Business
25279,Javier Castillo,javier.cas@icloud.com,Denver,Colorado,United States,2023-04-25 06:52:35,Consumer
43406,Jun Li,jun.li@outlook.com,Groningen,Gelderland,Netherlands,2024-09-24 17:59:53,Consumer
42444,Stefan Fischer,stefan430@gmail.com,Fortaleza,Espírito Santo,Brazil,2024-11-06 18:47:23,Consumer
21401,Mariana Ramirez,mariana.ramirez@yahoo.com,Boston,Massachusetts,United States,2024-12-27 10:37:55,Consumer
90687,Rekha Das,rdas@gmail.com,Eindhoven,Zeeland,Netherlands,2023-03-09 12:56:19,Consumer
94999,Henry Wilson,henry.wilson@gmail.com,Brasília,Goiás,Brazil,2022-11-05 12:35:15,Consumer
95200,Carmen Mendoza,carmen.men@gmail.com,Quebec City,Alberta,Canada,2024-03-15 18:40:21,Consumer
41265,Swati Hegde,swatiheg@outlook.com,The Hague,Friesland,Netherlands,2022-09-21 19:07:33,Consumer
62730,Andres Ruiz,andres.ruiz@gmail.com,Groningen,Overijssel,Netherlands,2022-06-21 21:18:20,Consumer
75019,Sanjay Carter,scarter@gmail.com,Nottingham,England,United Kingdom,2022-10-21 21:13:20,Consumer
64035,John Richardson,john617@outlook.com,Boston,Massachusetts,United States,2023-11-30 21:52:13,Consumer
31559,Manuel Gutierrez,manuel.gut@outlook.com,Bradford,England,United Kingdom,2024-01-09 21:33:41,Consumer
85268,Salma Sayegh,salma_say@yahoo.com,Hyderabad,Telangana,India,2023-10-31 12:46:34,Small Business
68219,Henry Richardson,henryrichardson@gmail.com,Bonn,Berlin,Germany,2023-05-07 20:46:46,Consumer
88423,Ravi Menon,ravi.men@outlook.com,Reims,Grand Est,France,2023-09-19 11:50:46,Small Business
98584,Monika Fischer,monika.fis@gmail.com,Newcastle,England,United Kingdom,2022-11-03 17:19:12,Small Business
72561,Emily Nelson,emily_nel@outlook.com,Breda,Limburg,Netherlands,2024-11-26 08:03:36,Consumer
35585,Fang He,fang_he@hotmail.com,Cairns,Northern Territory,Australia,2023-02-09 19:45:21,Consumer
52944,Sophia Young,syoung@gmail.com,Vancouver,British Columbia,Canada,2023-09-10 20:26:19,Consumer
28276,Franziska Schmitt,franziska39@gmail.com,Reims,Grand Est,France,2024-08-28 22:44:03,Consumer
31607,Sekou Okonkwo,sokonkwo@outlook.com,Indore,Punjab,India,2022-12-11 19:49:55,Small Business
63822,Isabella Herrera,isabellaherrera@gmail.com,Kobe,Nagano,Japan,2022-11-04 14:55:54,Consumer
96821,Lisa Scott,lisa_sco@outlook.com,The Hague,South Holland,Netherlands,2024-10-14 10:00:06,Consumer
92007,Aarti Kulkarni,aarti_kul@gmail.com,Jaipur,Tamil Nadu,India,2023-08-16 10:23:08,Consumer
33505,Claudia Müller,claudiamll@gmail.com,Ghaziabad,Kerala,India,2022-09-01 17:12:09,Consumer
29840,Patricia Edwards,patricia93@gmail.com,Charlotte,Connecticut,United States,2023-06-11 09:52:00,Enterprise
45756,Tae-yang Jung,taeyang_jung@gmail.com,Reims,Pays de la Loire,France,2024-12-24 16:29:30,Consumer
16977,Elizabeth Carter,elizabeth872@yahoo.com,Lucknow,Bihar,India,2022-12-09 09:22:21,Enterprise
80190,Sunita Iyer,siyer@outlook.com,London,New Brunswick,Canada,2024-11-18 12:48:33,Consumer
84627,Mariana Medina,marianamedina@gmail.com,Newcastle,Wales,United Kingdom,2023-02-20 14:49:48,Small Business
63882,Riccardo Mancini,riccardo291@gmail.com,Rio de Janeiro,Rio de Janeiro,Brazil,2024-01-21 14:15:46,Consumer
31465,Santiago Aguilar,santiago493@protonmail.com,Porto Alegre,Rio de Janeiro,Brazil,2024-12-01 02:34:09,Enterprise
61488,Ramesh Desai,ramesh.desai@gmail.com,Groningen,North Brabant,Netherlands,2024-09-16 22:49:05,Consumer
29794,Jorge Ruiz,jorgerui@gmail.com,Halifax,Ontario,Canada,2024-11-02 20:51:19,Consumer
90777,Luis Cox,luis.cox@outlook.com,Hamburg,Hamburg,Germany,2024-12-09 23:56:50,Consumer
41958,Jorge Morales,jorge.morales@outlook.com,Utrecht,Overijssel,Netherlands,2022-09-22 21:34:22,Small Business
69284,Laura Taylor,laura.taylor@icloud.com,Canberra,Queensland,Australia,2024-01-10 17:06:28,Consumer
37644,Sandra Cook,sandra.cook@outlook.com,Paris,Île-de-France,France,2022-09-30 17:53:19,Consumer
67231,Ramesh Agarwal,ragarwal@outlook.com,Winnipeg,Nova Scotia,Canada,2023-03-17 11:47:49,Consumer
32479,Pablo Romero,pablo_rom@outlook.com,Wollongong,Tasmania,Australia,2024-08-06 00:20:27,Small Business
83595,Valentina Romano,valentina419@hotmail.com,Wolverhampton,Northern Ireland,United Kingdom,2023-04-20 14:53:15,Consumer
61502,Swati Patel,spatel@outlook.com,Plymouth,Northern Ireland,United Kingdom,2024-09-08 18:17:05,Consumer
10786,Marlene Koch,mkoch@gmail.com,Belém,Espírito Santo,Brazil,2024-08-07 18:37:51,Consumer
26767,Santiago Medina,santiago528@outlook.com,Grenoble,Pays de la Loire,France,2024-06-10 10:03:44,Enterprise
10117,Ronald Allen,ronald.allen@gmail.com,Toulon,Auvergne-Rhône-Alpes,France,2024-12-01 11:54:56,Consumer
56083,Maryam Aziz,maryam484@yahoo.com,Jaipur,Haryana,India,2023-06-26 17:27:31,Consumer
40672,Oscar Martinez,oscar.martinez@gmail.com,Houston,Texas,United States,2024-07-22 10:38:29,Consumer
34058,Wolfgang Hofmann,wolfgang791@gmail.com,Breda,Zeeland,Netherlands,2023-12-07 13:58:36,Consumer
72241,Neha Bose,neha100@icloud.com,Perth,Western Australia,Australia,2023-04-25 15:29:59,Consumer
47185,Nasser Brown,nasser.bro@outlook.com,Toronto,Ontario,Canada,2024-11-12 03:29:25,Consumer
25395,Swati Bose,sbose@outlook.com,Patna,Kerala,India,2023-04-15 07:26:57,Consumer
60649,Olivia Jackson,oliviajac@outlook.com,Visakhapatnam,Bihar,India,2023-10-01 11:21:10,Enterprise
69498,Divya Menon,divya.menon@yahoo.com,Ahmedabad,Rajasthan,India,2022-12-26 09:03:07,Consumer
74442,Pooja Malhotra,pooja437@icloud.com,Brasília,Goiás,Brazil,2024-09-30 08:52:46,Small Business
54451,Sophie Faure,sfaure@outlook.com,Ahmedabad,Kerala,India,2023-07-05 05:44:25,Consumer
14349,Luis Romero,lromero@hotmail.com,Nice,Hauts-de-France,France,2022-06-21 21:17:36,Small Business
86576,Leon Müller,leon.mller@gmail.com,Bradford,Northern Ireland,United Kingdom,2024-02-04 13:34:53,Consumer
30891,Jessica Harris,jharris@outlook.com,Porto Alegre,Paraná,Brazil,2024-07-07 15:17:06,Consumer
85578,Catalina Perez,cperez@yahoo.com,Lyon,Auvergne-Rhône-Alpes,France,2022-08-04 22:56:47,Small Business
45903,Marisol Cruz,marisol.cru@hotmail.com,Belo Horizonte,Mato Grosso,Brazil,2022-12-19 14:34:18,Consumer
37501,David Murphy,dmurphy@gmail.com,The Hague,Gelderland,Netherlands,2024-05-29 09:08:23,Consumer
94433,Isabella Rivera,isabella250@outlook.com,Plymouth,England,United Kingdom,2024-03-18 10:27:56,Consumer
26926,Kimberly Carter,kimberly746@gmail.com,San Diego,California,United States,2023-12-15 21:39:57,Consumer
18916,Jonas Klein,jonas.klein@outlook.com,Bordeaux,Hauts-de-France,France,2023-09-12 10:51:59,Consumer
61415,Elena Morales,elena657@gmail.com,Windsor,Alberta,Canada,2023-06-22 08:37:08,Consumer
38683,Brian Howard,brian417@icloud.com,Düsseldorf,Berlin,Germany,2023-05-10 12:13:07,Consumer
18457,Felix Bauer,felix_bauer@outlook.com,Newcastle,Tasmania,Australia,2024-10-13 11:50:01,Consumer
17736,Bilal Ahmed,bilal511@yahoo.com,Sherbrooke,New Brunswick,Canada,2022-10-20 14:35:37,Small Business
97531,Niklas Jung,niklas_jung@gmail.com,Reims,Nouvelle-Aquitaine,France,2024-10-23 20:07:10,Small Business
70723,Grace Howard,grace.howard@yahoo.com,Brighton,Wales,United Kingdom,2023-11-10 15:00:08,Consumer
51529,James Collins,james257@outlook.com,Quebec City,New Brunswick,Canada,2022-07-16 17:53:27,Consumer
89358,Donna Harris,donna.har@outlook.com,St. John's,New Brunswick,Canada,2022-10-20 21:29:58,Consumer
97953,Nadia Khoury,nadia_khoury@yahoo.com,Bremen,Hesse,Germany,2023-09-09 09:54:15,Consumer
11211,Andrew Lewis,andrew.lew@yahoo.com,Tokyo,Tokyo,Japan,2022-06-23 21:59:57,Consumer
82567,Martina Campbell,mcampbell@outlook.com,Darwin,Western Australia,Australia,2023-04-21 10:41:07,Consumer
69366,Chloe Phillips,cphillips@yahoo.com,Jaipur,Uttar Pradesh,India,2022-07-17 12:41:14,Consumer
66796,Lei Luo,leiluo@gmail.com,Canberra,Western Australia,Australia,2023-01-28 14:02:35,Small Business
28898,DeShawn Okafor,deshawnokafor@protonmail.com,Vadodara,Uttar Pradesh,India,2024-01-25 09:49:10,Consumer
68957,Barbara Johnson,barbara819@hotmail.com,Wuppertal,Brandenburg,Germany,2024-04-27 20:49:18,Consumer
86335,Matthias Schmidt,matthias.schmidt@gmail.com,Porto Alegre,Goiás,Brazil,2024-01-25 07:45:48,Enterprise
56004,Ashok Joshi,ajoshi@yahoo.com,Bonn,Hamburg,Germany,2023-06-04 11:17:03,Consumer
39804,Francesco Ferrari,francesco565@gmail.com,Sunderland,England,United Kingdom,2024-12-18 21:25:10,Consumer
49465,Timothy Bell,tbell@gmail.com,Stuttgart,Bavaria,Germany,2023-12-22 18:30:12,Small Business
65600,Daiki Watanabe,daiki.watanabe@gmail.com,Montreal,Quebec,Canada,2023-11-16 18:25:39,Consumer
10387,Alice Simon,alice394@yahoo.com,Dresden,Lower Saxony,Germany,2023-09-27 17:05:45,Consumer
77697,Layla Aziz,layla.aziz@protonmail.com,Geelong,Tasmania,Australia,2024-10-18 18:12:03,Consumer
46286,Jade Durand,jade416@protonmail.com,Montreal,Quebec,Canada,2022-10-24 13:15:54,Consumer
65841,William Thomas,williamthomas@gmail.com,Eindhoven,Flevoland,Netherlands,2024-05-22 14:17:56,Small Business
48446,Edward Campbell,edward.campbell@outlook.com,Manaus,Rio de Janeiro,Brazil,2022-10-23 20:39:05,Enterprise
88028,Min-jun Choi,minjuncho@yahoo.com,Tilburg,Groningen,Netherlands,2023-01-08 19:57:46,Consumer
74765,Sofia Moreau,sofiamoreau@gmail.com,Austin,Texas,United States,2024-11-06 10:15:38,Small Business
27446,Ramesh Agarwal,ramesh376@yahoo.com,Nijmegen,North Brabant,Netherlands,2023-03-23 10:19:01,Enterprise
22357,Christopher Scott,cscott@hotmail.com,Cairns,South Australia,Australia,2023-05-26 12:26:06,Small Business
13262,Haruto Kimura,hkimura@gmail.com,Perth,Western Australia,Australia,2023-05-31 15:23:26,Consumer
65759,Ethan Reddy,ereddy@gmail.com,Utrecht,Groningen,Netherlands,2024-07-10 18:35:01,Consumer
39512,Anthony Williams,anthony.wil@gmail.com,Bhopal,Gujarat,India,2022-08-16 19:43:32,Small Business
70954,Claire Petit,claire380@protonmail.com,Lille,Grand Est,France,2024-04-07 19:18:15,Consumer
81674,Feng Song,fsong@gmail.com,Liverpool,Wales,United Kingdom,2023-12-02 21:46:27,Small Business
58629,Alejandra Cruz,alejandra110@outlook.com,Bochum,North Rhine-Westphalia,Germany,2022-07-18 22:16:11,Consumer
64029,Lena Krüger,lkrger@gmail.com,Nuremberg,Baden-Württemberg,Germany,2023-03-08 16:21:29,Consumer
95920,Amanda Evans,amandaeva@icloud.com,Paris,Île-de-France,France,2022-09-23 07:28:16,Consumer
59787,Yaw Owusu,yowusu@gmail.com,Grenoble,Nouvelle-Aquitaine,France,2024-12-09 19:46:14,Small Business
97612,Raul Sanchez,rsanchez@outlook.com,Stuttgart,Lower Saxony,Germany,2022-09-11 19:05:48,Consumer
52103,Oliver Campbell,ocampbell@protonmail.com,Eindhoven,North Brabant,Netherlands,2024-11-03 17:14:55,Small Business
97884,Alejandro Garcia,alejandro372@protonmail.com,Recife,Rio de Janeiro,Brazil,2024-11-19 16:18:50,Consumer
93845,Andres Gutierrez,agutierrez@outlook.com,Calgary,Alberta,Canada,2024-01-15 10:04:32,Enterprise
38443,Rania Hassan,raniahas@protonmail.com,Calgary,Alberta,Canada,2024-05-12 19:06:40,Consumer
24376,Timothy Morris,tmorris@gmail.com,Townsville,Western Australia,Australia,2022-12-20 12:42:28,Enterprise
61255,Gang Gao,gang.gao@yahoo.com,Nantes,Occitanie,France,2024-08-24 07:19:14,Small Business
52227,Aurora Costa,aurora.cos@hotmail.com,Strasbourg,Bretagne,France,2022-08-03 20:32:17,Consumer
27188,John Cox,johncox@gmail.com,Strasbourg,Île-de-France,France,2024-02-21 20:03:25,Consumer
28875,Stephanie Allen,stephanieallen@gmail.com,Kanpur,Maharashtra,India,2023-01-24 17:00:27,Consumer
94576,Ruben Herrera,rherrera@icloud.com,Montpellier,Pays de la Loire,France,2023-10-22 08:47:06,Consumer
81234,Aisha Sow,asow@icloud.com,Belo Horizonte,Distrito Federal,Brazil,2024-01-14 17:27:35,Consumer
17439,Mark Edwards,medwards@gmail.com,Nashville,Wisconsin,United States,2022-11-30 12:54:22,Small Business
18195,Lina Rahman,lina.rahman@outlook.com,Barrie,Ontario,Canada,2024-07-19 22:24:16,Consumer
50229,Neha Agarwal,neha797@outlook.com,Rio de Janeiro,Rio de Janeiro,Brazil,2023-06-25 14:56:06,Consumer
79641,Sunita Patel,sunita532@gmail.com,Geelong,Queensland,Australia,2023-04-30 19:40:34,Small Business
95234,Zahra Khoury,zkhoury@outlook.com,Kolkata,Bihar,India,2023-05-18 19:40:49,Consumer
39098,Zara Boateng,zara848@gmail.com,Duisburg,Rhineland-Palatinate,Germany,2023-04-05 18:19:47,Enterprise
69505,Nisha Sharma,nisha.sha@icloud.com,Guarulhos,Distrito Federal,Brazil,2024-08-29 07:12:06,Consumer
75486,Nikhil Pillai,nikhil_pil@protonmail.com,Leicester,Scotland,United Kingdom,2023-02-03 18:35:53,Consumer
40198,Mariana Rodriguez,marianarod@gmail.com,Strasbourg,Auvergne-Rhône-Alpes,France,2023-12-01 13:47:50,Consumer
91348,Hana Nasser,hana.nasser@gmail.com,The Hague,Flevoland,Netherlands,2022-11-12 08:35:58,Consumer
73419,Emily Thomas,emily487@outlook.com,Wuppertal,Hesse,Germany,2023-11-20 14:38:29,Small Business
47564,Matthew Howard,mhoward@outlook.com,Münster,Brandenburg,Germany,2022-08-24 11:22:48,Consumer
88742,Paul Edwards,pedwards@protonmail.com,Seattle,Washington,United States,2022-11-21 11:57:30,Consumer
93005,Mamadou Eze,mamadou138@protonmail.com,Breda,Overijssel,Netherlands,2024-01-26 07:53:15,Enterprise
45292,Deepa Kulkarni,dkulkarni@outlook.com,Jaipur,Gujarat,India,2024-12-24 11:10:40,Small Business
64609,Elizabeth Phillips,elizabethphi@gmail.com,Canberra,Northern Territory,Australia,2023-09-26 10:18:13,Small Business
11694,Hye-jin Lim,hyejin_lim@icloud.com,São Luís,Minas Gerais,Brazil,2024-06-07 13:31:29,Consumer
63915,Ronald Johnson,ronald.joh@yahoo.com,Newcastle,Scotland,United Kingdom,2022-11-01 12:13:30,Enterprise
51627,Gabriele Barbieri,gabriele206@hotmail.com,Campinas,Ceará,Brazil,2023-02-02 10:33:05,Consumer
60242,Fatima Mansour,fatima.mansour@gmail.com,Kitakyushu,Miyagi,Japan,2023-05-28 11:54:53,Consumer
67007,Amanda Johnson,amanda_johnson@gmail.com,Perth,Western Australia,Australia,2022-08-22 21:05:42,Small Business
23571,Richard Rogers,richard703@outlook.com,Denver,Colorado,United States,2024-11-29 16:10:23,Consumer
15639,Raul Mercier,raulmercier@gmail.com,Nice,Bourgogne-Franche-Comté,France,2024-01-12 19:33:46,Consumer
34044,Da-eun Song,dsong@gmail.com,Tokyo,Tokyo,Japan,2022-07-08 08:44:11,Consumer
21113,Joseph Stewart,joseph.stewart@protonmail.com,Surat,Karnataka,India,2023-12-06 18:53:17,Small Business
50277,Hao Guo,hao.guo@gmail.com,Hyderabad,Telangana,India,2022-06-17 19:16:52,Consumer
54726,Pranav Gupta,pgupta@icloud.com,Saitama,Saitama,Japan,2022-06-14 01:51:15,Consumer
34542,Zara Okonkwo,zara.okonkwo@gmail.com,Lucknow,Karnataka,India,2024-03-26 13:31:23,Consumer
34083,Jade Morel,jademor@outlook.com,Kanpur,Rajasthan,India,2024-10-15 18:19:53,Consumer
10891,Steven Cook,stevencoo@outlook.com,Bangalore,Karnataka,India,2022-08-11 19:39:30,Small Business
18362,Bin Tang,bin.tang@yahoo.com,Geelong,Queensland,Australia,2024-08-10 21:06:00,Consumer
64597,Javier Jimenez,javier839@icloud.com,Kobe,Hiroshima,Japan,2022-06-04 15:16:39,Small Business
75477,Rekha Banerjee,rekha.banerjee@outlook.com,Munich,Bavaria,Germany,2024-08-31 11:16:25,Consumer
85182,Evelyn Turner,evelyn259@icloud.com,Liverpool,Northern Ireland,United Kingdom,2024-07-12 12:54:26,Enterprise
22128,Deborah Green,deborah.gre@outlook.com,Nijmegen,Friesland,Netherlands,2023-08-11 10:37:28,Consumer
51391,Ava Ward,award@gmail.com,Newcastle,England,United Kingdom,2022-11-06 20:24:42,Small Business
47069,Henry Brown,henry918@gmail.com,Newcastle,England,United Kingdom,2022-11-08 21:08:44,Consumer
57033,Cheng Luo,cluo@outlook.com,Melbourne,Victoria,Australia,2023-06-21 12:51:36,Consumer
92622,Radha Hall,rhall@protonmail.com,Vadodara,Andhra Pradesh,India,2023-01-10 13:58:27,Consumer
31546,Jae-won Seo,jaewon50@icloud.com,Montpellier,Grand Est,France,2022-11-08 20:10:27,Small Business
93023,Maximilian Schröder,maximilian.sch@gmail.com,Chennai,Tamil Nadu,India,2022-08-15 11:36:17,Consumer
24141,Daniel White,danielwhi@gmail.com,Sakai,Hyogo,Japan,2023-10-16 14:04:52,Consumer
36533,Adriana Chavez,achavez@outlook.com,Coventry,Scotland,United Kingdom,2024-09-18 12:23:45,Consumer
10985,Malik Owusu,mowusu@protonmail.com,Kumamoto,Saitama,Japan,2022-07-30 18:07:02,Consumer
84514,Jorge Herrera,jorge929@icloud.com,The Hague,Limburg,Netherlands,2023-11-06 14:48:52,Enterprise
71587,Karen Taylor,karen_taylor@outlook.com,Utrecht,Overijssel,Netherlands,2024-08-24 08:30:09,Consumer
53254,Omar Haddad,omar.had@gmail.com,Edinburgh,Scotland,United Kingdom,2022-12-21 17:16:22,Consumer
60066,Mason Wilson,mason_wil@gmail.com,Seattle,Washington,United States,2024-10-21 07:26:21,Small Business
55991,Deepa Shah,dshah@icloud.com,Quebec City,Manitoba,Canada,2024-01-11 19:09:22,Small Business
19715,Abigail Baker,abaker@gmail.com,Glasgow,Northern Ireland,United Kingdom,2024-05-21 08:52:20,Consumer
30786,Zahra Thomas,zahrathomas@yahoo.com,Toronto,Ontario,Canada,2023-06-26 19:21:30,Consumer
51585,Chioma Camara,chioma.camara@icloud.com,Tilburg,Gelderland,Netherlands,2023-06-03 10:24:32,Consumer
44164,Mary Cox,mary390@gmail.com,Paris,Île-de-France,France,2023-11-02 08:06:51,Consumer
72078,Smita Allen,smita.all@gmail.com,Nashville,Ohio,United States,2023-07-23 13:17:33,Consumer
49763,Hao Liu,hao.liu@yahoo.com,Salvador,Amazonas,Brazil,2023-05-28 17:40:12,Consumer
46391,Joon-woo Ahn,joonwooahn@gmail.com,Munich,Bavaria,Germany,2023-05-24 13:09:03,Small Business
65190,Alejandro Martinez,amartinez@gmail.com,Bristol,England,United Kingdom,2024-07-18 14:42:44,Enterprise
21395,Kojo Adeyemi,kojo.adeyemi@icloud.com,Nantes,Occitanie,France,2024-05-09 18:21:04,Small Business
32907,Melissa Davis,mdavis@hotmail.com,Porto Alegre,Ceará,Brazil,2024-11-08 15:38:31,Consumer
54924,Charlotte Johnson,charlotte.joh@gmail.com,Perth,Western Australia,Australia,2022-07-22 17:09:58,Consumer
89926,Na Liang,naliang@protonmail.com,Osaka,Osaka,Japan,2022-08-04 18:23:35,Consumer
91632,Grace Miller,gmiller@icloud.com,Tilburg,North Brabant,Netherlands,2023-08-28 11:38:17,Consumer
29678,Stefan Wolf,stefan497@yahoo.com,Columbus,Texas,United States,2023-12-14 11:59:35,Consumer
65295,Beatriz Diaz,beatriz.diaz@outlook.com,Darwin,Western Australia,Australia,2023-03-26 19:48:22,Consumer
28913,Chae-won Han,chan@gmail.com,Bonn,Baden-Württemberg,Germany,2022-07-03 20:42:08,Consumer
88996,Andrew Hall,andrew.hal@yahoo.com,Montpellier,Occitanie,France,2024-05-12 14:06:45,Consumer
61349,Leon Schmitt,leonschmitt@gmail.com,Winnipeg,New Brunswick,Canada,2024-11-02 18:42:37,Consumer
55325,Juana Morales,juana159@outlook.com,Hobart,Northern Territory,Australia,2024-01-20 16:13:42,Consumer
95026,Lan Ma,lan.ma@gmail.com,Porto Alegre,São Paulo,Brazil,2023-07-13 18:09:41,Consumer
74961,Gabriel Roux,gabriel.rou@outlook.com,Belo Horizonte,Rio de Janeiro,Brazil,2024-03-13 10:40:09,Consumer
74484,Grace Thompson,grace408@hotmail.com,Sydney,New South Wales,Australia,2022-10-31 12:17:51,Consumer
94702,Ashley Miller,ashleymil@gmail.com,Almere,Drenthe,Netherlands,2023-09-14 19:37:49,Consumer
12573,Edward Bell,edward522@protonmail.com,Seattle,Washington,United States,2023-07-28 07:41:48,Enterprise
37535,Amanda Kulkarni,amanda.kul@yahoo.com,New York,New York,United States,2022-12-02 12:14:48,Consumer
80502,Mio Inoue,minoue@outlook.com,Leeds,England,United Kingdom,2023-01-25 18:21:02,Consumer
42618,Thierry Moreau,thierrymor@icloud.com,Grenoble,Grand Est,France,2024-12-16 08:51:50,Consumer
60269,Da-eun Park,daeun_par@icloud.com,Canberra,New South Wales,Australia,2023-10-16 19:26:31,Consumer
26216,Arthur Michel,amichel@protonmail.com,Sherbrooke,Ontario,Canada,2024-09-12 10:16:33,Consumer
96175,Elizabeth Harris,elizabeth188@gmail.com,Strasbourg,Normandie,France,2024-10-29 19:37:58,Small Business
89030,Hannah Nelson,hannah.nelson@icloud.com,Townsville,Western Australia,Australia,2022-06-20 11:42:30,Consumer
28975,Dorothy Campbell,dorothy.cam@outlook.com,Chiba,Aichi,Japan,2023-11-24 16:06:02,Small Business
98822,Andrew Collins,acollins@gmail.com,Tokyo,Tokyo,Japan,2024-04-05 20:40:59,Consumer
98892,Kenneth Hall,kenneth168@outlook.com,Hamburg,Hamburg,Germany,2022-08-06 22:23:32,Consumer
66313,Obi Traore,obi.tra@icloud.com,Surat,Gujarat,India,2024-08-14 18:10:13,Consumer
33885,Felix Schröder,felixsch@yahoo.com,Cairns,Tasmania,Australia,2023-02-22 09:48:07,Consumer
43473,Ashok Reddy,ashok.red@icloud.com,Philadelphia,Pennsylvania,United States,2024-03-12 22:08:44,Consumer
23577,Sarah White,sarah.whi@gmail.com,The Hague,Flevoland,Netherlands,2023-05-14 13:47:38,Small Business
29077,Laurent Moreau,laurent600@hotmail.com,Thane,Haryana,India,2023-12-22 16:10:44,Enterprise
56217,Paolo Bruno,paolo857@gmail.com,Utrecht,South Holland,Netherlands,2024-12-16 13:27:46,Small Business
48769,Rebecca Greco,rgreco@gmail.com,Patna,Delhi,India,2024-06-29 19:41:54,Consumer
89221,William White,williamwhi@gmail.com,Belo Horizonte,Pernambuco,Brazil,2022-09-14 16:15:21,Consumer
94032,Ravi Chatterjee,ravi687@outlook.com,Kolkata,Tamil Nadu,India,2023-06-27 21:51:17,Small Business
74393,Timothy Walker,timothy.walker@gmail.com,Brasília,Pernambuco,Brazil,2023-01-16 06:50:03,Consumer
86396,Ashley Edwards,ashley379@gmail.com,Pune,Kerala,India,2022-08-18 14:30:44,Enterprise
98359,Amanda Smith,amanda915@gmail.com,Bordeaux,Hauts-de-France,France,2023-10-08 18:02:04,Consumer
54707,Deepak Das,deepak.das@protonmail.com,Geelong,Tasmania,Australia,2022-07-25 13:01:48,Enterprise
91804,Pablo Ramirez,pablo.ram@protonmail.com,Munich,Bavaria,Germany,2022-06-04 20:44:37,Consumer
83373,Jonas Schwarz,jonasschwarz@gmail.com,Sapporo,Nagano,Japan,2024-04-02 14:21:51,Consumer
14370,Claudia Diaz,claudia.diaz@hotmail.com,Belo Horizonte,Espírito Santo,Brazil,2023-10-29 00:46:21,Small Business
23493,Neha Gupta,neha.gupta@gmail.com,Portland,Oregon,United States,2024-04-21 15:21:28,Consumer
45874,Olivia Thomas,olivia.tho@gmail.com,Manchester,England,United Kingdom,2022-10-23 19:24:35,Enterprise
97994,Amara Toure,amaratou@gmail.com,Liverpool,Wales,United Kingdom,2024-01-12 15:09:55,Consumer
85062,Abigail Williams,awilliams@gmail.com,Bradford,Wales,United Kingdom,2023-11-11 12:07:13,Enterprise
91240,Sneha Kulkarni,skulkarni@yahoo.com,Breda,North Holland,Netherlands,2023-08-28 21:52:41,Consumer
33975,Isabelle Girard,isabelle712@yahoo.com,Dortmund,Brandenburg,Germany,2024-08-06 18:30:59,Consumer
89472,Suresh Gupta,sgupta@icloud.com,Hobart,Tasmania,Australia,2023-05-13 08:57:34,Consumer
21047,Juliette Michel,jmichel@outlook.com,Amsterdam,North Holland,Netherlands,2022-08-27 12:41:25,Consumer
11415,Khalid Nasser,khalid10@gmail.com,Kanpur,Gujarat,India,2022-12-18 20:50:55,Consumer
87938,Sebastian Gomez,sgomez@protonmail.com,Sydney,New South Wales,Australia,2023-05-25 10:02:28,Consumer
95192,Juliette Girard,juliettegirard@gmail.com,Edinburgh,Scotland,United Kingdom,2024-11-03 17:13:43,Consumer
45872,Abena Asante,aasante@gmail.com,Regina,Saskatchewan,Canada,2024-12-23 21:11:47,Consumer
11378,David Cox,david.cox@icloud.com,Munich,Bavaria,Germany,2023-07-31 18:38:59,Consumer
39786,Takumi Yamada,tyamada@icloud.com,Rotterdam,South Holland,Netherlands,2024-08-29 18:12:56,Small Business
11096,Owen Campbell,owen.campbell@yahoo.com,Pune,Maharashtra,India,2023-11-24 11:47:56,Consumer
20513,Maximilian Koch,maximilian.koc@gmail.com,Charlotte,North Carolina,United States,2024-01-14 10:50:40,Enterprise
58822,Elijah White,ewhite@yahoo.com,Nantes,Bretagne,France,2023-04-16 18:25:53,Consumer
56958,Ming Huang,mhuang@outlook.com,Saskatoon,Newfoundland,Canada,2023-06-15 20:21:29,Enterprise
41004,Robert White,robert468@outlook.com,Salvador,Amazonas,Brazil,2024-02-23 06:51:17,Consumer
72088,Malik Toure,malik595@protonmail.com,Sydney,New South Wales,Australia,2024-08-01 18:41:41,Consumer
20915,Dinesh Kumar,dinesh_kum@yahoo.com,New York,New York,United States,2023-09-05 15:29:51,Consumer
48069,Luis Rodriguez,luis.rodriguez@gmail.com,Salvador,Pará,Brazil,2024-10-16 17:26:16,Consumer
94281,Nisha Nair,nisha.nai@outlook.com,Toulon,Occitanie,France,2022-12-15 15:13:09,Consumer
77235,Alejandro Martinez,amartinez@outlook.com,Hamilton,New Brunswick,Canada,2023-04-26 10:35:04,Consumer
16036,Qing Gao,qing482@gmail.com,Sendai,Nagano,Japan,2023-08-13 18:12:58,Consumer
72562,Obi Diallo,obidia@outlook.com,Bangalore,Karnataka,India,2024-03-03 13:26:52,Consumer
18361,Aishwarya Iyer,aishwarya.iye@yahoo.com,Portland,Oregon,United States,2023-05-09 12:43:26,Consumer
30933,Anil Singh,anilsin@hotmail.com,Kyoto,Kyoto,Japan,2022-10-14 22:12:35,Consumer
92807,Eduardo Jimenez,eduardo874@outlook.com,Cologne,North Rhine-Westphalia,Germany,2022-08-02 09:53:05,Small Business
39072,Sofia Gutierrez,sofia_gutierrez@gmail.com,Guarulhos,Espírito Santo,Brazil,2024-06-19 19:39:19,Enterprise
52697,Sharon Bailey,sharonbai@outlook.com,Utrecht,Flevoland,Netherlands,2023-11-28 13:20:05,Small Business
87990,Juan Zhou,juan.zho@gmail.com,Sapporo,Saitama,Japan,2024-01-18 19:34:55,Small Business
15473,Jessica Smith,jessicasmith@gmail.com,Curitiba,Espírito Santo,Brazil,2024-11-29 02:09:25,Consumer
72596,Bo Zhao,bo.zhao@yahoo.com,Marseille,Provence-Alpes-Côte d'Azur,France,2024-10-28 16:12:15,Consumer
65728,Ute Schmitt,ute.schmitt@gmail.com,Münster,Hamburg,Germany,2023-02-02 12:41:08,Consumer
58247,Mason Parker,mparker@gmail.com,Kawasaki,Kyoto,Japan,2023-04-29 12:54:51,Consumer
34508,Long Liang,lliang@gmail.com,Utrecht,Zeeland,Netherlands,2024-11-30 18:29:58,Consumer
25102,Ashley Richardson,arichardson@outlook.com,Bremen,Hamburg,Germany,2024-11-28 13:55:29,Consumer
76358,Santiago Romero,sromero@gmail.com,Lyon,Auvergne-Rhône-Alpes,France,2023-01-30 15:39:30,Consumer
40401,Joon-woo Lim,joonwoo984@gmail.com,Visakhapatnam,Bihar,India,2023-12-03 19:07:10,Consumer
35501,Ethan Ramos,eramos@icloud.com,Rotterdam,South Holland,Netherlands,2022-07-03 14:26:34,Consumer
42995,Hugo Garcia,hugo640@hotmail.com,Utrecht,Zeeland,Netherlands,2023-05-26 12:18:19,Consumer
34767,Elijah Scott,escott@gmail.com,Montpellier,Auvergne-Rhône-Alpes,France,2022-12-26 18:38:31,Consumer
29588,Susan Wilson,susan_wil@gmail.com,Campinas,Santa Catarina,Brazil,2024-12-17 19:03:40,Consumer
84502,Aarti Hegde,ahegde@icloud.com,Campinas,Amazonas,Brazil,2023-09-09 14:46:00,Consumer
60458,Amit Hegde,amit.hegde@outlook.com,Hamilton,New Brunswick,Canada,2022-09-14 12:47:31,Consumer
83697,Hector Lewis,hector.lewis@protonmail.com,Hanover,North Rhine-Westphalia,Germany,2024-07-16 10:15:55,Consumer
88071,Farah Sayegh,farahsay@gmail.com,Groningen,Friesland,Netherlands,2023-01-01 18:16:47,Consumer
63302,Hassan Aziz,haziz@yahoo.com,Sakai,Kanagawa,Japan,2024-02-14 12:47:35,Consumer
78621,Mateo Saleh,mateo_saleh@icloud.com,Strasbourg,Hauts-de-France,France,2024-06-01 20:50:08,Small Business
59979,Radha Bose,radhabos@yahoo.com,Rotterdam,South Holland,Netherlands,2023-08-22 11:11:31,Consumer
93195,Sebastian Aguilar,sebastian.agu@protonmail.com,Lucknow,Uttar Pradesh,India,2022-09-21 20:59:54,Consumer
97434,Ritu Chopra,ritu.cho@yahoo.com,San Jose,California,United States,2022-09-13 11:04:39,Consumer
11375,Edward Smith,esmith@gmail.com,Nijmegen,Utrecht,Netherlands,2023-05-31 19:55:09,Small Business
81419,Ethan Wright,ethan.wri@gmail.com,Ballarat,Western Australia,Australia,2023-04-08 18:35:27,Consumer
24478,Ramesh Agarwal,ramesh876@protonmail.com,Amsterdam,North Holland,Netherlands,2024-01-25 19:28:06,Small Business
18850,Christopher Rogers,crogers@yahoo.com,Strasbourg,Centre-Val de Loire,France,2023-06-23 20:28:57,Consumer
68024,Long Howard,lhoward@protonmail.com,Kitakyushu,Nagano,Japan,2024-08-07 09:55:01,Enterprise
61889,Alice Girard,agirard@gmail.com,Nijmegen,South Holland,Netherlands,2023-12-03 09:27:52,Consumer
39957,Yaw Camara,yaw.camara@outlook.com,Seattle,Washington,United States,2023-03-27 08:14:38,Consumer
88258,Michael Cooper,michael416@gmail.com,Kitchener,Quebec,Canada,2022-12-23 18:17:26,Consumer
52297,Amanda Turner,amandaturner@outlook.com,Chicago,Illinois,United States,2023-01-11 09:52:13,Small Business
15707,Sebastian Müller,smller@gmail.com,London,England,United Kingdom,2022-09-24 18:55:05,Consumer
14781,Melissa Martin,mmartin@gmail.com,Düsseldorf,Hamburg,Germany,2024-08-13 18:21:39,Consumer
78336,Aishwarya Iyer,aishwarya921@gmail.com,Sydney,New South Wales,Australia,2022-12-07 19:48:44,Consumer
80118,Kimberly Saleh,kimberly.sal@outlook.com,Hamburg,Hamburg,Germany,2024-09-22 14:56:54,Consumer
29298,Christopher Evans,christopher.evans@gmail.com,Kanpur,Kerala,India,2024-01-02 13:46:06,Consumer
52016,Kemi Okonkwo,kemi.okonkwo@protonmail.com,Salvador,Minas Gerais,Brazil,2024-06-02 20:41:49,Consumer
27373,Birgit Müller,birgit.mller@protonmail.com,Bochum,Baden-Württemberg,Germany,2024-11-12 20:41:51,Small Business
82151,Beatriz Gomez,beatriz.gomez@gmail.com,Houston,Texas,United States,2023-11-19 20:43:28,Consumer
38463,Liam Scott,liamscott@outlook.com,Chennai,Tamil Nadu,India,2024-03-28 10:35:59,Small Business
80915,Oliver Adams,oliver369@gmail.com,Cairns,South Australia,Australia,2022-11-14 12:31:14,Consumer
24515,Laura Walker,laura357@icloud.com,Brisbane,Queensland,Australia,2023-09-16 11:50:27,Consumer
83026,Li Song,lison@icloud.com,Saint-Étienne,Occitanie,France,2023-10-21 11:06:05,Small Business
22507,Kevin Harris,kevin.har@icloud.com,Osaka,Osaka,Japan,2023-12-07 11:13:50,Consumer
90629,Jade Laurent,jadelaurent@outlook.com,Manaus,Rio Grande do Sul,Brazil,2023-07-21 07:59:31,Consumer
87844,Rohan Chopra,rohan.chopra@yahoo.com,Nagpur,Gujarat,India,2022-06-14 12:44:35,Consumer
96116,Nasser Yousef,nasser48@outlook.com,Groningen,North Holland,Netherlands,2023-06-29 21:12:34,Consumer
12056,Eun-ji Ahn,eunji.ahn@icloud.com,Bradford,Wales,United Kingdom,2023-04-01 19:09:25,Consumer
74423,Hannah Weber,hannahweb@yahoo.com,Montpellier,Hauts-de-France,France,2024-12-15 18:37:31,Consumer
13260,Carol Brown,cbrown@gmail.com,Philadelphia,Pennsylvania,United States,2024-10-25 09:31:50,Consumer
60455,Yu-na Oh,yoh@icloud.com,Edmonton,Newfoundland,Canada,2022-09-22 20:09:36,Consumer
61822,Linda Turner,linda.turner@yahoo.com,Nagoya,Hyogo,Japan,2024-08-17 18:43:16,Consumer
70930,Susan Evans,susan79@hotmail.com,Sheffield,England,United Kingdom,2023-11-30 07:16:25,Consumer
68205,Anthony Green,agreen@icloud.com,Amsterdam,North Holland,Netherlands,2022-06-12 11:22:12,Enterprise
69552,Ethan Davis,edavis@outlook.com,London,Ontario,Canada,2024-04-19 11:58:03,Enterprise
93174,Sabine Schulz,sabineschulz@gmail.com,Essen,Saxony,Germany,2024-02-07 18:31:00,Enterprise
98589,Francisco Gonzalez,francisco.gonzalez@gmail.com,The Hague,Limburg,Netherlands,2023-08-23 12:40:46,Consumer
30724,Zara Boateng,zara666@gmail.com,Chicago,Illinois,United States,2024-01-03 13:50:44,Consumer
11555,Stefano Barbieri,stefano.bar@outlook.com,Montreal,Quebec,Canada,2023-04-30 12:20:55,Small Business
57056,Ousmane Okonkwo,ousmaneokonkwo@gmail.com,Mumbai,Maharashtra,India,2024-02-17 20:52:08,Small Business
15690,Kai Cao,kai495@gmail.com,Chiba,Shizuoka,Japan,2022-06-02 14:42:11,Enterprise
80156,Manon Petit,manon289@gmail.com,Hanover,Saxony,Germany,2024-12-02 14:20:10,Consumer
74686,Susan Howard,susanhoward@gmail.com,London,Nova Scotia,Canada,2023-05-08 14:23:55,Consumer
84577,Carlos Gomez,cgomez@outlook.com,Toulouse,Provence-Alpes-Côte d'Azur,France,2023-04-18 19:25:48,Consumer
11988,Chiara Barbieri,chiara774@protonmail.com,Strasbourg,Occitanie,France,2023-04-26 13:00:38,Consumer
63053,Paul Williams,pwilliams@yahoo.com,Sydney,New South Wales,Australia,2023-03-15 09:50:13,Small Business
71705,Nancy Edwards,nancy17@icloud.com,Salvador,Amazonas,Brazil,2022-06-25 14:46:37,Consumer
91053,Feng Liu,fengliu@gmail.com,Munich,Bavaria,Germany,2024-11-17 13:35:39,Small Business
29307,Jessica Edwards,jessica_edwards@icloud.com,Toronto,Ontario,Canada,2022-07-01 12:43:09,Consumer
53951,Smita Rao,srao@gmail.com,Amsterdam,North Holland,Netherlands,2024-04-14 11:15:22,Small Business
35170,Luis Roux,luisrou@gmail.com,Patna,Rajasthan,India,2023-10-19 12:55:03,Small Business
82546,Jun Carter,juncarter@gmail.com,Kitchener,New Brunswick,Canada,2022-06-15 15:59:06,Consumer
39097,Owen Campbell,owen.cam@protonmail.com,Delhi,Delhi,India,2023-05-10 01:53:47,Consumer
81011,Tao Wang,tao145@gmail.com,Stuttgart,Bavaria,Germany,2023-02-15 01:32:20,Small Business
59144,Pilar Perez,pilarper@gmail.com,Nijmegen,North Brabant,Netherlands,2023-04-15 09:36:56,Small Business
76431,Margaret Johnson,margaret968@yahoo.com,Calgary,Alberta,Canada,2024-09-22 20:58:57,Small Business
31076,Bin Li,binli@outlook.com,Curitiba,Rio de Janeiro,Brazil,2024-02-17 13:06:34,Consumer
54447,Jason Reed,jreed@hotmail.com,Kobe,Aichi,Japan,2024-09-27 19:42:40,Consumer
73810,Mohammed Mansour,mohammed.man@icloud.com,Jacksonville,New Jersey,United States,2023-09-05 08:20:14,Consumer
71607,Camila Chavez,cchavez@yahoo.com,St. John's,Alberta,Canada,2024-04-14 18:07:36,Small Business
78158,Betty Robinson,brobinson@outlook.com,Oshawa,Ontario,Canada,2022-10-29 17:31:00,Consumer
86732,Diego Vasquez,diegovas@gmail.com,Portland,Oregon,United States,2022-12-25 12:59:15,Enterprise
44845,Barbara Phillips,barbara.phillips@gmail.com,Toronto,Ontario,Canada,2024-07-23 19:49:37,Consumer
91232,Ama Schmidt,aschmidt@gmail.com,Groningen,Flevoland,Netherlands,2022-11-16 14:10:44,Consumer
34066,Evelyn Phillips,ephillips@gmail.com,Düsseldorf,Rhineland-Palatinate,Germany,2023-05-09 19:47:51,Consumer
69653,Chao Deng,chao574@yahoo.com,Pune,Rajasthan,India,2023-06-04 09:49:28,Small Business
72979,Sandra Bell,sandra.bell@gmail.com,Strasbourg,Bourgogne-Franche-Comté,France,2024-01-10 03:00:45,Enterprise
11952,Samir Hamdan,samir.hamdan@gmail.com,Rennes,Bourgogne-Franche-Comté,France,2024-04-05 06:13:54,Consumer
76828,Ngozi Toure,ntoure@yahoo.com,Breda,Utrecht,Netherlands,2024-01-26 10:21:08,Enterprise
91878,Deborah Jones,djones@protonmail.com,Wuppertal,Hamburg,Germany,2024-01-02 14:02:40,Small Business
75642,Charles Baker,cbaker@yahoo.com,Tilburg,Drenthe,Netherlands,2023-01-10 12:08:33,Consumer
60181,Paula Diaz,paula_dia@protonmail.com,Philadelphia,Pennsylvania,United States,2023-12-27 17:12:59,Small Business
27609,Emeka Cisse,emeka.cisse@gmail.com,Wollongong,South Australia,Australia,2022-06-26 18:37:51,Small Business
71838,Anil Iyer,aiyer@gmail.com,Bremen,Brandenburg,Germany,2024-06-21 09:05:51,Consumer
99566,Elijah Thompson,elijah.thompson@protonmail.com,Belfast,Northern Ireland,United Kingdom,2023-05-14 13:47:58,Consumer
42992,Elena Gonzalez,elenagon@outlook.com,Nagpur,Rajasthan,India,2023-12-08 10:27:32,Consumer
89813,Edward Smith,esmith@gmail.com,Birmingham,England,United Kingdom,2024-12-02 18:40:58,Consumer
80139,Valentina Lombardi,valentina15@outlook.com,Nantes,Nouvelle-Aquitaine,France,2024-06-08 11:10:29,Small Business
72214,Lea Michel,lmichel@icloud.com,Thane,Karnataka,India,2023-08-09 12:00:17,Consumer
69588,Lisa Carter,lisa806@icloud.com,Plymouth,Northern Ireland,United Kingdom,2024-01-23 19:22:43,Consumer
12567,Mariana Medina,mariana920@outlook.com,Nijmegen,Drenthe,Netherlands,2023-09-07 13:39:55,Consumer
34535,Kimberly Ward,kimberlywar@icloud.com,Rio de Janeiro,Rio de Janeiro,Brazil,2023-01-07 19:14:26,Consumer
44354,Charlotte Baker,charlotte.baker@gmail.com,Plymouth,Northern Ireland,United Kingdom,2024-10-12 09:34:00,Consumer
29383,Ashley Cooper,ashley_cooper@outlook.com,Chiba,Fukuoka,Japan,2024-12-25 18:33:40,Consumer
98981,Mark Reed,mark127@gmail.com,Groningen,North Brabant,Netherlands,2023-09-17 23:16:29,Consumer
78271,Luis Chavez,luis208@gmail.com,Bonn,North Rhine-Westphalia,Germany,2023-09-15 13:19:01,Consumer
35026,Paula Sanchez,paula_san@outlook.com,Kumamoto,Kyoto,Japan,2023-11-06 19:16:25,Small Business
17745,Alice Greco,agreco@icloud.com,Vancouver,British Columbia,Canada,2023-12-20 14:14:49,Small Business
25084,Giorgia Bruno,gbruno@yahoo.com,Cairns,South Australia,Australia,2024-07-12 20:23:40,Consumer
97546,Joseph Wright,joseph.wri@protonmail.com,Kyoto,Kyoto,Japan,2024-07-24 17:28:48,Consumer
40347,Valentina Colombo,valentinacolombo@gmail.com,Nijmegen,Groningen,Netherlands,2023-10-02 09:31:02,Consumer
56071,Yasmin Said,yasmin.said@gmail.com,Nijmegen,Gelderland,Netherlands,2024-08-06 20:47:18,Small Business
30835,James Jones,james_jones@outlook.com,Almere,Zeeland,Netherlands,2024-11-19 21:29:59,Consumer
98339,Timothy Anderson,timothy_anderson@protonmail.com,Kitakyushu,Aichi,Japan,2024-02-28 12:00:05,Consumer
63528,Mary Carter,marycar@gmail.com,San Diego,California,United States,2024-01-18 11:40:56,Consumer
42077,Patricia Sanchez,psanchez@gmail.com,San Jose,California,United States,2024-04-28 18:35:35,Consumer
24363,Santiago Medina,santiago853@gmail.com,São Paulo,São Paulo,Brazil,2024-12-18 16:24:35,Consumer
63309,Ingrid Moretti,ingrid582@gmail.com,Liverpool,Scotland,United Kingdom,2023-02-04 15:31:55,Consumer
93708,Ronald Roberts,ronald807@hotmail.com,Bielefeld,Rhineland-Palatinate,Germany,2022-08-19 13:10:10,Small Business
63297,James Walker,james_walker@gmail.com,Canberra,Northern Territory,Australia,2023-11-14 10:20:01,Consumer
42875,Brian Harris,brian_harris@protonmail.com,Reims,Nouvelle-Aquitaine,France,2023-04-27 22:52:12,Consumer
20907,Margaux Fournier,margaux.fournier@gmail.com,Belém,São Paulo,Brazil,2022-07-22 20:53:05,Consumer
36467,Dinesh Singh,dineshsingh@gmail.com,Bradford,Wales,United Kingdom,2023-03-17 21:55:48,Consumer
88432,Jabari Boateng,jabari848@gmail.com,Kyoto,Kyoto,Japan,2023-05-15 05:40:01,Small Business
69064,Julia Lange,jlange@yahoo.com,Lucknow,Bihar,India,2022-06-19 18:41:42,Small Business
15593,Andres Perez,andres836@gmail.com,Recife,Amazonas,Brazil,2022-10-28 13:53:12,Consumer
15056,Giuseppe Marino,giuseppe.mar@yahoo.com,Sherbrooke,Ontario,Canada,2022-06-02 15:48:06,Small Business
70999,Richard Jackson,richard.jackson@hotmail.com,Breda,South Holland,Netherlands,2023-04-22 18:28:14,Consumer
27064,Elizabeth Young,eyoung@gmail.com,Paris,Île-de-France,France,2023-05-10 19:57:57,Consumer
48566,Stephanie Edwards,stephanie645@gmail.com,Bhopal,Maharashtra,India,2022-10-05 17:32:32,Consumer
59400,Oliver Bailey,oliver890@gmail.com,Surat,Kerala,India,2024-02-26 17:36:01,Consumer
73302,Chae-won Xu,chaewon.xu@icloud.com,Hamburg,Hamburg,Germany,2022-09-01 13:45:05,Small Business
90807,Lakshmi Mukherjee,lakshmi_mukherjee@outlook.com,Kolkata,Maharashtra,India,2023-10-28 11:29:31,Consumer
13371,Jabari Ndiaye,jabari.ndi@gmail.com,Groningen,Gelderland,Netherlands,2024-10-23 16:12:18,Consumer
64324,Mary Howard,maryhoward@outlook.com,Dresden,Saxony,Germany,2022-07-02 15:59:33,Consumer
73937,Lucas Martin,lucasmartin@gmail.com,Eindhoven,Flevoland,Netherlands,2022-09-10 14:13:10,Consumer
63737,Manuel Cruz,manuelcruz@gmail.com,Jacksonville,California,United States,2022-11-11 12:34:41,Consumer
23267,Ji-hoon Lee,jihoon_lee@gmail.com,Perth,Western Australia,Australia,2023-12-13 21:11:49,Small Business
15674,Sara Jackson,sjackson@gmail.com,New York,New York,United States,2024-03-12 11:50:31,Consumer
36205,Ji-hoon Park,jpark@gmail.com,London,Quebec,Canada,2022-07-10 09:19:31,Consumer
16924,Sharon Allen,sharon174@gmail.com,Fortaleza,Mato Grosso,Brazil,2023-11-22 08:46:27,Consumer
40303,Ines Gonzalez,ines_gonzalez@gmail.com,Portland,Oregon,United States,2022-06-24 19:11:14,Small Business
86844,Olivier Michel,olivier.mic@protonmail.com,Jaipur,Karnataka,India,2023-11-02 16:05:15,Small Business
36158,Betty Morris,bettymorris@gmail.com,Almere,South Holland,Netherlands,2023-11-06 21:26:36,Consumer
90710,Aditya Joshi,aditya862@icloud.com,Perth,Western Australia,Australia,2023-08-20 17:49:13,Small Business
73504,Klaus Richter,klausric@yahoo.com,Kitakyushu,Aichi,Japan,2022-07-01 20:59:37,Small Business
69077,Juan Cao,juan836@outlook.com,Geelong,Australian Capital Territory,Australia,2024-03-07 18:49:20,Consumer
23507,Paul Davis,paul.dav@icloud.com,Rotterdam,South Holland,Netherlands,2024-02-25 11:23:23,Small Business
41622,Lucia Flores,luciaflores@gmail.com,Curitiba,Mato Grosso,Brazil,2024-01-12 12:12:04,Small Business
33940,Alice Fournier,alice_fournier@outlook.com,London,England,United Kingdom,2023-03-20 19:50:29,Consumer
69612,Joon-woo Lim,jlim@outlook.com,Townsville,Queensland,Australia,2023-03-05 16:12:33,Consumer
78237,Femi Eze,femi699@gmail.com,Toronto,Ontario,Canada,2023-10-02 14:19:18,Consumer
90427,Paul Joshi,pjoshi@gmail.com,Manchester,England,United Kingdom,2023-08-04 14:18:16,Consumer
18256,Elijah Nelson,enelson@gmail.com,Mumbai,Maharashtra,India,2024-05-20 19:56:49,Small Business
16299,Richard Howard,rhoward@icloud.com,Rio de Janeiro,Rio de Janeiro,Brazil,2023-01-07 18:00:27,Consumer
32292,Kevin Parker,kparker@protonmail.com,Lucknow,Gujarat,India,2024-02-28 18:04:12,Enterprise
73760,Birgit Braun,bbraun@outlook.com,Kumamoto,Nagano,Japan,2024-08-06 16:54:14,Consumer
84942,Owen Phillips,owen315@protonmail.com,Lucknow,Gujarat,India,2024-08-20 06:18:37,Consumer
47113,Lei Singh,lei.sin@hotmail.com,Cairns,Australian Capital Territory,Australia,2024-08-02 08:51:51,Consumer
56868,Huda Karim,hkarim@gmail.com,Cardiff,England,United Kingdom,2024-02-15 13:56:05,Consumer
82872,Swati Malhotra,swati.malhotra@yahoo.com,Nashville,Maryland,United States,2024-05-29 14:46:51,Consumer
70259,Lukas Werner,lwerner@outlook.com,Campinas,Ceará,Brazil,2023-12-03 13:44:33,Consumer
67556,Zara Kone,zara.kone@outlook.com,Campinas,Pernambuco,Brazil,2024-09-20 20:54:02,Consumer
59315,Zara Scott,zara.scott@protonmail.com,Leipzig,Brandenburg,Germany,2024-08-11 19:39:00,Consumer
68045,Edward Wright,ewright@yahoo.com,Hobart,Northern Territory,Australia,2022-11-07 08:23:11,Consumer
10536,Lucas Johnson,lucas_joh@gmail.com,Chennai,Tamil Nadu,India,2022-10-24 17:21:02,Consumer
29613,Ava Reed,avareed@protonmail.com,Austin,Texas,United States,2024-12-03 16:40:02,Small Business
71175,Tariq Najjar,tnajjar@yahoo.com,Duisburg,Lower Saxony,Germany,2023-04-02 19:33:22,Small Business
10725,Michelle Smith,msmith@gmail.com,Saskatoon,Manitoba,Canada,2024-02-18 13:20:32,Consumer
23192,Xiao Cao,xiao_cao@icloud.com,Brighton,Northern Ireland,United Kingdom,2023-03-15 13:37:18,Small Business
83404,Abena Kone,abena.kon@gmail.com,Glasgow,Wales,United Kingdom,2023-01-01 17:20:36,Consumer
58535,Laurent Bernard,laurent.bernard@gmail.com,Salvador,Goiás,Brazil,2023-11-22 13:31:17,Enterprise
58045,Miguel Diaz,mdiaz@protonmail.com,Duisburg,Hamburg,Germany,2023-02-17 20:12:39,Consumer
19436,Huda Mansour,hmansour@gmail.com,Salvador,Amazonas,Brazil,2024-09-28 09:47:33,Consumer
66246,Yun Huang,yun.hua@protonmail.com,Surat,Karnataka,India,2023-06-05 14:43:53,Consumer
22055,Fernando Lopez,flopez@outlook.com,Los Angeles,California,United States,2024-11-04 11:55:04,Consumer
95160,Harish Hegde,harish_heg@yahoo.com,Nijmegen,Gelderland,Netherlands,2024-09-02 11:26:21,Consumer
17374,Sharon Wilson,sharon45@gmail.com,Lyon,Auvergne-Rhône-Alpes,France,2023-07-15 07:52:54,Small Business
82230,Joseph Yousef,jyousef@gmail.com,Ottawa,Ontario,Canada,2024-11-09 16:14:52,Small Business
69963,Noah Davis,ndavis@yahoo.com,Toulon,Bourgogne-Franche-Comté,France,2024-10-25 06:07:37,Small Business
25631,Stephanie Ward,sward@icloud.com,Edmonton,Manitoba,Canada,2022-06-10 21:05:34,Consumer
84770,Eduardo Ruiz,eduardo827@gmail.com,Nice,Auvergne-Rhône-Alpes,France,2022-12-07 14:16:57,Small Business
65476,Vittoria Rossi,vittoriarossi@outlook.com,Essen,North Rhine-Westphalia,Germany,2024-05-19 19:34:47,Consumer
74501,Michael Rogers,mrogers@gmail.com,Sheffield,Wales,United Kingdom,2022-06-22 12:22:07,Consumer
59107,Lin Tang,lin311@yahoo.com,Paris,Île-de-France,France,2023-08-10 18:02:13,Consumer
31334,Heike Braun,heike112@gmail.com,Nijmegen,North Holland,Netherlands,2024-05-22 11:57:19,Consumer
11433,Timothy Martin,tmartin@gmail.com,Guarulhos,Espírito Santo,Brazil,2024-05-26 11:01:09,Consumer
17759,Valentina Jimenez,valentinajim@yahoo.com,Sydney,New South Wales,Australia,2023-06-09 12:20:00,Consumer
96180,Christopher Richardson,christopher_ric@outlook.com,Philadelphia,Pennsylvania,United States,2022-06-29 12:37:57,Consumer
42636,Li Zhao,lzhao@gmail.com,Ahmedabad,Uttar Pradesh,India,2023-01-15 10:11:37,Enterprise
24580,Valentina Herrera,valentina336@icloud.com,The Hague,North Brabant,Netherlands,2024-01-07 10:13:58,Consumer
67201,Anjali Shah,anjali_sha@yahoo.com,Jacksonville,Ohio,United States,2023-04-18 12:34:04,Consumer
13566,Carol Carter,carolcarter@outlook.com,Kitchener,Alberta,Canada,2022-07-23 07:49:08,Consumer
46890,Miguel Torres,migueltorres@gmail.com,Birmingham,England,United Kingdom,2024-02-10 17:22:53,Consumer
63875,Owen Wright,owen.wri@protonmail.com,Regina,New Brunswick,Canada,2023-10-04 15:24:43,Small Business
98137,Daniel Allen,danielall@protonmail.com,Rotterdam,South Holland,Netherlands,2023-09-06 19:38:52,Consumer
25753,Julia Wolf,jwolf@yahoo.com,Vancouver,British Columbia,Canada,2024-10-22 16:35:20,Small Business
23747,Charlotte Williams,charlottewil@gmail.com,Fukuoka,Osaka,Japan,2023-08-11 13:50:41,Consumer
58887,Chao Li,cli@protonmail.com,Nottingham,Wales,United Kingdom,2023-08-06 19:43:22,Enterprise
62695,Seo-yeon Song,seoyeonsong@outlook.com,Tokyo,Tokyo,Japan,2023-07-14 21:32:50,Consumer
82556,Javier Alvarez,jalvarez@outlook.com,Birmingham,England,United Kingdom,2023-10-09 09:59:15,Consumer
87277,Pooja Bhat,pbhat@hotmail.com,Newcastle,Victoria,Australia,2023-06-24 19:22:59,Small Business
37099,Valentina Smith,vsmith@gmail.com,Bhopal,Uttar Pradesh,India,2024-11-11 16:19:42,Consumer
88600,Julia Zimmermann,juliazimmermann@gmail.com,Amsterdam,North Holland,Netherlands,2023-06-23 09:33:09,Consumer
33880,Ryan Cox,ryan.cox@hotmail.com,Kitakyushu,Kanagawa,Japan,2024-05-27 13:27:13,Consumer
50046,Omar Howard,omar348@outlook.com,Toronto,Ontario,Canada,2023-07-23 04:42:41,Small Business
61786,Nathalie Fournier,nathalie.fournier@icloud.com,Wollongong,Victoria,Australia,2024-06-30 21:14:35,Consumer
55437,Ha-eun Kim,haeunkim@gmail.com,Hobart,Australian Capital Territory,Australia,2022-07-21 12:12:21,Consumer
46263,Daniel Ward,dward@outlook.com,Dallas,Texas,United States,2024-06-11 18:40:43,Consumer
73068,Pascal Bernard,pascal326@protonmail.com,Adelaide,Queensland,Australia,2022-08-28 14:07:05,Consumer
55563,Lucas Brown,lbrown@gmail.com,Saitama,Fukuoka,Japan,2024-07-19 08:49:26,Consumer
15214,Sharon Howard,sharonhow@gmail.com,São Luís,Mato Grosso,Brazil,2022-06-09 19:22:07,Consumer
48079,Ava Morris,ava201@outlook.com,Montreal,Quebec,Canada,2022-07-17 15:54:08,Consumer
66483,Eduardo Flores,eduardo.flo@protonmail.com,Reims,Centre-Val de Loire,France,2023-06-27 11:59:47,Consumer
87298,Darius Owusu,dariusowu@protonmail.com,Sakai,Kanagawa,Japan,2024-08-16 10:42:13,Consumer
44536,Min-seo Ahn,mahn@gmail.com,Tokyo,Tokyo,Japan,2023-08-11 09:06:54,Consumer
68566,Amanda Mitchell,amanda432@yahoo.com,Nuremberg,Saxony,Germany,2023-12-08 18:29:08,Consumer
23467,Lena Schulz,lschulz@yahoo.com,Belém,Pernambuco,Brazil,2022-12-13 18:00:04,Small Business
13741,Nicolas Sanchez,nicolas775@gmail.com,Mumbai,Maharashtra,India,2023-06-03 11:12:29,Small Business
91399,Ashley Williams,awilliams@gmail.com,Kobe,Hiroshima,Japan,2023-02-24 21:25:37,Small Business
83399,Louis Hernandez,louis.hernandez@yahoo.com,Rennes,Auvergne-Rhône-Alpes,France,2022-11-04 20:16:05,Consumer
14499,Isabella Rodriguez,isabella_rodriguez@gmail.com,Kolkata,Uttar Pradesh,India,2024-05-01 21:31:16,Consumer
73570,Hong Wu,hong.wu@gmail.com,Goiânia,Ceará,Brazil,2023-08-30 12:14:56,Consumer
22046,Arthur Deng,arthur.den@gmail.com,Nice,Pays de la Loire,France,2024-04-28 14:12:52,Small Business
62010,Riccardo Moretti,riccardomor@yahoo.com,St. John's,Quebec,Canada,2022-10-27 12:10:59,Consumer
88026,Ethan Lewis,elewis@yahoo.com,New York,New York,United States,2023-11-13 13:34:50,Consumer
94354,Rohan Banerjee,rohanban@icloud.com,Visakhapatnam,Haryana,India,2023-02-19 18:51:06,Consumer
16423,William Martin,william_martin@gmail.com,Breda,North Brabant,Netherlands,2024-04-04 18:01:27,Enterprise
17655,Jonas Fischer,jonas293@yahoo.com,Rotterdam,South Holland,Netherlands,2022-08-04 10:57:59,Small Business
68445,Pooja Iyer,pooja.iyer@outlook.com,Ahmedabad,Uttar Pradesh,India,2024-08-26 21:37:19,Consumer
52091,Antonio Moretti,amoretti@icloud.com,Rennes,Hauts-de-France,France,2023-09-18 19:59:21,Consumer
63545,Teresa Ramos,tramos@gmail.com,Belém,Ceará,Brazil,2022-09-19 17:59:50,Consumer
80903,Akosua Young,akosua192@gmail.com,Ballarat,Tasmania,Australia,2024-04-03 13:12:01,Consumer
19537,Ryo Yamada,ryamada@outlook.com,Los Angeles,California,United States,2024-06-21 19:02:45,Small Business
97051,Kimberly White,kimberly330@yahoo.com,Fukuoka,Hyogo,Japan,2022-06-09 09:15:28,Consumer
84217,Kofi Boateng,kboateng@protonmail.com,Kyoto,Kyoto,Japan,2022-11-21 13:10:44,Consumer
85616,Pedro Ramirez,pedro.ram@icloud.com,Leeds,England,United Kingdom,2023-01-19 17:09:10,Small Business
91498,Markus Zimmermann,markuszim@protonmail.com,Dortmund,Lower Saxony,Germany,2024-07-31 12:15:59,Small Business
70041,Jessica Bell,jbell@yahoo.com,Canberra,Australian Capital Territory,Australia,2023-01-02 20:13:51,Small Business
49845,Smita Nair,smita.nair@hotmail.com,Almere,Utrecht,Netherlands,2022-11-23 19:51:24,Consumer
77632,Alejandra Cruz,alejandracruz@gmail.com,Plymouth,Scotland,United Kingdom,2024-02-08 13:44:48,Small Business
68737,Ethan Murphy,ethan562@icloud.com,Delhi,Delhi,India,2023-01-30 14:45:36,Consumer
39695,Barbara Cooper,barbara.coo@gmail.com,Kitakyushu,Nagano,Japan,2022-10-08 17:30:50,Consumer
79139,Mark Ward,mark703@gmail.com,Salvador,Pará,Brazil,2023-08-05 22:54:44,Consumer
43330,Joseph Anderson,joseph.anderson@hotmail.com,Chiba,Okinawa,Japan,2024-06-27 21:10:05,Consumer
89554,Claudia Torres,claudia.tor@gmail.com,Lyon,Auvergne-Rhône-Alpes,France,2024-12-04 09:54:49,Small Business
18388,Aiden Cook,acook@protonmail.com,Nagpur,Maharashtra,India,2023-04-09 19:45:27,Consumer
60968,Carlos Malhotra,carlos557@outlook.com,Kitchener,Nova Scotia,Canada,2024-11-14 11:04:32,Consumer
16335,Zaid Hassan,zaid119@gmail.com,Rotterdam,South Holland,Netherlands,2023-12-02 13:15:08,Enterprise
87381,Betty Parker,betty.par@icloud.com,Bordeaux,Hauts-de-France,France,2024-11-13 15:12:31,Small Business
42946,Manoj Menon,manoj.menon@protonmail.com,Tilburg,Gelderland,Netherlands,2024-03-09 11:40:43,Consumer
20453,Ahmed Farah,ahmed585@yahoo.com,Charlotte,Florida,United States,2024-03-19 20:10:15,Consumer
57918,Chioma Owusu,chioma.owu@yahoo.com,Nagoya,Fukuoka,Japan,2022-12-30 17:11:33,Small Business
72193,Anthony Morris,anthony426@hotmail.com,Düsseldorf,Hesse,Germany,2023-09-28 09:20:18,Small Business
68629,Sophia White,sophia507@hotmail.com,Hyderabad,Telangana,India,2024-12-11 22:14:12,Small Business
62520,Camille Lefebvre,camille.lef@gmail.com,Strasbourg,Occitanie,France,2022-07-11 08:04:39,Consumer
35953,Katharina Hofmann,katharina410@gmail.com,Rotterdam,South Holland,Netherlands,2023-02-09 12:32:28,Consumer
91464,Kenneth Rogers,kenneth904@icloud.com,Saint-Étienne,Bretagne,France,2023-04-02 12:35:06,Consumer
13964,Pedro Sanchez,pedro.sanchez@gmail.com,Brisbane,Queensland,Australia,2022-12-26 11:09:22,Small Business
33311,Henry Brown,henry.brown@gmail.com,Cardiff,Northern Ireland,United Kingdom,2024-07-14 18:40:16,Small Business
66094,Aishwarya Gupta,aishwarya473@protonmail.com,Sunderland,Scotland,United Kingdom,2023-09-24 19:01:30,Consumer
68136,Linda Baker,linda644@protonmail.com,Boston,Massachusetts,United States,2024-12-04 11:36:35,Consumer
62225,Donna Howard,donna.how@icloud.com,Adelaide,Western Australia,Australia,2023-03-07 17:51:45,Consumer
79114,Michelle Martin,michelle95@yahoo.com,Rennes,Pays de la Loire,France,2023-11-11 11:07:15,Consumer
94902,Michelle Ward,michelle_war@icloud.com,Nijmegen,North Holland,Netherlands,2023-08-07 19:02:36,Consumer
95624,Beatriz Ruiz,beatrizrui@outlook.com,Quebec City,New Brunswick,Canada,2024-09-22 07:27:52,Consumer
82747,Yong Cao,yong240@gmail.com,Toulouse,Grand Est,France,2023-05-20 03:37:43,Consumer
99228,Mia Diaz,miadiaz@hotmail.com,Cologne,Saxony,Germany,2023-10-07 17:46:15,Small Business
33564,Joshua Nelson,jnelson@gmail.com,Nice,Normandie,France,2023-09-06 12:34:14,Consumer
96545,Tyrone Okafor,tyrone_okafor@outlook.com,Halifax,Nova Scotia,Canada,2022-06-21 18:52:11,Consumer
99700,Pedro Sanchez,pedro864@protonmail.com,Cologne,Berlin,Germany,2022-09-10 12:51:52,Small Business
49929,Theo Leroy,theo71@icloud.com,Montreal,Quebec,Canada,2024-05-08 13:06:21,Consumer
73839,Hannah Roberts,hannah_roberts@gmail.com,Sherbrooke,British Columbia,Canada,2023-06-18 22:44:42,Small Business
55690,Steven Harris,steven960@gmail.com,Goiânia,São Paulo,Brazil,2023-05-20 10:41:30,Consumer
37648,Ashley Reed,areed@gmail.com,Halifax,Newfoundland,Canada,2022-06-10 07:50:45,Small Business
92291,Ute Klein,ute.kle@gmail.com,Bhopal,Punjab,India,2023-07-07 14:39:05,Consumer
39495,Franziska Bauer,franziska382@gmail.com,Newcastle,Australian Capital Territory,Australia,2024-01-15 14:13:08,Consumer
29619,Ritu Walker,ritu490@gmail.com,Vancouver,British Columbia,Canada,2024-01-06 20:28:36,Consumer
23839,Ying Liang,ying242@outlook.com,Munich,Bavaria,Germany,2024-11-16 08:32:34,Consumer
88455,Thomas White,twhite@gmail.com,Liverpool,Northern Ireland,United Kingdom,2024-05-26 17:05:37,Consumer
10664,Layla Ibrahim,librahim@gmail.com,Hiroshima,Tokyo,Japan,2024-06-25 19:39:58,Small Business
68753,Laura Taylor,ltaylor@gmail.com,Bhopal,Karnataka,India,2022-08-31 21:45:07,Consumer
75960,Hannah Reed,hannah259@gmail.com,Pune,Kerala,India,2023-02-10 19:44:04,Small Business
77565,Betty Jackson,betty.jackson@gmail.com,Frankfurt,Hesse,Germany,2024-10-03 13:01:05,Consumer
12138,Li Huang,lihuang@gmail.com,Plymouth,Northern Ireland,United Kingdom,2023-05-13 12:41:46,Small Business
34474,Anil Chatterjee,achatterjee@icloud.com,Plymouth,Wales,United Kingdom,2022-10-18 15:56:06,Consumer
61569,Sebastian Perez,sperez@gmail.com,Tokyo,Tokyo,Japan,2023-11-08 15:17:56,Consumer
36875,Huda Hamdan,hhamdan@gmail.com,San Diego,California,United States,2022-09-13 13:34:55,Enterprise
64977,Imani Diallo,imani64@protonmail.com,Sydney,New South Wales,Australia,2022-12-28 08:07:22,Small Business
75923,Richard Parker,rparker@gmail.com,London,England,United Kingdom,2023-12-29 03:20:56,Consumer
91499,Manuel Torres,manuel_torres@yahoo.com,Cardiff,Northern Ireland,United Kingdom,2023-02-02 17:48:40,Consumer
81097,Yan Huang,yan.hua@icloud.com,Gold Coast,Australian Capital Territory,Australia,2024-01-16 09:51:18,Consumer
83932,Anthony Bell,anthony245@protonmail.com,Recife,Santa Catarina,Brazil,2024-06-03 16:23:54,Consumer
43527,Jack Evans,jevans@gmail.com,Strasbourg,Centre-Val de Loire,France,2023-10-30 07:16:35,Small Business
97552,Heike Krüger,hkrger@gmail.com,Brisbane,Queensland,Australia,2023-06-25 18:57:20,Consumer
41529,Steven Green,sgreen@gmail.com,Belém,Espírito Santo,Brazil,2024-10-08 22:39:57,Consumer
69590,Anthony Phillips,anthony.phillips@outlook.com,Jacksonville,South Carolina,United States,2023-05-29 22:57:06,Small Business
65861,Amanda Mitchell,amandamitchell@gmail.com,Rennes,Nouvelle-Aquitaine,France,2023-07-19 22:30:11,Consumer
18734,Manuel Ndiaye,manuel_ndi@gmail.com,Regina,New Brunswick,Canada,2023-11-05 07:27:48,Consumer
72476,Donald Brown,donald759@yahoo.com,Belo Horizonte,Rio de Janeiro,Brazil,2023-08-28 10:06:23,Consumer
47342,Donald Nelson,donald.nelson@gmail.com,Edinburgh,Scotland,United Kingdom,2024-11-06 15:08:05,Consumer
46860,Francesco DeLuca,francescodel@hotmail.com,Recife,Paraná,Brazil,2024-08-10 21:07:38,Consumer
98751,Jurgen Krüger,jurgen.krger@gmail.com,San Diego,California,United States,2023-08-09 12:22:27,Consumer
36408,Daiki Yoshida,daikiyos@outlook.com,Sydney,New South Wales,Australia,2023-02-28 14:59:01,Consumer
36306,Lakshmi Banerjee,lakshmibanerjee@gmail.com,Strasbourg,Hauts-de-France,France,2023-09-26 18:05:01,Consumer
66546,Juan Zhou,juan.zhou@yahoo.com,Surat,Andhra Pradesh,India,2023-08-21 01:47:39,Small Business
79046,Sara DeLuca,sara610@outlook.com,Bhopal,Gujarat,India,2022-09-11 13:52:23,Consumer
80498,Sophia Richardson,sophia895@gmail.com,Nuremberg,Baden-Württemberg,Germany,2023-03-25 19:10:02,Consumer
49060,Andres Jimenez,ajimenez@outlook.com,Cologne,Lower Saxony,Germany,2024-07-28 11:36:37,Consumer
96755,Fernando Torres,fernandotor@gmail.com,Nashville,Kentucky,United States,2024-09-24 17:19:06,Consumer
30343,Paul Allen,paul.all@outlook.com,Kawasaki,Tokyo,Japan,2022-07-04 10:52:35,Consumer
77037,Vittoria Bruno,vittoria823@gmail.com,Hamburg,Hamburg,Germany,2023-05-12 10:06:15,Consumer
84869,Malik Camara,malik_cam@yahoo.com,Groningen,Drenthe,Netherlands,2022-11-06 09:31:15,Consumer
46298,Meera Kulkarni,meerakulkarni@yahoo.com,Kitakyushu,Hyogo,Japan,2024-10-14 07:02:34,Enterprise
44460,Emily Collins,ecollins@outlook.com,Bhopal,Maharashtra,India,2024-05-12 21:18:11,Consumer
12886,Andres Moreno,andresmoreno@gmail.com,Toulouse,Bourgogne-Franche-Comté,France,2022-10-22 20:02:49,Enterprise
60235,Ming Yang,ming.yang@hotmail.com,Manaus,Ceará,Brazil,2024-04-03 13:44:34,Consumer
76708,Charles Lewis,clewis@outlook.com,Houston,Texas,United States,2023-01-21 11:37:50,Consumer
75837,Birgit Bauer,birgit311@gmail.com,Breda,Utrecht,Netherlands,2024-11-24 20:49:55,Consumer
87009,Nancy Turner,nancy_turner@gmail.com,Kawasaki,Tokyo,Japan,2023-02-06 14:02:36,Consumer
56179,Grace Thomas,gracetho@icloud.com,Lille,Normandie,France,2022-10-23 03:38:31,Consumer
41802,Brian Allen,ballen@yahoo.com,The Hague,Zeeland,Netherlands,2024-09-03 12:22:19,Small Business
98096,Karen Edwards,kedwards@outlook.com,Brasília,São Paulo,Brazil,2024-06-20 13:11:29,Consumer
30589,Sophia Allen,sophia.allen@gmail.com,Bielefeld,Berlin,Germany,2024-11-24 15:42:12,Small Business
52814,Marco Romano,mromano@outlook.com,Gold Coast,Victoria,Australia,2024-06-16 09:02:18,Consumer
94844,Patricia Bailey,patricia603@outlook.com,Wuppertal,Brandenburg,Germany,2024-12-24 22:48:34,Consumer
63271,Jorge Alvarez,jorge13@icloud.com,Kanpur,Maharashtra,India,2024-04-08 19:41:31,Consumer
47341,Na Liang,na761@outlook.com,Kobe,Hiroshima,Japan,2024-10-14 09:11:53,Consumer
97324,George Murphy,georgemurphy@outlook.com,Portland,Oregon,United States,2023-11-08 17:35:59,Consumer
97889,Hui Yang,huiyang@gmail.com,Campinas,Bahia,Brazil,2024-06-19 13:02:43,Consumer
49096,Nancy Johnson,nancy.joh@outlook.com,Belém,Bahia,Brazil,2023-05-10 20:15:36,Consumer
35578,Emily Murphy,emilymur@protonmail.com,Jacksonville,Massachusetts,United States,2022-06-08 13:24:03,Consumer
91271,Luis Rivera,luis.riv@protonmail.com,Windsor,Quebec,Canada,2023-03-14 11:14:52,Consumer
42325,Lena Klein,lena.kle@gmail.com,Nijmegen,Gelderland,Netherlands,2022-06-15 10:01:55,Consumer
33318,Luis Ortiz,lortiz@gmail.com,Milwaukee,Michigan,United States,2022-11-10 15:43:39,Small Business
22677,Femi Okonkwo,fokonkwo@gmail.com,Breda,Zeeland,Netherlands,2024-03-17 12:14:30,Consumer
54576,Emma Thompson,ethompson@outlook.com,Brighton,Scotland,United Kingdom,2022-12-10 10:21:47,Small Business
88905,Hannah Bell,hannah.bell@gmail.com,Nashville,Texas,United States,2024-04-18 18:39:21,Small Business
81935,Antonio Moreno,antonio586@gmail.com,Jacksonville,Minnesota,United States,2022-06-13 21:14:07,Consumer
39171,Manoj Nair,manojnair@gmail.com,Barrie,Quebec,Canada,2023-03-10 14:34:02,Small Business
43515,Rekha Shah,rekhasha@yahoo.com,Manaus,Ceará,Brazil,2023-08-03 21:22:32,Small Business
98012,Claudia Aguilar,caguilar@protonmail.com,The Hague,Friesland,Netherlands,2023-04-06 02:12:30,Enterprise
15300,Chloe Walker,chloewal@yahoo.com,Belo Horizonte,Espírito Santo,Brazil,2023-02-27 15:47:25,Small Business
89435,Jun Tang,jtang@protonmail.com,Recife,Minas Gerais,Brazil,2023-01-03 19:02:48,Enterprise
49285,Bilal Ahmed,bilal.ahmed@gmail.com,Brighton,Wales,United Kingdom,2024-04-19 17:26:35,Small Business
68840,Juan Zheng,jzheng@gmail.com,Manaus,Amazonas,Brazil,2024-04-14 12:41:31,Small Business
84749,Fernando Hernandez,fernando_her@yahoo.com,São Paulo,São Paulo,Brazil,2023-03-04 11:09:42,Small Business
60032,Jack Thomas,jack.thomas@outlook.com,Dallas,Texas,United States,2022-07-04 21:36:27,Consumer
40419,Aiden Robinson,aiden27@protonmail.com,Newcastle,Queensland,Australia,2022-09-16 13:36:42,Consumer
43151,Michael Hall,michael388@outlook.com,Perth,Western Australia,Australia,2024-09-17 20:00:12,Small Business
70560,Leon Schwarz,lschwarz@gmail.com,Saint-Étienne,Bourgogne-Franche-Comté,France,2022-10-13 13:27:07,Consumer
11996,Tyrone Cisse,tyronecisse@icloud.com,Vancouver,British Columbia,Canada,2022-09-19 20:41:53,Enterprise
16387,Ananya Mukherjee,ananya122@yahoo.com,Chennai,Tamil Nadu,India,2024-11-20 12:54:02,Consumer
99801,Susan Cooper,scooper@icloud.com,Toulon,Pays de la Loire,France,2022-12-10 20:02:06,Consumer
45668,Hannah Weber,hweber@icloud.com,Chiba,Hokkaido,Japan,2024-07-04 10:55:42,Consumer
26793,Lea Petit,lpetit@icloud.com,Surat,Madhya Pradesh,India,2023-09-08 21:07:47,Small Business
36561,Joseph Parker,jparker@outlook.com,São Paulo,São Paulo,Brazil,2023-11-29 12:55:21,Enterprise
16008,Sharon Hall,sharon677@hotmail.com,Essen,Hamburg,Germany,2022-10-03 22:48:42,Consumer
49493,Antonio Jimenez,antonio.jim@icloud.com,Sherbrooke,British Columbia,Canada,2023-06-16 21:19:27,Consumer
82716,Birgit Fischer,birgit_fischer@gmail.com,Sherbrooke,British Columbia,Canada,2024-10-05 19:04:50,Small Business
28151,Akosua Okafor,akosuaokafor@protonmail.com,Ghaziabad,Bihar,India,2024-12-14 11:36:45,Enterprise
66975,Hector Sanchez,hector366@protonmail.com,Eindhoven,South Holland,Netherlands,2023-04-30 05:14:19,Consumer
50202,Harper Reed,harper572@gmail.com,Mumbai,Maharashtra,India,2023-09-08 05:48:17,Consumer
55826,Sandra Edwards,sandra847@gmail.com,Nantes,Occitanie,France,2024-12-03 20:46:59,Consumer
44021,Henry Howard,henry170@yahoo.com,Tokyo,Tokyo,Japan,2022-09-19 16:36:38,Enterprise
48992,Henry Martin,henry506@gmail.com,Sydney,New South Wales,Australia,2023-02-03 13:58:36,Consumer
72846,Neha Shah,neha274@icloud.com,Edinburgh,Scotland,United Kingdom,2024-11-21 15:22:40,Consumer
16968,Dina Ibrahim,dina.ibr@yahoo.com,Kitchener,Quebec,Canada,2024-05-05 10:00:51,Consumer
43181,Amanda Anderson,amanda_and@gmail.com,Geelong,Western Australia,Australia,2024-10-08 18:31:39,Small Business
16432,Khalid Yousef,khalid_you@outlook.com,Eindhoven,Flevoland,Netherlands,2022-12-12 18:05:44,Consumer
87023,Dong-hyun Hwang,donghyun.hwa@gmail.com,Groningen,Gelderland,Netherlands,2022-07-30 21:30:34,Consumer
47386,Emma Cook,emma351@gmail.com,Belém,Goiás,Brazil,2022-08-03 14:31:16,Consumer
73927,Chloe Stewart,cstewart@outlook.com,Bochum,Berlin,Germany,2024-02-05 08:19:21,Consumer
80493,Lucia Ramirez,luciaramirez@yahoo.com,Hobart,Victoria,Australia,2022-07-02 13:13:07,Enterprise
74651,Aurora Costa,aurora.costa@yahoo.com,Patna,Andhra Pradesh,India,2024-12-18 15:43:29,Consumer
36535,David Carter,david529@gmail.com,Hiroshima,Hokkaido,Japan,2024-04-08 09:32:23,Enterprise
24673,Priya Shah,pshah@gmail.com,Cologne,Saxony,Germany,2023-01-20 14:36:07,Small Business
50847,Francisco Mendoza,fmendoza@outlook.com,Bordeaux,Occitanie,France,2022-10-03 12:30:05,Consumer
99446,Lan Xie,lan.xie@protonmail.com,Darwin,Australian Capital Territory,Australia,2024-10-22 14:12:22,Consumer
88985,Zahra Hamdan,zhamdan@gmail.com,Cardiff,Wales,United Kingdom,2024-05-22 18:52:17,Consumer
62324,Stefan Fischer,sfischer@yahoo.com,Dresden,North Rhine-Westphalia,Germany,2023-04-13 14:05:25,Consumer
33350,Rashid Najjar,rashid646@gmail.com,Halifax,Ontario,Canada,2023-04-02 16:18:16,Consumer
40187,Yong He,yonghe@gmail.com,Canberra,Northern Territory,Australia,2024-07-11 13:06:28,Consumer
78194,Christopher Scott,cscott@gmail.com,Fortaleza,Santa Catarina,Brazil,2022-10-01 11:38:20,Consumer
52163,Andres Reyes,andres459@protonmail.com,Leipzig,North Rhine-Westphalia,Germany,2024-02-07 19:39:04,Consumer
17097,Samira Najjar,samiranajjar@icloud.com,Bonn,Hesse,Germany,2024-09-30 20:30:17,Consumer
72947,Melissa Stewart,melissa_stewart@hotmail.com,Geelong,Queensland,Australia,2023-10-17 19:14:45,Small Business
91745,Tao Gao,tao859@gmail.com,Vadodara,Rajasthan,India,2022-07-05 19:54:07,Consumer
73913,Sebastian Lange,sebastian.lan@gmail.com,Campinas,Espírito Santo,Brazil,2024-10-14 18:31:47,Consumer
48971,Fatima Aziz,faziz@outlook.com,Sydney,New South Wales,Australia,2024-04-08 22:39:39,Consumer
25806,Anthony Young,anthony.young@gmail.com,Recife,Santa Catarina,Brazil,2024-11-26 19:02:27,Consumer
21654,Isabella Diaz,isabella.dia@gmail.com,Hanover,Rhineland-Palatinate,Germany,2023-07-06 11:53:01,Consumer
31021,Rekha Bose,rekhabose@gmail.com,Los Angeles,California,United States,2024-05-22 13:06:45,Consumer
34088,Sarah Johnson,sjohnson@icloud.com,Nashville,Georgia,United States,2024-01-05 14:23:27,Consumer
49896,Yong Zhou,yong112@gmail.com,Leicester,Wales,United Kingdom,2023-11-14 20:57:43,Consumer
20096,William Cooper,william_coo@gmail.com,Ottawa,Ontario,Canada,2023-09-24 10:52:48,Consumer
83565,Edward Collins,edward811@icloud.com,Canberra,New South Wales,Australia,2024-06-17 15:34:28,Consumer
20307,Laura Parker,lauraparker@outlook.com,Toulon,Pays de la Loire,France,2022-10-13 12:19:30,Consumer
80403,Charles Okeke,charles_okeke@gmail.com,Victoria,Nova Scotia,Canada,2023-08-10 13:03:26,Consumer
39160,Brian Stewart,brian211@gmail.com,Stuttgart,Baden-Württemberg,Germany,2022-10-15 13:10:59,Consumer
92326,Teresa Romero,teresa.romero@gmail.com,Canberra,Australian Capital Territory,Australia,2024-08-27 19:02:34,Consumer
80147,Hamza Sayegh,hamza.say@outlook.com,Brasília,Rio de Janeiro,Brazil,2024-12-12 13:31:18,Consumer
69582,Timothy Robinson,trobinson@outlook.com,Dallas,Texas,United States,2022-09-29 07:52:10,Consumer
70448,Mamadou Diallo,mamadoudiallo@protonmail.com,Boston,Massachusetts,United States,2022-08-12 13:22:42,Consumer
21470,Stefano Rizzo,stefanoriz@outlook.com,Rotterdam,South Holland,Netherlands,2022-09-19 12:26:01,Small Business
77071,Franziska Werner,franziska_werner@gmail.com,Wolverhampton,Northern Ireland,United Kingdom,2024-08-25 09:59:14,Consumer
46909,Sung-min Seo,sungmin380@gmail.com,Amsterdam,North Holland,Netherlands,2024-12-10 08:49:52,Consumer
72331,Gang Tang,gtang@gmail.com,Columbus,North Carolina,United States,2022-12-25 15:12:55,Small Business
92843,Rin Inoue,rinino@gmail.com,Hanover,Hesse,Germany,2022-12-19 13:47:37,Consumer
17831,Rosa Lopez,rlopez@outlook.com,Curitiba,Rio de Janeiro,Brazil,2024-10-16 17:45:51,Consumer
93241,Elijah White,ewhite@yahoo.com,Nagoya,Hiroshima,Japan,2024-08-06 03:28:07,Consumer
72340,Daniel Brown,daniel_bro@gmail.com,Kobe,Saitama,Japan,2024-03-23 15:43:52,Consumer
95394,Nisha Verma,nverma@yahoo.com,Saint-Étienne,Île-de-France,France,2023-02-08 15:23:21,Consumer
60903,Marion Durand,marion.durand@hotmail.com,San Jose,California,United States,2023-06-11 19:41:49,Consumer
89452,Daniela Castillo,daniela.castillo@gmail.com,Bordeaux,Occitanie,France,2024-03-17 18:02:45,Consumer
50551,So-yeon Park,spark@hotmail.com,Nijmegen,Limburg,Netherlands,2023-09-18 12:07:34,Small Business
83375,Francesca Colombo,francescacol@outlook.com,Montreal,Quebec,Canada,2023-05-14 14:50:32,Small Business
43530,Isabella Reyes,isabella769@outlook.com,Phoenix,Arizona,United States,2022-06-11 19:55:24,Consumer
46795,Betty Morris,bmorris@protonmail.com,Amsterdam,North Holland,Netherlands,2024-03-05 11:17:35,Small Business
15671,Joseph Carter,joseph.car@gmail.com,London,England,United Kingdom,2023-09-24 12:46:15,Consumer
48481,Felix Schmitt,felixschmitt@gmail.com,Guarulhos,Distrito Federal,Brazil,2024-08-01 16:23:14,Enterprise
49055,Henry Brown,hbrown@outlook.com,Bielefeld,Berlin,Germany,2023-01-03 14:02:10,Consumer
24868,Lisa Edwards,lisaedw@yahoo.com,Bhopal,Rajasthan,India,2023-01-17 00:33:52,Consumer
63456,Caleb Cook,caleb_coo@gmail.com,Charlotte,Connecticut,United States,2023-12-12 20:37:29,Consumer
80677,John Hall,john755@gmail.com,Almere,Groningen,Netherlands,2024-05-10 18:25:35,Consumer
86873,Kenneth Phillips,kphillips@gmail.com,Ghaziabad,West Bengal,India,2023-10-18 14:52:36,Consumer
74657,Juan Liang,jliang@protonmail.com,Belém,Goiás,Brazil,2022-06-23 19:22:25,Small Business
20828,Elijah Adams,elijahadams@outlook.com,Essen,Lower Saxony,Germany,2024-05-10 10:05:46,Enterprise
22700,Catalina Castillo,catalina89@outlook.com,Montpellier,Nouvelle-Aquitaine,France,2023-02-04 11:10:24,Consumer
93115,Mia Roberts,miarob@protonmail.com,Melbourne,Victoria,Australia,2023-09-19 10:38:50,Consumer
14718,Suresh Bhat,suresh.bhat@yahoo.com,São Luís,Espírito Santo,Brazil,2024-03-16 11:30:43,Enterprise
84281,Hector Reyes,hectorrey@icloud.com,Manaus,Rio de Janeiro,Brazil,2024-01-13 15:15:25,Consumer
84881,Ryan Thompson,rthompson@gmail.com,Toulouse,Occitanie,France,2024-12-01 08:28:00,Consumer
79826,Adriana Gonzalez,adriana_gon@gmail.com,Sakai,Kyoto,Japan,2023-07-27 14:50:09,Consumer
96086,Olivia Murphy,olivia992@icloud.com,Townsville,Queensland,Australia,2024-07-02 13:15:38,Consumer
16900,Qing Liang,qing468@protonmail.com,Melbourne,Victoria,Australia,2022-07-16 11:14:51,Consumer
67567,Marisol Martinez,marisolmartinez@yahoo.com,Münster,Saxony,Germany,2023-09-30 11:34:22,Consumer
92000,Donna Martin,donnamar@outlook.com,Groningen,Drenthe,Netherlands,2024-06-08 12:05:49,Small Business
40473,Joshua Thompson,joshua937@yahoo.com,Edmonton,Saskatchewan,Canada,2022-07-19 13:20:40,Consumer
69875,Valentina Martinez,valentina.martinez@outlook.com,Jacksonville,Massachusetts,United States,2024-03-31 23:11:36,Consumer
23297,Donald Cox,donald.cox@yahoo.com,San Diego,California,United States,2023-07-05 19:07:28,Consumer
67056,Wei Lin,wei.lin@gmail.com,Windsor,Newfoundland,Canada,2024-11-14 06:16:25,Consumer
13875,Amelia Davis,amelia.dav@gmail.com,Manchester,England,United Kingdom,2023-01-13 13:22:45,Consumer
81964,Charles Wright,charles749@yahoo.com,Campinas,Santa Catarina,Brazil,2023-08-20 17:20:36,Consumer
24530,Amelia Rogers,amelia624@gmail.com,Surat,Telangana,India,2023-07-19 18:54:27,Small Business
43038,Ying Hu,ying.hu@gmail.com,Saitama,Saitama,Japan,2022-10-24 14:21:56,Consumer
19419,Do-yun Kim,doyun.kim@yahoo.com,Plymouth,Wales,United Kingdom,2023-12-23 13:56:02,Consumer
22964,Camila Sanchez,csanchez@outlook.com,Lucknow,Kerala,India,2024-02-16 10:57:40,Consumer
88068,Marion Conti,marion895@gmail.com,Barrie,Quebec,Canada,2023-12-15 19:45:21,Consumer
10205,John Collins,jcollins@outlook.com,São Luís,Rio Grande do Sul,Brazil,2024-01-19 23:33:38,Consumer
52363,Ava Roberts,ava412@gmail.com,Barrie,Nova Scotia,Canada,2023-01-29 11:06:33,Small Business
60044,Jules Simon,jules.simon@gmail.com,Saskatoon,British Columbia,Canada,2023-05-23 21:19:54,Small Business
82622,Amadou Adeyemi,amadouadeyemi@gmail.com,Oshawa,Newfoundland,Canada,2023-09-17 21:18:28,Small Business
77507,Jack Taylor,jack.tay@outlook.com,Sapporo,Aichi,Japan,2024-05-21 18:32:02,Consumer
58944,Donna Miller,donna.miller@gmail.com,Brasília,Pará,Brazil,2022-08-21 14:47:07,Consumer
37149,Yuto Kato,yuto.kato@protonmail.com,New York,New York,United States,2024-04-10 18:17:03,Consumer
73077,Ricardo Lopez,ricardo31@outlook.com,Thane,Telangana,India,2022-12-22 15:19:05,Consumer
99379,Adriana Reyes,adriana.rey@gmail.com,Porto Alegre,São Paulo,Brazil,2024-05-18 18:08:41,Consumer
70347,Anil Sharma,anil835@yahoo.com,Nagpur,Kerala,India,2023-01-31 12:24:34,Consumer
84551,Mason Bailey,mason_bailey@gmail.com,Windsor,Nova Scotia,Canada,2023-09-28 11:33:12,Consumer
25653,Jack Brown,jack442@outlook.com,Utrecht,South Holland,Netherlands,2023-04-12 18:34:45,Consumer
34294,Mei Yang,mei810@icloud.com,Jacksonville,Kentucky,United States,2022-09-07 06:00:04,Consumer
71431,Kevin Cook,kevin158@gmail.com,Columbus,New York,United States,2024-09-18 19:16:10,Consumer
61371,Cheng Lin,clin@outlook.com,Leicester,Scotland,United Kingdom,2024-03-24 16:43:20,Small Business
89536,Michael Taylor,mtaylor@protonmail.com,Almere,North Brabant,Netherlands,2023-08-23 21:34:43,Consumer
54977,Akosua Traore,akosua426@gmail.com,Nijmegen,Friesland,Netherlands,2023-04-10 18:56:57,Consumer
94264,Ryan Reed,rreed@protonmail.com,Reims,Normandie,France,2024-03-21 19:09:24,Consumer
69825,Susan Brown,sbrown@gmail.com,Delhi,Delhi,India,2024-07-26 21:49:44,Enterprise
82938,Giulia Russo,giulia_russo@gmail.com,Birmingham,England,United Kingdom,2023-05-22 11:37:44,Consumer
18858,Mamadou Toure,mamadou_toure@yahoo.com,Darwin,Victoria,Australia,2023-09-19 19:59:57,Consumer
43363,Jun Sun,jsun@gmail.com,Edmonton,New Brunswick,Canada,2023-10-28 14:17:38,Consumer
38634,Betty Carter,betty647@gmail.com,Hamilton,New Brunswick,Canada,2024-09-08 19:46:42,Consumer
99612,Sunita Malhotra,sunita423@yahoo.com,Amsterdam,North Holland,Netherlands,2024-07-30 08:10:56,Small Business
21103,Pooja Das,pdas@gmail.com,Jacksonville,North Carolina,United States,2023-04-19 13:41:35,Small Business
31434,James Richardson,jamesric@yahoo.com,Hanover,Brandenburg,Germany,2022-08-19 10:12:49,Consumer
49273,Mathieu Garcia,mathieu54@outlook.com,Jaipur,Andhra Pradesh,India,2024-05-30 16:27:47,Consumer
97444,Daniel Ward,daniel.ward@gmail.com,Quebec City,Manitoba,Canada,2023-04-19 20:47:07,Consumer
53407,Beatriz Cruz,beatriz_cruz@gmail.com,Brisbane,Queensland,Australia,2023-11-15 18:52:27,Consumer
80252,Donna Mitchell,donna825@icloud.com,Melbourne,Victoria,Australia,2022-12-14 13:40:15,Consumer
91211,James Sanchez,james364@gmail.com,Almere,Utrecht,Netherlands,2023-02-25 19:13:42,Consumer
46769,Valentina Perez,valentina136@outlook.com,Belo Horizonte,Paraná,Brazil,2024-04-06 16:54:36,Small Business
70145,Min-jun Oh,minjun603@gmail.com,Grenoble,Bourgogne-Franche-Comté,France,2022-06-03 22:48:42,Consumer
14753,Femi Ndiaye,fndiaye@gmail.com,Gold Coast,Northern Territory,Australia,2023-09-07 20:05:01,Consumer
66997,Daniel Allen,daniel_allen@gmail.com,Bochum,North Rhine-Westphalia,Germany,2024-08-16 19:07:26,Small Business
66591,Juan Zheng,jzheng@protonmail.com,Mumbai,Maharashtra,India,2022-07-12 16:35:13,Consumer
58152,Thomas Nelson,tnelson@outlook.com,Ahmedabad,Delhi,India,2024-07-22 21:06:03,Small Business
62438,Alice Leroy,alice.ler@gmail.com,Quebec City,Newfoundland,Canada,2024-05-24 13:11:39,Consumer
23818,Ronald Green,ronald461@yahoo.com,Brasília,Mato Grosso,Brazil,2024-07-16 14:18:00,Small Business
50838,Cesar Medina,cesar.medina@gmail.com,Brasília,Goiás,Brazil,2022-12-22 12:49:13,Consumer
88593,Grace Perez,grace889@gmail.com,Fukuoka,Hyogo,Japan,2023-05-08 17:49:41,Small Business
32994,Aisha Okafor,aisha.oka@protonmail.com,Osaka,Osaka,Japan,2024-06-09 10:41:46,Small Business
48020,Rahul Pillai,rahul859@gmail.com,Ghaziabad,West Bengal,India,2024-11-20 14:52:19,Consumer
82341,Carol Johnson,carol574@icloud.com,Birmingham,England,United Kingdom,2024-04-13 18:43:50,Consumer
68282,Peng Zheng,peng_zheng@outlook.com,Kanpur,Tamil Nadu,India,2023-02-01 19:40:20,Consumer
72563,Shreya Nair,shreya.nai@outlook.com,Hiroshima,Osaka,Japan,2024-04-22 17:12:35,Consumer
71819,Edward Davis,edward206@gmail.com,Birmingham,England,United Kingdom,2024-02-03 12:52:09,Consumer
23030,Matthew Scott,matthew_scott@gmail.com,Sakai,Osaka,Japan,2024-07-17 13:55:26,Consumer
68371,Ananya Mukherjee,amukherjee@protonmail.com,Rio de Janeiro,Rio de Janeiro,Brazil,2023-03-13 03:17:02,Small Business
34915,Rashid Said,rsaid@outlook.com,Fortaleza,Distrito Federal,Brazil,2024-11-23 19:49:44,Consumer
25342,Bo Deng,bdeng@icloud.com,Nantes,Normandie,France,2024-10-04 11:55:51,Consumer
29501,Ahmed Saleh,ahmed961@hotmail.com,Breda,Zeeland,Netherlands,2024-05-03 17:42:38,Small Business
72314,Ricardo Flores,ricardo980@gmail.com,Nijmegen,North Brabant,Netherlands,2024-04-06 13:47:07,Consumer
71912,Adaeze Michel,adaeze729@icloud.com,Geelong,New South Wales,Australia,2024-06-22 10:28:07,Consumer
25589,Anthony Williams,anthony507@gmail.com,Surat,Bihar,India,2024-01-29 12:22:53,Consumer
16099,Lakshmi Bhat,lakshmibha@gmail.com,Almere,Utrecht,Netherlands,2024-12-21 12:14:57,Consumer
70429,Mia Young,miayoung@gmail.com,Charlotte,Missouri,United States,2023-05-01 09:21:27,Consumer
29404,Sita Verma,sita931@gmail.com,Seattle,Washington,United States,2023-05-26 14:50:25,Small Business
63923,Mathieu Simon,mathieu.sim@gmail.com,Portland,Oregon,United States,2023-08-10 13:54:09,Consumer
23702,Steven Edwards,sedwards@yahoo.com,London,England,United Kingdom,2022-06-10 20:59:46,Consumer
71983,Marisol Martinez,marisol431@gmail.com,Chicago,Illinois,United States,2024-11-05 17:52:26,Small Business
63662,Isabella Gomez,isabella.gomez@protonmail.com,Houston,Texas,United States,2022-08-28 11:33:22,Consumer
54130,Chao Song,chao724@outlook.com,Saitama,Tokyo,Japan,2022-08-06 14:45:23,Enterprise
29666,Ines Medina,inesmedina@gmail.com,Curitiba,Bahia,Brazil,2022-11-01 18:38:56,Small Business
12047,Nour Khalil,nour_khalil@gmail.com,Paris,Île-de-France,France,2024-11-14 22:35:52,Consumer
85703,Lena Zimmermann,lenazim@gmail.com,Jacksonville,South Carolina,United States,2023-10-19 18:44:46,Consumer
21870,Ethan Hall,ethan.hal@outlook.com,Belo Horizonte,Rio Grande do Sul,Brazil,2022-12-08 10:31:56,Consumer
74510,Claudia Hernandez,claudia.hernandez@gmail.com,Leeds,England,United Kingdom,2023-07-30 08:20:53,Consumer
55840,Zainab Eze,zeze@protonmail.com,Bremen,Lower Saxony,Germany,2022-08-26 21:49:09,Consumer
24019,Wei Allen,wei246@icloud.com,Kanpur,Bihar,India,2023-04-15 14:44:45,Small Business
66465,James Edwards,james_edwards@gmail.com,Windsor,New Brunswick,Canada,2023-02-09 09:51:23,Consumer
96704,Farah Farah,farahfarah@protonmail.com,Dallas,Texas,United States,2024-03-09 16:41:01,Consumer
17615,Ji-ho Choi,jchoi@gmail.com,Hamilton,Ontario,Canada,2024-03-27 11:35:38,Consumer
43429,Jennifer Stewart,jennifer148@outlook.com,Rotterdam,South Holland,Netherlands,2024-06-10 22:57:26,Consumer
60115,Leonardo Conti,leonardocon@gmail.com,Wollongong,New South Wales,Australia,2022-06-08 09:48:41,Consumer
38805,Manuel Lopez,manuel.lopez@outlook.com,Ottawa,Ontario,Canada,2023-07-15 14:49:21,Consumer
50004,Vijay Shah,vijay.sha@outlook.com,Leicester,Wales,United Kingdom,2024-06-18 17:58:38,Consumer
63781,Rashid Saleh,rashidsal@gmail.com,Patna,Kerala,India,2024-05-18 21:31:34,Consumer
34989,Alejandra Morales,alejandramor@gmail.com,Bielefeld,Brandenburg,Germany,2022-09-26 17:15:54,Consumer
86365,George Carter,george71@gmail.com,Guarulhos,São Paulo,Brazil,2024-11-04 18:43:28,Enterprise
48795,Anthony Anderson,anthony.and@yahoo.com,Düsseldorf,Lower Saxony,Germany,2024-06-13 11:37:56,Small Business
62179,Soo-ah Kang,skang@protonmail.com,Brasília,Ceará,Brazil,2024-07-26 14:06:27,Consumer
59678,Ava Rogers,ava.rog@gmail.com,Rotterdam,South Holland,Netherlands,2023-02-09 13:17:27,Consumer
36656,Hannah Wright,hannahwright@gmail.com,San Jose,California,United States,2022-08-14 15:40:18,Enterprise
95658,Manon Roux,manon607@yahoo.com,Kumamoto,Saitama,Japan,2024-02-26 10:33:35,Small Business
28223,Betty Murphy,bettymur@icloud.com,Chennai,Tamil Nadu,India,2024-03-20 14:27:18,Consumer
38537,Ashok Patel,ashok_patel@yahoo.com,Salvador,Rio de Janeiro,Brazil,2023-09-09 11:29:12,Small Business
40547,Elizabeth Cooper,elizabethcoo@yahoo.com,Montpellier,Centre-Val de Loire,France,2023-07-17 17:18:04,Consumer
51093,Anjali Chatterjee,achatterjee@outlook.com,Goiânia,Rio de Janeiro,Brazil,2023-01-01 13:45:15,Consumer
68366,Charles Cook,ccook@icloud.com,Hobart,Australian Capital Territory,Australia,2024-05-12 19:05:51,Small Business
87707,Rania Aziz,rania.azi@gmail.com,Thane,Kerala,India,2024-03-07 04:34:33,Consumer
73714,Jennifer Chatterjee,jennifer.chatterjee@gmail.com,Wolverhampton,Wales,United Kingdom,2024-12-09 14:56:01,Consumer
96029,Antonio Mendoza,amendoza@outlook.com,Columbus,Utah,United States,2023-03-27 13:40:50,Small Business
70805,Chae-won Hwang,chaewon.hwang@yahoo.com,Hiroshima,Shizuoka,Japan,2024-04-27 09:53:22,Small Business
41328,Sofia Rodriguez,sofia.rod@outlook.com,London,Nova Scotia,Canada,2024-01-30 14:55:18,Consumer
55700,Abigail Edwards,abigail.edw@gmail.com,Glasgow,Scotland,United Kingdom,2022-11-11 15:03:30,Consumer
87266,Amadou Diallo,amadou173@icloud.com,Almere,North Holland,Netherlands,2024-02-15 13:00:48,Consumer
90573,Tyrone Mensah,tyronemen@icloud.com,Saskatoon,Newfoundland,Canada,2024-07-27 21:24:34,Small Business
21104,Ahmed Ibrahim,ahmed912@gmail.com,Kanpur,Andhra Pradesh,India,2024-01-04 18:41:05,Consumer
68681,Eduardo Cruz,eduardo.cru@yahoo.com,San Jose,California,United States,2023-11-11 15:30:32,Consumer
43441,Ingrid Richter,ingrid.ric@gmail.com,Liverpool,England,United Kingdom,2022-09-21 19:14:41,Consumer
85477,Deepak Bhat,deepak_bha@yahoo.com,Victoria,British Columbia,Canada,2024-01-07 13:18:05,Consumer
22107,Chiara Giordano,cgiordano@gmail.com,Plymouth,Wales,United Kingdom,2023-05-01 17:07:05,Consumer
47105,Chao Guo,chao.guo@outlook.com,Phoenix,Arizona,United States,2024-01-06 13:19:16,Small Business
34645,Misaki Kato,misaki.kat@protonmail.com,Breda,Groningen,Netherlands,2022-07-30 16:45:47,Consumer
75947,Mia Thompson,miatho@gmail.com,Marseille,Provence-Alpes-Côte d'Azur,France,2023-05-16 11:31:42,Consumer
51670,Layla Haddad,layla.haddad@protonmail.com,Brisbane,Queensland,Australia,2024-10-29 18:30:57,Consumer
75927,Ibrahim Farah,ibrahimfarah@gmail.com,Ottawa,British Columbia,Canada,2023-11-16 18:04:16,Small Business
26219,Emily Edwards,eedwards@hotmail.com,Kitakyushu,Hokkaido,Japan,2022-08-24 11:44:56,Consumer
63354,Kofi Cisse,koficis@gmail.com,Toulon,Île-de-France,France,2023-12-07 16:20:05,Consumer
81395,Stefano Marino,stefano_mar@icloud.com,Columbus,Louisiana,United States,2023-11-26 15:40:41,Consumer
26142,John Scott,jscott@protonmail.com,Geelong,South Australia,Australia,2023-02-12 20:59:43,Enterprise
81572,Timothy Wilson,timothy944@gmail.com,Denver,Colorado,United States,2024-07-28 18:18:57,Consumer
47677,Abena Asante,aasante@hotmail.com,Ahmedabad,Karnataka,India,2022-07-13 19:17:06,Consumer
62960,Camille Malhotra,camille.malhotra@outlook.com,Patna,Maharashtra,India,2024-05-08 06:52:24,Small Business
85357,Fatou Asante,fatouasante@gmail.com,Pune,West Bengal,India,2024-06-04 20:08:07,Small Business
87428,Jules Lefebvre,jules_lefebvre@outlook.com,Brighton,England,United Kingdom,2022-07-23 12:48:42,Small Business
84164,Pallavi Agarwal,pagarwal@gmail.com,Cardiff,Scotland,United Kingdom,2023-09-02 12:39:58,Small Business
35314,Juana Aguilar,juana452@icloud.com,Tilburg,South Holland,Netherlands,2024-10-06 17:31:47,Consumer
72813,Brian Collins,briancol@gmail.com,Nantes,Provence-Alpes-Côte d'Azur,France,2022-07-23 22:49:31,Consumer
49859,Chloe Baker,chloebak@icloud.com,Bangalore,Karnataka,India,2024-09-13 12:08:35,Consumer
89852,Lakshmi Das,lakshmidas@protonmail.com,Belém,Goiás,Brazil,2023-10-08 07:53:25,Consumer
61851,Liam Collins,liamcollins@gmail.com,Wollongong,Queensland,Australia,2022-10-11 12:41:36,Small Business
41392,Noah Bailey,nbailey@gmail.com,Fortaleza,Ceará,Brazil,2022-06-27 12:09:59,Consumer
12671,Lucas Michel,lucas814@yahoo.com,Coventry,Northern Ireland,United Kingdom,2024-04-20 11:16:07,Consumer
48597,Hannah Jones,hannah152@outlook.com,Winnipeg,Alberta,Canada,2024-05-24 11:05:11,Consumer
66835,Meera Hegde,meera_hegde@gmail.com,Sunderland,Scotland,United Kingdom,2023-03-21 19:36:39,Small Business
25037,Ama Okonkwo,ama_oko@gmail.com,Lucknow,Karnataka,India,2024-05-14 18:40:20,Consumer
51085,Kenji Yamamoto,kenji424@gmail.com,Kyoto,Kyoto,Japan,2024-02-06 19:09:17,Consumer
67550,Michael Brown,mbrown@outlook.com,Boston,Massachusetts,United States,2024-03-04 19:38:02,Consumer
63909,Caleb Roberts,croberts@icloud.com,Rio de Janeiro,Rio de Janeiro,Brazil,2024-10-13 18:37:18,Consumer
31419,Divya Reddy,divya.reddy@gmail.com,Windsor,Alberta,Canada,2022-09-09 19:26:09,Consumer
21547,Mia Adams,madams@icloud.com,Regina,Quebec,Canada,2023-05-25 01:55:46,Consumer
52379,Jason Chavez,jasoncha@gmail.com,Sapporo,Fukuoka,Japan,2023-09-07 16:33:58,Small Business
15380,Nicolas Andre,nandre@icloud.com,Halifax,Manitoba,Canada,2023-06-15 19:01:04,Consumer
93237,Tyrone Traore,ttraore@gmail.com,Barrie,Nova Scotia,Canada,2023-10-11 00:49:16,Consumer
87041,Antoine Mercier,antoine168@yahoo.com,San Jose,California,United States,2022-07-13 13:42:21,Consumer
91742,Rohan Verma,rverma@outlook.com,San Diego,California,United States,2023-09-01 14:20:09,Consumer
70796,Bo Hu,bohu@outlook.com,Bochum,Berlin,Germany,2023-07-11 14:46:37,Enterprise
68818,Sita Banerjee,sbanerjee@outlook.com,Toronto,Ontario,Canada,2023-08-20 08:31:19,Consumer
59422,Nikhil Joshi,njoshi@protonmail.com,Amsterdam,North Holland,Netherlands,2023-08-29 08:47:56,Consumer
75545,Pascal Dubois,pascaldubois@protonmail.com,Utrecht,Drenthe,Netherlands,2024-05-07 18:38:36,Small Business
50943,George Martin,george.martin@gmail.com,Nottingham,Scotland,United Kingdom,2023-12-04 22:17:43,Consumer
60950,Rin Matsumoto,rmatsumoto@outlook.com,Surat,Gujarat,India,2023-03-26 07:48:50,Consumer
29538,George Turner,george_tur@gmail.com,Regina,Saskatchewan,Canada,2023-12-01 10:20:57,Consumer
53960,Carlos Gonzalez,cgonzalez@yahoo.com,Atlanta,Georgia,United States,2023-01-25 17:27:31,Consumer
69977,Jurgen Hoffmann,jhoffmann@gmail.com,Philadelphia,Pennsylvania,United States,2024-08-30 14:57:51,Small Business
67945,Salma Said,salma.said@outlook.com,Melbourne,Victoria,Australia,2023-12-24 11:50:26,Small Business
43538,Hiroshi Hayashi,hiroshi838@gmail.com,Cologne,Brandenburg,Germany,2024-09-17 16:54:04,Consumer
27171,Susan Murphy,susan.mur@protonmail.com,Groningen,Limburg,Netherlands,2023-06-03 19:59:02,Consumer
82812,Sebastian Zimmermann,sebastianzim@outlook.com,Glasgow,Northern Ireland,United Kingdom,2023-01-06 13:50:11,Small Business
39627,Stefano DeLuca,stefano105@outlook.com,Dresden,Baden-Württemberg,Germany,2024-03-23 22:15:45,Small Business
78123,Patricia Perez,pperez@outlook.com,Sydney,New South Wales,Australia,2023-11-21 17:26:45,Consumer
23919,Oscar Mendoza,omendoza@gmail.com,Adelaide,Queensland,Australia,2024-06-30 21:04:27,Consumer
32578,Hana Said,hana.sai@protonmail.com,Denver,Colorado,United States,2022-11-03 20:40:16,Consumer
30459,Jason Ward,jward@yahoo.com,Boston,Massachusetts,United States,2022-11-15 17:25:19,Consumer
81087,Susan Mitchell,smitchell@outlook.com,Bordeaux,Auvergne-Rhône-Alpes,France,2023-12-30 16:23:44,Consumer
33147,Liam Adams,liam.adams@yahoo.com,Nottingham,Scotland,United Kingdom,2024-05-07 10:58:34,Consumer
47689,Seo-jun Jang,seojun523@protonmail.com,Manaus,Pará,Brazil,2022-09-26 12:32:44,Consumer
67676,Abena Asante,abena_asante@gmail.com,Coventry,Northern Ireland,United Kingdom,2024-05-12 10:36:10,Consumer
29206,Fatou Bauer,fatou.bau@outlook.com,Newcastle,Western Australia,Australia,2023-08-08 13:35:49,Consumer
36356,Sandra Evans,sandra_eva@gmail.com,New York,New York,United States,2022-12-10 10:13:50,Consumer
57113,Margaret Xu,margaret507@gmail.com,Birmingham,England,United Kingdom,2024-11-06 20:16:32,Consumer
94097,Henry Bailey,hbailey@gmail.com,Brisbane,Queensland,Australia,2022-10-11 13:53:27,Consumer
59374,Divya Malhotra,divya_mal@gmail.com,Grenoble,Île-de-France,France,2023-08-07 10:37:27,Consumer
83047,Xiao Huang,xiaohuang@outlook.com,Nice,Normandie,France,2024-02-29 17:46:24,Consumer
84213,Zara Sane,zara806@gmail.com,Cologne,North Rhine-Westphalia,Germany,2023-11-06 10:30:19,Consumer
55155,Vikram Bhat,vbhat@gmail.com,Kyoto,Kyoto,Japan,2024-11-25 20:06:20,Consumer
77999,Ryan Wright,rwright@gmail.com,Munich,Bavaria,Germany,2022-10-22 21:47:16,Small Business
26788,Daniela Ramos,daniela.ram@gmail.com,Bangalore,Karnataka,India,2022-09-05 08:41:51,Consumer
94201,Ines Sanchez,ines.san@icloud.com,Belfast,Northern Ireland,United Kingdom,2022-09-03 19:01:27,Consumer
58782,Carlos Romero,carlos605@protonmail.com,Gold Coast,Northern Territory,Australia,2023-06-22 06:01:35,Consumer
85068,Sandra Rogers,sandra215@gmail.com,Essen,Hamburg,Germany,2023-05-13 16:02:32,Consumer
52420,Donald Smith,donald466@gmail.com,Amsterdam,North Holland,Netherlands,2024-05-08 19:56:45,Consumer
28136,Mateo Mendoza,mateo510@outlook.com,Hamilton,Saskatchewan,Canada,2024-02-10 07:20:53,Consumer
69015,Woo-jin Kang,wkang@outlook.com,Strasbourg,Bretagne,France,2022-06-03 10:28:39,Consumer
39238,Emily Farah,emilyfarah@gmail.com,Canberra,New South Wales,Australia,2023-06-26 12:16:21,Consumer
43013,Ronald Robinson,ronald488@outlook.com,Montpellier,Bretagne,France,2023-02-13 12:44:40,Consumer
93687,Melissa Collins,melissa.collins@protonmail.com,Quebec City,New Brunswick,Canada,2024-07-22 07:09:39,Consumer
35732,Li Zhou,li_zhou@gmail.com,Rotterdam,South Holland,Netherlands,2024-03-29 10:07:23,Consumer
70094,Brian Murphy,brian.murphy@gmail.com,Leipzig,Lower Saxony,Germany,2023-06-10 10:51:06,Consumer
55447,Omar Ibrahim,oibrahim@gmail.com,Grenoble,Occitanie,France,2024-01-08 11:11:54,Small Business
63593,DeShawn Okafor,deshawn_okafor@gmail.com,Philadelphia,Pennsylvania,United States,2023-07-30 14:56:43,Consumer
34927,Xiao Gao,xiao557@gmail.com,Hyderabad,Telangana,India,2023-11-16 13:25:53,Small Business
62183,Lin Guo,lin.guo@icloud.com,Charlotte,Illinois,United States,2024-11-08 09:42:47,Enterprise
23512,Jade Girard,jade.gir@yahoo.com,Kawasaki,Fukuoka,Japan,2023-05-08 20:19:14,Small Business
98142,Kenneth Walker,kenneth587@yahoo.com,Duisburg,Bavaria,Germany,2023-02-13 11:06:19,Consumer
78078,Melissa Wright,mwright@outlook.com,Kobe,Tokyo,Japan,2023-09-23 21:04:57,Consumer
21695,Pranav Banerjee,pranav.ban@icloud.com,Philadelphia,Pennsylvania,United States,2024-12-17 13:12:48,Consumer
36371,Arjun Bose,arjun830@hotmail.com,Sapporo,Hyogo,Japan,2023-03-17 19:57:21,Consumer
65468,Catalina Chavez,cchavez@gmail.com,Strasbourg,Auvergne-Rhône-Alpes,France,2023-06-21 13:50:40,Consumer
29452,Charlotte Martin,charlotte358@outlook.com,Austin,Texas,United States,2023-07-13 17:03:24,Small Business
84317,Tariq Najjar,tariqnajjar@icloud.com,Los Angeles,California,United States,2023-07-19 09:10:13,Enterprise
63596,Santiago Lopez,slopez@icloud.com,Kyoto,Kyoto,Japan,2024-09-09 07:23:34,Consumer
83590,Manuel Ortiz,mortiz@gmail.com,Kitakyushu,Fukuoka,Japan,2022-06-20 12:51:47,Consumer
38693,Kevin Murphy,kevinmurphy@yahoo.com,Quebec City,Manitoba,Canada,2023-05-01 19:46:02,Small Business
13896,Nicolas Andre,nandre@gmail.com,Almere,North Brabant,Netherlands,2024-03-31 14:07:53,Small Business
96206,Sekou Eze,sekou.eze@yahoo.com,Bristol,England,United Kingdom,2023-10-01 06:09:43,Consumer
49523,Liam Hall,liam_hall@gmail.com,Goiânia,Espírito Santo,Brazil,2023-12-21 11:56:01,Consumer
58121,Patricia Adams,patricia_ada@protonmail.com,Columbus,Tennessee,United States,2023-03-06 12:07:31,Consumer
93520,Sharon Robinson,sharonrob@protonmail.com,Dortmund,Rhineland-Palatinate,Germany,2023-12-25 22:23:53,Enterprise
74242,Kimberly Morgan,kmorgan@gmail.com,Almere,Gelderland,Netherlands,2024-09-25 21:36:19,Consumer
30472,Jennifer Davis,jdavis@icloud.com,Utrecht,Drenthe,Netherlands,2023-02-22 22:17:18,Small Business
82399,Claudia Garcia,claudia475@gmail.com,San Diego,California,United States,2022-08-27 10:29:15,Consumer
13139,Pallavi Menon,pmenon@hotmail.com,San Antonio,Texas,United States,2022-11-25 18:04:24,Consumer
91378,Sara Esposito,sara25@gmail.com,Ahmedabad,Uttar Pradesh,India,2024-03-15 09:14:34,Consumer
44410,Claudia Neumann,claudia756@icloud.com,Eindhoven,Zeeland,Netherlands,2022-08-10 17:09:46,Consumer
67990,Daniel Lewis,daniellewis@outlook.com,San Diego,California,United States,2022-11-26 13:56:31,Consumer
20941,Charlotte Howard,charlotte742@yahoo.com,Nice,Bourgogne-Franche-Comté,France,2023-11-25 10:56:23,Consumer
53321,Arthur Leroy,arthur.leroy@outlook.com,Nuremberg,Hamburg,Germany,2024-04-27 22:27:11,Small Business
45976,Sanjay Desai,sanjay.desai@outlook.com,Bhopal,Gujarat,India,2024-08-17 11:13:49,Consumer
42663,Amadou Cisse,amadou_cisse@gmail.com,Adelaide,Queensland,Australia,2022-12-16 19:02:17,Consumer
84182,Hannah Young,hyoung@gmail.com,Grenoble,Occitanie,France,2024-10-10 20:53:31,Consumer
83342,Grace Cooper,gracecooper@icloud.com,Chicago,Illinois,United States,2023-02-18 13:55:31,Consumer
21840,Liam Ward,liam.ward@protonmail.com,Sapporo,Saitama,Japan,2022-09-17 16:48:24,Consumer
67648,Carlos Gomez,cgomez@gmail.com,Perth,Western Australia,Australia,2023-04-01 09:58:19,Consumer
54086,Joshua Walker,joshua964@outlook.com,Paris,Île-de-France,France,2023-10-01 19:01:21,Consumer
57185,Valentina Esposito,vesposito@gmail.com,Halifax,Saskatchewan,Canada,2023-09-28 16:20:23,Consumer
43543,Dorothy Bell,dorothy.bell@gmail.com,Hamilton,Quebec,Canada,2024-09-07 18:01:07,Consumer
29134,Mason Howard,mhoward@outlook.com,Oshawa,Newfoundland,Canada,2024-07-23 11:05:00,Small Business
85666,Kiran Mehta,kmehta@outlook.com,Ahmedabad,Haryana,India,2024-10-09 21:13:30,Consumer
93646,Charles Cooper,ccooper@outlook.com,Nottingham,Northern Ireland,United Kingdom,2024-04-29 06:12:16,Consumer
44985,Ashley Smith,ashley854@outlook.com,Plymouth,Northern Ireland,United Kingdom,2024-08-26 00:46:49,Consumer
19591,Claire Bernard,clairebernard@gmail.com,Guarulhos,Mato Grosso,Brazil,2024-11-10 19:59:48,Enterprise
58862,Kevin Mitchell,kevin622@gmail.com,Philadelphia,Pennsylvania,United States,2023-04-27 21:53:14,Consumer
22510,Jabari Asante,jasante@gmail.com,Fortaleza,Ceará,Brazil,2023-04-27 11:30:47,Small Business
88498,Marisol Cruz,marisol774@outlook.com,Newcastle,Queensland,Australia,2023-08-29 17:57:22,Small Business
80741,Dina Saleh,dsaleh@gmail.com,Almere,Zeeland,Netherlands,2023-03-19 10:13:38,Consumer
79902,Richard Taylor,rtaylor@yahoo.com,Munich,Bavaria,Germany,2023-10-05 18:41:56,Consumer
16568,Matthew Smith,matthew791@protonmail.com,Austin,Texas,United States,2022-11-29 04:50:03,Small Business
34668,Chao Han,chaohan@gmail.com,Brasília,Santa Catarina,Brazil,2023-12-03 02:06:36,Small Business
15560,Matteo Marino,matteo.mar@gmail.com,Amsterdam,North Holland,Netherlands,2024-07-08 17:29:38,Small Business
11835,Anil Verma,anil.verma@hotmail.com,Bordeaux,Nouvelle-Aquitaine,France,2023-12-29 10:12:55,Small Business
14355,Imani Boateng,iboateng@yahoo.com,Thane,Rajasthan,India,2024-02-04 14:22:36,Consumer
90925,Florian Bauer,florianbau@gmail.com,Bhopal,Punjab,India,2024-06-09 16:22:16,Consumer
97687,Miguel Gomez,miguel.gomez@gmail.com,Hanover,Berlin,Germany,2023-05-13 13:50:36,Consumer
10303,Ravi Kulkarni,ravi882@yahoo.com,Groningen,Gelderland,Netherlands,2022-12-02 20:53:34,Consumer
60670,Henry Campbell,henrycampbell@gmail.com,Ballarat,Northern Territory,Australia,2022-12-19 08:41:04,Consumer
95684,Sebastian Schwarz,sebastian.sch@outlook.com,Bielefeld,Bavaria,Germany,2023-03-18 20:17:43,Consumer
90734,Evelyn Johnson,ejohnson@gmail.com,Darwin,Northern Territory,Australia,2022-06-20 17:37:03,Consumer
63345,Dorothy Murphy,dmurphy@yahoo.com,Sydney,New South Wales,Australia,2022-12-25 17:04:45,Consumer
95973,Marisol Jimenez,marisol_jimenez@icloud.com,London,Quebec,Canada,2024-12-14 04:14:27,Consumer
82997,Shu Liang,shu.lia@gmail.com,Duisburg,Rhineland-Palatinate,Germany,2022-11-29 10:06:57,Consumer
61928,Harper Harris,harper_harris@protonmail.com,Essen,Hesse,Germany,2024-12-16 16:07:59,Consumer
92707,Jian Wang,jwang@protonmail.com,Almere,Drenthe,Netherlands,2022-10-27 19:14:50,Consumer
73673,Sebastian Werner,sebastian279@gmail.com,Columbus,Maryland,United States,2024-11-26 19:54:57,Consumer
39114,Andrew Mitchell,andrewmit@outlook.com,Fukuoka,Hokkaido,Japan,2023-11-28 17:44:00,Enterprise
71269,Melissa Miller,mmiller@protonmail.com,Kawasaki,Kanagawa,Japan,2023-11-06 21:51:32,Consumer
86040,Linda Jackson,linda355@outlook.com,Sendai,Chiba,Japan,2024-10-30 19:30:20,Small Business
97643,Emma Andre,emmaandre@outlook.com,Seattle,Washington,United States,2024-02-25 10:27:58,Consumer
58874,Pranav Rao,pranav574@icloud.com,Plymouth,Wales,United Kingdom,2024-04-19 15:31:31,Consumer
90173,Aurelie Faure,afaure@gmail.com,Montpellier,Nouvelle-Aquitaine,France,2024-05-01 14:57:25,Small Business
15953,Liam Morris,lmorris@gmail.com,Lyon,Auvergne-Rhône-Alpes,France,2023-09-29 13:38:32,Enterprise
36335,Nasser Jones,nasserjones@outlook.com,São Luís,Pará,Brazil,2024-03-22 21:21:47,Consumer
11635,Giorgia Rossi,grossi@yahoo.com,Seattle,Washington,United States,2024-01-19 17:54:23,Consumer
25608,Margaret Scott,margaret396@icloud.com,Edinburgh,Scotland,United Kingdom,2023-02-22 12:28:34,Consumer
76299,Simone Traore,simone_tra@gmail.com,Townsville,Northern Territory,Australia,2023-06-11 20:56:27,Small Business
79873,James Sun,james_sun@gmail.com,Hobart,Queensland,Australia,2022-06-09 18:14:37,Small Business
22094,Anthony Cox,anthony.cox@outlook.com,Tokyo,Tokyo,Japan,2022-06-15 12:07:08,Consumer
93513,Mia Walker,mia.walker@protonmail.com,Quebec City,Saskatchewan,Canada,2023-10-19 14:26:00,Small Business
48809,Jun Song,jun_son@outlook.com,Hamburg,Hamburg,Germany,2023-09-28 21:47:40,Small Business
51192,Yan Liang,yan49@protonmail.com,Jaipur,Gujarat,India,2023-10-13 08:37:08,Consumer
77912,Kevin Taylor,kevintay@icloud.com,Visakhapatnam,Andhra Pradesh,India,2023-03-04 15:36:50,Consumer
24419,Marion Morel,mmorel@gmail.com,Guarulhos,São Paulo,Brazil,2024-01-24 08:05:13,Consumer
81891,Elizabeth Morris,elizabeth450@yahoo.com,St. John's,Alberta,Canada,2023-05-11 15:09:18,Enterprise
51533,Yun Wu,yun.wu@gmail.com,Charlotte,Massachusetts,United States,2024-01-18 19:34:58,Consumer
51835,Barbara Davis,bdavis@outlook.com,Duisburg,Hamburg,Germany,2022-09-18 07:48:23,Small Business
19213,Ngozi Okeke,nokeke@gmail.com,Cardiff,Scotland,United Kingdom,2024-03-06 19:39:43,Consumer
71213,Robert White,rwhite@gmail.com,San Jose,California,United States,2022-07-01 07:28:56,Small Business
83866,Gabriele Gallo,gabriele.gallo@protonmail.com,Plymouth,Northern Ireland,United Kingdom,2023-08-13 18:50:21,Consumer
72584,Chloe Murphy,cmurphy@outlook.com,Nijmegen,Zeeland,Netherlands,2024-03-31 10:56:01,Consumer
39872,Karen Anderson,karen883@yahoo.com,Townsville,Western Australia,Australia,2023-08-31 13:27:54,Consumer
74291,Vittoria Ortiz,vittoria.ortiz@outlook.com,Townsville,Northern Territory,Australia,2023-04-13 03:17:37,Small Business
73526,Anil Das,anildas@outlook.com,Los Angeles,California,United States,2023-06-20 16:47:08,Enterprise
21792,James Ward,james_war@protonmail.com,Jaipur,Rajasthan,India,2024-06-18 12:15:28,Consumer
98346,Abigail Wilson,abigail899@protonmail.com,Hamilton,Alberta,Canada,2024-03-06 20:07:36,Consumer
52882,Paolo Richardson,paolo949@outlook.com,Paris,Île-de-France,France,2022-06-25 03:02:17,Consumer
69325,Alice Girard,alice_girard@gmail.com,Denver,Colorado,United States,2024-09-02 04:01:57,Consumer
95355,Xia Huang,xia.hua@yahoo.com,Rennes,Centre-Val de Loire,France,2023-10-24 13:39:24,Consumer
72603,Louise Garcia,louisegarcia@gmail.com,Visakhapatnam,Delhi,India,2023-07-17 12:57:28,Consumer
27120,Ngozi Sane,ngozi.san@hotmail.com,Paris,Île-de-France,France,2023-12-19 15:54:53,Consumer
97322,Simone Eze,simone_eze@outlook.com,Regina,Saskatchewan,Canada,2022-07-13 20:24:41,Consumer
40035,Salma Aziz,salma967@gmail.com,Hiroshima,Tokyo,Japan,2024-09-20 18:11:41,Consumer
94288,Pallavi Nair,pnair@yahoo.com,Reims,Nouvelle-Aquitaine,France,2023-10-05 07:41:15,Small Business
71672,Lucas Harris,lharris@gmail.com,Stuttgart,Berlin,Germany,2023-08-05 09:50:45,Small Business
62468,Caleb Parker,caleb.parker@protonmail.com,Charlotte,Georgia,United States,2024-05-08 20:17:52,Consumer
48688,Thomas Smith,thomas302@gmail.com,Groningen,Gelderland,Netherlands,2024-04-27 21:50:17,Consumer
39360,Kwame Asante,kwame_asa@icloud.com,Nagoya,Nagano,Japan,2024-12-05 13:00:47,Consumer
56354,Patricia Brown,patricia.brown@icloud.com,New York,New York,United States,2024-06-08 11:14:20,Consumer
65737,Ryan Mitchell,rmitchell@protonmail.com,Toulon,Grand Est,France,2024-04-08 13:27:16,Consumer
65622,Shota Parker,shotaparker@gmail.com,Sendai,Kyoto,Japan,2022-09-03 18:41:50,Consumer
89257,Nisha Eze,nisha_eze@outlook.com,Visakhapatnam,Gujarat,India,2023-04-03 02:29:25,Consumer
94654,Ming Han,ming_han@gmail.com,Rio de Janeiro,Rio de Janeiro,Brazil,2022-07-15 20:05:10,Small Business
48950,Ava Evans,aevans@icloud.com,Hiroshima,Hiroshima,Japan,2024-05-29 17:10:29,Consumer
31628,Camila Morales,camila.morales@gmail.com,Amsterdam,North Holland,Netherlands,2024-09-17 13:11:48,Small Business
69426,Lea Martin,lmartin@gmail.com,Kobe,Hyogo,Japan,2024-10-25 14:03:59,Consumer
34869,Rosa Ramos,rosa.ramos@gmail.com,Nantes,Occitanie,France,2024-12-06 14:34:50,Consumer
78463,Giulia Bruno,giuliabruno@outlook.com,Ahmedabad,Bihar,India,2024-05-30 09:02:01,Small Business
39794,Hong Cao,hong720@gmail.com,Curitiba,Rio Grande do Sul,Brazil,2024-11-19 16:01:29,Small Business
43428,Hannah Davis,hannah967@yahoo.com,Brighton,England,United Kingdom,2023-07-31 10:55:15,Consumer
67218,Abigail Cook,abigail_cook@icloud.com,Grenoble,Hauts-de-France,France,2023-10-24 11:59:06,Enterprise
68479,Carmen Rivera,carmen_rivera@gmail.com,Nijmegen,Flevoland,Netherlands,2023-12-22 09:51:44,Small Business
73958,Elizabeth Bell,elizabeth_bell@protonmail.com,Hamburg,Hamburg,Germany,2023-12-19 12:52:02,Small Business
46066,James Cooper,james846@gmail.com,Reims,Bourgogne-Franche-Comté,France,2022-08-09 13:14:42,Consumer
37661,Jason Wilson,jason.wilson@protonmail.com,Chennai,Tamil Nadu,India,2023-04-21 19:18:15,Consumer
24160,Valentina Rivera,valentinarivera@outlook.com,Lyon,Auvergne-Rhône-Alpes,France,2023-10-09 20:01:10,Consumer
53508,Jessica Scott,jscott@protonmail.com,New York,New York,United States,2023-10-31 19:47:36,Small Business
92174,Karen Jones,karen.jon@outlook.com,Bordeaux,Auvergne-Rhône-Alpes,France,2024-12-05 18:43:52,Consumer
44989,Mason Howard,mhoward@icloud.com,Belo Horizonte,Bahia,Brazil,2024-02-21 17:50:27,Enterprise
16073,Tyrone Asante,tasante@icloud.com,Montreal,Quebec,Canada,2022-09-11 19:04:57,Small Business
36077,Lukas Wolf,lukas525@yahoo.com,Recife,Pernambuco,Brazil,2023-10-10 16:42:37,Consumer
10582,Joseph Richardson,joseph537@outlook.com,Hyderabad,Telangana,India,2024-08-11 16:54:05,Consumer
36203,Nancy Walker,nancy779@gmail.com,Montpellier,Auvergne-Rhône-Alpes,France,2024-02-18 10:16:10,Enterprise
14009,Wolfgang Schmitt,wolfgang579@protonmail.com,Newcastle,Australian Capital Territory,Australia,2022-07-10 11:36:01,Consumer
61693,Francisco Rivera,francisco.riv@gmail.com,Windsor,Alberta,Canada,2022-09-21 10:00:14,Consumer
54356,Gang He,gang.he@outlook.com,Sheffield,England,United Kingdom,2024-01-01 18:32:41,Consumer
61665,Christopher Bell,christopher307@outlook.com,Kitakyushu,Kanagawa,Japan,2024-05-04 14:47:08,Consumer
93744,Xin He,xhe@protonmail.com,Rotterdam,South Holland,Netherlands,2022-06-05 22:54:48,Consumer
48803,Matthew Smith,matthew.smith@protonmail.com,Almere,North Holland,Netherlands,2024-08-09 06:00:37,Small Business
66060,Ashok Chatterjee,ashok_cha@gmail.com,Sherbrooke,Nova Scotia,Canada,2022-07-08 13:23:43,Consumer
82750,Marlene Zimmermann,marlene779@outlook.com,Austin,Texas,United States,2022-07-07 18:55:44,Enterprise
86818,Camila Martinez,camila136@icloud.com,Montpellier,Centre-Val de Loire,France,2023-08-13 20:19:51,Consumer
71165,Nia Eze,nia7@protonmail.com,Jaipur,Andhra Pradesh,India,2023-09-27 03:37:50,Consumer
55023,Ava Scott,ava686@gmail.com,Montpellier,Provence-Alpes-Côte d'Azur,France,2024-02-29 14:05:21,Consumer
91302,Jing Cox,jingcox@outlook.com,Philadelphia,Pennsylvania,United States,2023-11-11 21:54:26,Consumer
15387,Sharon Reed,sreed@outlook.com,Campinas,São Paulo,Brazil,2023-12-15 18:18:32,Consumer
83441,Alice Fournier,alice23@gmail.com,Darwin,Australian Capital Territory,Australia,2023-08-05 14:18:35,Consumer
45309,Susan Carter,susan.car@gmail.com,Sydney,New South Wales,Australia,2024-05-10 17:45:50,Consumer
92366,Thomas Anderson,thomas.anderson@yahoo.com,Mumbai,Maharashtra,India,2023-11-03 13:10:58,Consumer
86369,Takeshi Yamada,takeshi.yamada@hotmail.com,Utrecht,Friesland,Netherlands,2022-12-20 19:43:55,Consumer
84912,Grace Bell,gbell@hotmail.com,Sendai,Shizuoka,Japan,2023-04-25 16:13:00,Consumer
35753,Hannah Bell,hannahbel@gmail.com,London,England,United Kingdom,2022-07-25 13:55:46,Consumer
28614,Femi Kone,femi388@icloud.com,Amsterdam,North Holland,Netherlands,2022-08-19 19:24:56,Consumer
58643,Sarah Wright,sarah_wri@gmail.com,Essen,Baden-Württemberg,Germany,2024-09-07 17:23:19,Consumer
22773,Valentina Gallo,valentinagal@gmail.com,Barrie,British Columbia,Canada,2024-03-13 17:56:29,Consumer
93155,Amit Nair,amit_nair@gmail.com,Groningen,Overijssel,Netherlands,2022-11-17 20:41:29,Enterprise
86640,Jules Michel,jmichel@outlook.com,Tokyo,Tokyo,Japan,2023-12-28 14:39:29,Small Business
94998,Amira Sayegh,amira953@outlook.com,Toulouse,Île-de-France,France,2022-11-02 13:56:42,Consumer
95934,Michael Jackson,michael.jackson@icloud.com,São Paulo,São Paulo,Brazil,2024-08-27 17:00:00,Consumer
34076,Sharon Mitchell,sharonmitchell@hotmail.com,Utrecht,Utrecht,Netherlands,2022-08-20 14:55:51,Consumer
69948,Donald Jackson,djackson@outlook.com,Visakhapatnam,Delhi,India,2023-04-29 12:51:52,Consumer
51241,Lorenzo Rossi,lorenzo.ros@icloud.com,Utrecht,Groningen,Netherlands,2023-10-22 13:52:09,Consumer
36934,Andrew Collins,andrew846@protonmail.com,Surat,Gujarat,India,2022-06-01 06:04:31,Consumer
57663,Chloe Vasquez,cvasquez@gmail.com,Bhopal,Delhi,India,2024-07-21 13:42:25,Small Business
94833,Charlotte Smith,charlotte577@outlook.com,Almere,Flevoland,Netherlands,2024-07-13 21:29:45,Consumer
28930,Klaus Schmidt,klaus.schmidt@gmail.com,Porto Alegre,Goiás,Brazil,2022-08-18 11:12:50,Consumer
64682,Cesar Gomez,cesar.gomez@outlook.com,Bristol,England,United Kingdom,2022-12-17 20:25:32,Consumer
27326,Zara Okonkwo,zara.okonkwo@outlook.com,Coventry,England,United Kingdom,2023-03-11 14:10:15,Consumer
55929,Valentina Costa,vcosta@outlook.com,Hiroshima,Hiroshima,Japan,2023-05-31 09:02:02,Consumer
37954,Betty Scott,betty284@yahoo.com,Saint-Étienne,Normandie,France,2023-12-27 17:46:51,Consumer
50642,Brian Collins,brian.col@hotmail.com,Fortaleza,Pernambuco,Brazil,2023-04-23 18:59:39,Consumer
16519,Mary Harris,mary.har@gmail.com,Nashville,Oklahoma,United States,2024-04-10 19:58:59,Consumer
35963,Varun Kulkarni,varun.kul@icloud.com,Essen,Bavaria,Germany,2022-09-26 19:56:45,Consumer
45754,Riccardo Gallo,riccardogallo@yahoo.com,Wollongong,Victoria,Australia,2024-09-10 16:40:12,Consumer
53175,Liam Campbell,liam.cam@outlook.com,Indore,Uttar Pradesh,India,2024-07-03 14:37:31,Consumer
81673,Donald Wilson,donald500@outlook.com,Barrie,Alberta,Canada,2023-07-30 01:01:08,Consumer
40515,Charles Howard,charles83@protonmail.com,Nice,Bretagne,France,2023-11-25 21:27:16,Consumer
55057,Hector Vasquez,hector_vasquez@outlook.com,Rennes,Île-de-France,France,2023-02-06 22:17:31,Consumer
97897,Christopher Hall,chall@yahoo.com,São Luís,Goiás,Brazil,2024-12-17 08:11:40,Consumer
25918,Lei Li,leili@yahoo.com,Brighton,Scotland,United Kingdom,2024-11-17 18:31:45,Consumer
52075,Ronald Nelson,rnelson@gmail.com,Canberra,New South Wales,Australia,2024-07-14 08:06:30,Consumer
34943,Pranav Gupta,pranav672@gmail.com,Ahmedabad,Madhya Pradesh,India,2022-10-12 19:26:41,Consumer
39502,Brian Thomas,brian928@gmail.com,Bremen,Hesse,Germany,2024-12-27 14:50:07,Consumer
17033,Yaw Adeyemi,yaw406@gmail.com,Kumamoto,Chiba,Japan,2023-07-01 14:04:52,Consumer
19741,Ananya Reddy,areddy@gmail.com,Sheffield,Scotland,United Kingdom,2023-12-01 13:16:02,Consumer
94213,Amira Yousef,ayousef@icloud.com,Dallas,Texas,United States,2024-08-14 13:12:01,Consumer
89446,William Turner,william.turner@yahoo.com,Belfast,Northern Ireland,United Kingdom,2023-02-26 11:57:13,Consumer
14120,Daniel Brown,danielbrown@yahoo.com,Breda,North Brabant,Netherlands,2024-11-25 18:51:54,Consumer
88195,Beatriz Lombardi,beatriz903@gmail.com,Bordeaux,Occitanie,France,2023-04-22 17:26:39,Consumer
47321,Ye-jin Sharma,yejin832@gmail.com,Quebec City,Ontario,Canada,2022-10-08 10:34:06,Consumer
89577,Mary Morris,mary_morris@yahoo.com,Lyon,Auvergne-Rhône-Alpes,France,2022-06-23 19:44:03,Consumer
61243,Meera Verma,meera.ver@protonmail.com,Kobe,Hyogo,Japan,2022-06-01 21:26:15,Consumer
57640,Thomas Evans,thomas_evans@outlook.com,Hamburg,Hamburg,Germany,2023-04-08 16:14:28,Consumer
88134,Andrew Adams,andrew402@hotmail.com,Rennes,Bretagne,France,2023-04-17 20:04:03,Consumer
77902,Antonio Conti,antoniocon@icloud.com,Berlin,Berlin,Germany,2024-05-30 12:26:02,Consumer
94292,Linda Parker,lparker@yahoo.com,Breda,North Brabant,Netherlands,2023-09-05 11:31:06,Small Business
29803,Juana Ramos,juana356@yahoo.com,Edmonton,Alberta,Canada,2022-12-19 21:10:29,Consumer
29894,Lakshmi Nair,lakshminai@protonmail.com,Belém,Mato Grosso,Brazil,2024-10-25 20:44:09,Consumer
78866,Gang Luo,gang399@outlook.com,Groningen,Overijssel,Netherlands,2022-11-18 18:27:51,Consumer
73819,Gabriel Rao,gabrielrao@icloud.com,Toulon,Centre-Val de Loire,France,2023-11-10 23:15:18,Consumer
84418,Patricia Morris,patricia.morris@outlook.com,Ottawa,Quebec,Canada,2024-09-18 16:31:21,Small Business
43872,Edward Brown,ebrown@gmail.com,Sherbrooke,Alberta,Canada,2024-11-20 13:27:36,Consumer
61759,Mason Hwang,mhwang@gmail.com,Sheffield,Scotland,United Kingdom,2023-09-01 15:10:11,Consumer
37888,Amit Mukherjee,amit663@gmail.com,Amsterdam,North Holland,Netherlands,2023-08-12 18:40:56,Small Business
74363,Jabari Ndiaye,jabari_ndi@gmail.com,Hyderabad,Telangana,India,2022-09-03 07:31:29,Small Business
41767,Emma Wright,ewright@gmail.com,Edinburgh,Scotland,United Kingdom,2023-10-17 15:43:38,Consumer
21224,Donald Wilson,donald544@yahoo.com,Wollongong,Queensland,Australia,2022-10-02 16:59:05,Consumer
75455,Timothy Tang,timothy.tan@outlook.com,Frankfurt,Hesse,Germany,2022-06-11 11:21:06,Small Business
80593,Donald Jackson,donald4@gmail.com,Cardiff,Wales,United Kingdom,2023-06-18 02:22:13,Consumer
80136,Priya Desai,priya.des@icloud.com,Recife,Bahia,Brazil,2023-08-14 18:49:05,Consumer
64273,Andres Moreno,andres84@outlook.com,Coventry,England,United Kingdom,2024-04-23 15:39:33,Small Business
61955,Thomas White,thomas142@protonmail.com,Kawasaki,Hyogo,Japan,2022-08-28 15:45:27,Consumer
85302,Neha Reddy,nreddy@gmail.com,Canberra,Australian Capital Territory,Australia,2024-11-12 12:11:24,Small Business
71928,Hong Rodriguez,hong81@gmail.com,Osaka,Osaka,Japan,2022-09-18 03:51:50,Consumer
31206,Vijay Menon,vijay142@protonmail.com,Chennai,Tamil Nadu,India,2024-08-06 00:47:52,Consumer
70260,Carmen Medina,carmen486@gmail.com,Belém,São Paulo,Brazil,2023-04-21 18:07:06,Small Business
73274,Lina Khoury,lina.khoury@gmail.com,Ahmedabad,West Bengal,India,2023-07-08 13:36:39,Consumer
47786,Robert Brown,robertbrown@yahoo.com,Rennes,Hauts-de-France,France,2024-08-26 16:20:40,Consumer
56395,Luis Gonzalez,luis769@gmail.com,Perth,Western Australia,Australia,2024-08-08 16:54:38,Consumer
80924,Feng Zhou,feng.zho@protonmail.com,Bochum,Rhineland-Palatinate,Germany,2023-05-28 13:38:37,Consumer
12693,Margaret Richardson,margaret.richardson@gmail.com,Frankfurt,Hesse,Germany,2024-04-21 16:06:06,Consumer
22365,Darius Adeyemi,dadeyemi@gmail.com,Ballarat,Queensland,Australia,2024-01-12 08:57:57,Consumer
60621,Hannah Wright,hwright@icloud.com,Bremen,Hamburg,Germany,2024-01-02 12:57:15,Consumer
34907,Gaurav Bhat,gbhat@gmail.com,Dallas,Texas,United States,2024-10-01 12:18:06,Consumer
32658,Adaeze Cisse,adaeze.cis@icloud.com,Rotterdam,South Holland,Netherlands,2022-12-09 18:17:51,Consumer
99286,Maximilian Hofmann,maximilian.hofmann@gmail.com,Tokyo,Tokyo,Japan,2023-01-18 11:09:41,Small Business
39664,Gabriela Alvarez,gabrielaalvarez@protonmail.com,Grenoble,Île-de-France,France,2022-06-14 17:15:28,Small Business
79390,Leon Hoffmann,leon545@hotmail.com,Kitakyushu,Hokkaido,Japan,2022-10-24 21:18:37,Consumer
32720,Lucas Thomas,lucas.tho@outlook.com,Sydney,New South Wales,Australia,2024-04-28 07:56:47,Consumer
58752,Maryam Aziz,maryam19@outlook.com,Bochum,Brandenburg,Germany,2022-08-21 12:28:02,Small Business
74785,Theo Blanc,theo.blanc@yahoo.com,Breda,Zeeland,Netherlands,2022-08-16 19:01:39,Consumer
58138,Thierry Andre,thierry.and@outlook.com,Sheffield,Northern Ireland,United Kingdom,2024-06-18 16:45:10,Consumer
17634,Petra Schmitt,petra.sch@gmail.com,Melbourne,Victoria,Australia,2024-08-02 20:58:07,Enterprise
90444,Yun Xu,yun926@hotmail.com,Paris,Île-de-France,France,2022-06-02 13:53:05,Consumer
40143,Ashley Bell,abell@gmail.com,San Jose,California,United States,2024-03-12 11:27:16,Consumer
32305,Divya Chopra,dchopra@gmail.com,Phoenix,Arizona,United States,2022-06-13 11:12:18,Consumer
59428,Sharon Jackson,sjackson@gmail.com,Tilburg,Drenthe,Netherlands,2024-01-29 08:00:17,Consumer
16828,Jeffrey Parker,jparker@gmail.com,Toulon,Centre-Val de Loire,France,2022-11-22 20:26:12,Enterprise
48826,Ronald Morgan,rmorgan@gmail.com,Hanover,Berlin,Germany,2024-12-21 08:47:02,Consumer
42836,Greta Esposito,greta.esp@gmail.com,Winnipeg,British Columbia,Canada,2024-06-17 20:52:40,Consumer
47151,Timothy Martin,timothy986@yahoo.com,San Jose,California,United States,2023-03-07 21:10:09,Consumer
79830,Dina Sayegh,dina.sayegh@yahoo.com,San Diego,California,United States,2023-05-13 23:22:25,Small Business
38204,Varun Patel,varun_pat@yahoo.com,Belfast,Northern Ireland,United Kingdom,2023-11-18 07:56:18,Consumer
99383,Omar Hassan,omar.hassan@protonmail.com,Frankfurt,Hesse,Germany,2022-06-17 11:02:26,Small Business
82544,Dinesh Sharma,dinesh718@icloud.com,Sendai,Tokyo,Japan,2024-03-05 11:08:14,Small Business
29578,Amelia Collins,acollins@gmail.com,Bremen,Saxony,Germany,2023-08-04 18:07:31,Small Business
83305,Daniela Richardson,danielaric@gmail.com,Rotterdam,South Holland,Netherlands,2023-08-09 12:48:53,Consumer
94950,Andrew Young,andrew.you@protonmail.com,Nuremberg,Brandenburg,Germany,2024-11-15 13:20:23,Consumer
27687,Carmen Vasquez,carmen909@outlook.com,Dallas,Texas,United States,2023-10-14 12:39:47,Consumer
12126,Chloe Martin,chloe926@outlook.com,Oshawa,Alberta,Canada,2023-09-29 17:45:35,Consumer
94863,Henry Lewis,henry379@gmail.com,Nice,Auvergne-Rhône-Alpes,France,2024-05-15 15:49:14,Small Business
15226,Oliver Hall,oliver351@gmail.com,Gold Coast,Queensland,Australia,2022-12-24 14:44:03,Consumer
19027,Gaurav Menon,gmenon@gmail.com,Edmonton,New Brunswick,Canada,2024-08-14 23:36:14,Enterprise
19903,Michael Anderson,manderson@gmail.com,Patna,Punjab,India,2023-10-25 11:25:22,Small Business
15849,Julien Girard,julien861@gmail.com,Nijmegen,Gelderland,Netherlands,2023-07-01 02:51:41,Consumer
29964,Kofi Boateng,kboateng@hotmail.com,Jacksonville,Kentucky,United States,2022-06-05 18:29:30,Small Business
96993,Nadia Haddad,nhaddad@gmail.com,Edmonton,Manitoba,Canada,2023-11-17 11:58:46,Small Business
27946,Camila Jimenez,cjimenez@outlook.com,Nottingham,England,United Kingdom,2023-12-27 15:38:21,Consumer
62221,Isabella Hassan,ihassan@outlook.com,Nagoya,Fukuoka,Japan,2023-04-25 12:04:30,Consumer
46004,Liam Morgan,liam.mor@gmail.com,Salvador,Espírito Santo,Brazil,2024-06-29 01:37:36,Consumer
22597,Susan Williams,susan715@icloud.com,Rennes,Bourgogne-Franche-Comté,France,2024-04-19 11:20:32,Consumer
59382,Andrew Cox,andrew345@outlook.com,Saitama,Kanagawa,Japan,2023-11-20 14:25:47,Consumer
64970,Davide Colombo,davide908@gmail.com,Ahmedabad,Kerala,India,2022-11-21 21:14:10,Consumer
55898,Antonio Greco,antonio.greco@protonmail.com,Thane,Bihar,India,2023-05-31 08:46:54,Small Business
24273,Noah Miller,noah.miller@gmail.com,Phoenix,Arizona,United States,2022-09-03 23:17:39,Consumer
21641,Yan Huang,yan844@gmail.com,Oshawa,Alberta,Canada,2023-08-17 14:42:18,Consumer
16617,Edward Cook,edward674@outlook.com,Toronto,Ontario,Canada,2022-10-07 21:09:56,Small Business
86478,Zaid Karim,zaidkarim@outlook.com,Patna,Delhi,India,2023-12-19 17:04:36,Consumer
20559,Hana Khoury,hkhoury@gmail.com,Hamburg,Hamburg,Germany,2023-03-01 14:39:40,Consumer
10678,Kai Gao,kgao@icloud.com,Bradford,England,United Kingdom,2024-07-08 10:35:49,Enterprise
77858,Pablo Martinez,pablo.martinez@gmail.com,Quebec City,Ontario,Canada,2023-05-01 11:43:01,Consumer
97610,Camila Morales,camila.morales@outlook.com,Cardiff,Northern Ireland,United Kingdom,2023-09-07 10:19:22,Consumer
50541,Karen Richardson,karen.ric@gmail.com,Manaus,Distrito Federal,Brazil,2024-06-10 15:57:11,Small Business
53532,Ren Kimura,rkimura@yahoo.com,Chiba,Nagano,Japan,2023-09-12 11:14:09,Consumer
86175,Claudia Lopez,claudia205@outlook.com,Canberra,Australian Capital Territory,Australia,2022-10-23 16:00:35,Small Business
75470,Bin Liu,bin_liu@outlook.com,Sydney,New South Wales,Australia,2024-03-10 11:55:36,Enterprise
33858,Lena Richter,lena.ric@yahoo.com,Bhopal,Haryana,India,2022-09-29 19:54:00,Consumer
36181,Shreya Joshi,shreya105@gmail.com,Bielefeld,Hamburg,Germany,2023-11-16 12:09:13,Consumer
79129,Amelia Ali,ameliaali@gmail.com,Tilburg,Groningen,Netherlands,2024-06-23 12:10:49,Enterprise
63100,Long Wu,long556@yahoo.com,Goiânia,Paraná,Brazil,2024-07-01 06:51:01,Consumer
13553,Meera Iyer,miyer@hotmail.com,Denver,Colorado,United States,2023-04-10 20:02:35,Consumer
37045,Claudia Jimenez,claudiajimenez@gmail.com,Coventry,England,United Kingdom,2023-07-20 11:43:39,Consumer
24696,Paul Nelson,pnelson@gmail.com,Cairns,Queensland,Australia,2023-04-04 17:42:02,Small Business
85451,Juan Deng,jdeng@outlook.com,Cairns,Queensland,Australia,2023-06-29 18:13:58,Consumer
78088,Adriana Torres,adriana174@icloud.com,Jaipur,Delhi,India,2024-09-22 01:58:56,Consumer
48725,Donald Martin,donald.martin@yahoo.com,Montpellier,Île-de-France,France,2023-04-16 09:55:23,Small Business
81743,Pallavi Sharma,psharma@hotmail.com,Groningen,North Holland,Netherlands,2023-08-30 18:06:57,Small Business
74354,Alejandro Diaz,adiaz@protonmail.com,Hyderabad,Telangana,India,2023-10-09 06:14:15,Consumer
30521,Hui Yang,hui.yang@yahoo.com,Wuppertal,Saxony,Germany,2024-12-06 10:33:21,Consumer
14873,Ibrahim Ali,ibrahimali@outlook.com,Darwin,New South Wales,Australia,2023-12-03 09:41:20,Enterprise
17456,Karen Davis,karendavis@gmail.com,Sendai,Shizuoka,Japan,2024-03-02 18:42:05,Consumer
74721,Sara Barbieri,sarabar@outlook.com,London,England,United Kingdom,2022-09-28 20:27:53,Consumer
54384,Pedro Castillo,pedro_castillo@outlook.com,Nagpur,Telangana,India,2024-08-20 11:43:30,Consumer
40434,Ananya Kapoor,ananya173@gmail.com,Bielefeld,North Rhine-Westphalia,Germany,2023-10-20 19:21:28,Small Business
87197,Teresa Ferrari,teresaferrari@yahoo.com,San Jose,California,United States,2024-10-08 13:28:29,Consumer
59226,Wei Song,wei883@protonmail.com,Essen,Hesse,Germany,2023-02-18 18:31:55,Consumer
96664,Klaus Krüger,kkrger@gmail.com,Gold Coast,New South Wales,Australia,2024-03-13 15:45:01,Consumer
93930,Lukas Becker,lukasbecker@outlook.com,Boston,Massachusetts,United States,2022-06-04 11:27:34,Consumer
19363,Suresh Joshi,suresh347@outlook.com,Sheffield,Northern Ireland,United Kingdom,2023-11-07 19:28:11,Consumer
61129,Thomas Wilson,thomaswilson@gmail.com,Sapporo,Fukuoka,Japan,2023-02-12 20:11:06,Consumer
43297,Paul Robinson,probinson@gmail.com,Dallas,Texas,United States,2023-05-13 22:48:08,Small Business
86375,Vittoria Rizzo,vittoria.riz@hotmail.com,Grenoble,Île-de-France,France,2023-01-19 19:40:36,Consumer
17808,Owen Thompson,owen963@gmail.com,Wolverhampton,England,United Kingdom,2023-04-07 11:53:49,Consumer
25539,Tyrone Asante,tyrone829@protonmail.com,Rotterdam,South Holland,Netherlands,2024-09-11 12:44:46,Consumer
14775,Richard Cook,richard_coo@hotmail.com,Rio de Janeiro,Rio de Janeiro,Brazil,2024-07-05 15:50:34,Consumer
78715,Bo Zhang,bo.zhang@gmail.com,Paris,Île-de-France,France,2024-06-23 16:52:56,Consumer
11179,Pooja Bose,pooja.bose@gmail.com,Saitama,Tokyo,Japan,2024-10-24 09:32:12,Consumer
71149,Amanda Rogers,arogers@yahoo.com,Kanpur,Maharashtra,India,2022-06-01 14:27:18,Consumer
22154,Nikhil Pillai,nikhil.pil@gmail.com,Ballarat,Victoria,Australia,2022-10-26 07:14:47,Consumer
74478,Chao Han,chao.han@gmail.com,Saskatoon,Manitoba,Canada,2023-11-21 01:16:48,Consumer
41131,Diego Torres,diego_tor@outlook.com,Columbus,Massachusetts,United States,2024-05-27 10:19:08,Consumer
65352,Jason Edwards,jedwards@yahoo.com,Edinburgh,Scotland,United Kingdom,2024-12-24 20:23:44,Consumer
59069,Edward Martin,edward.martin@gmail.com,Stuttgart,Brandenburg,Germany,2024-04-11 12:13:40,Consumer
72987,Betty Jones,bjones@icloud.com,Jaipur,Maharashtra,India,2024-09-22 11:34:00,Consumer
71099,Chloe Adams,chloeadams@gmail.com,Saskatoon,Saskatchewan,Canada,2023-04-01 21:14:55,Small Business
61423,George Hall,george389@outlook.com,San Jose,California,United States,2023-04-10 19:26:43,Consumer
52702,Tao Wang,taowan@hotmail.com,Plymouth,Scotland,United Kingdom,2022-07-03 06:31:08,Consumer
28114,Robert Campbell,robert223@icloud.com,Saint-Étienne,Île-de-France,France,2024-03-31 15:14:37,Consumer
46567,Gaurav Bose,gaurav_bos@outlook.com,Chicago,Illinois,United States,2022-06-06 23:40:03,Consumer
99477,Ryan Turner,ryan496@hotmail.com,Amsterdam,North Holland,Netherlands,2022-06-10 13:39:46,Consumer
67382,Gabriela Vasquez,gabriela702@gmail.com,Cologne,Lower Saxony,Germany,2023-06-24 10:31:14,Small Business
22878,Mark Thomas,mark748@gmail.com,San Antonio,Texas,United States,2024-03-07 19:36:12,Consumer
81138,Sung-min Hwang,shwang@outlook.com,Lyon,Auvergne-Rhône-Alpes,France,2023-03-11 07:59:09,Consumer
14222,Isabella Aguilar,isabellaaguilar@icloud.com,Windsor,Nova Scotia,Canada,2023-01-04 17:02:29,Consumer
86567,Min-seo Han,minseo_han@gmail.com,Darwin,Northern Territory,Australia,2024-04-27 14:06:40,Consumer
74304,Tunde Okeke,tunde.oke@yahoo.com,Jaipur,Gujarat,India,2024-03-23 13:06:22,Small Business
44612,Amelia Bailey,amelia882@gmail.com,Fukuoka,Nagano,Japan,2023-09-24 12:17:15,Consumer
82496,Hannah Koch,hannahkoc@gmail.com,Newcastle,Scotland,United Kingdom,2024-01-12 16:19:42,Consumer
68365,Evelyn Wright,ewright@protonmail.com,Regina,Manitoba,Canada,2023-11-11 02:47:18,Consumer
25185,Nancy Wright,nancy532@gmail.com,Amsterdam,North Holland,Netherlands,2023-01-22 13:06:16,Consumer
97487,Nicolas Durand,nicolas79@gmail.com,Melbourne,Victoria,Australia,2024-04-16 21:01:43,Consumer
25934,Deborah Bell,deborahbel@gmail.com,Curitiba,Amazonas,Brazil,2022-12-11 10:44:20,Consumer
49244,Ingrid Weber,ingridweber@yahoo.com,Eindhoven,Limburg,Netherlands,2023-05-06 18:48:21,Enterprise
17018,Ethan Bailey,ethan655@icloud.com,Thane,Karnataka,India,2024-09-26 16:01:05,Small Business
35722,Joon-woo Camara,jcamara@icloud.com,Perth,Western Australia,Australia,2023-10-19 10:05:26,Consumer
84102,Michelle Parker,michelleparker@gmail.com,Bielefeld,Saxony,Germany,2024-08-01 13:43:24,Consumer
31534,Ngozi Nwosu,ngozi.nwo@protonmail.com,Vadodara,Karnataka,India,2022-10-04 07:48:01,Consumer
57922,Hannah Reed,hannah.ree@outlook.com,Amsterdam,North Holland,Netherlands,2023-12-12 19:42:55,Consumer
10032,Felix Wolf,felix.wol@outlook.com,Toulon,Île-de-France,France,2024-06-03 14:59:38,Consumer
72974,Aya Awad,aya471@outlook.com,Utrecht,Utrecht,Netherlands,2023-02-02 13:40:15,Consumer
37962,Kavya Reddy,kreddy@gmail.com,Tilburg,Friesland,Netherlands,2024-04-17 16:35:59,Consumer
10162,Robert Baker,rbaker@gmail.com,Sapporo,Shizuoka,Japan,2023-05-20 17:53:40,Consumer
73046,Adriana Hernandez,ahernandez@gmail.com,Visakhapatnam,Telangana,India,2024-07-26 21:18:39,Consumer
61954,Lukas Schröder,lukasschrder@gmail.com,Quebec City,Alberta,Canada,2023-02-17 18:15:08,Consumer
44452,Isabella Gonzalez,igonzalez@yahoo.com,Philadelphia,Pennsylvania,United States,2023-11-10 17:39:06,Consumer
51035,Abigail Morgan,abigail.morgan@outlook.com,Guarulhos,Goiás,Brazil,2022-08-27 21:35:35,Consumer
47512,Ritu Singh,ritu684@yahoo.com,Lucknow,Haryana,India,2023-07-20 11:02:01,Consumer
76107,Michael Howard,michael_howard@gmail.com,Campinas,Goiás,Brazil,2024-11-12 18:55:49,Enterprise
47710,Amelia Bailey,abailey@yahoo.com,Utrecht,Gelderland,Netherlands,2022-08-16 11:28:07,Consumer
11592,Marlene Klein,marlene_kle@gmail.com,Chennai,Tamil Nadu,India,2023-02-27 14:34:06,Consumer
22704,Emily Ward,eward@gmail.com,Vadodara,Tamil Nadu,India,2023-01-23 11:33:20,Consumer
86658,Rahul Nair,rahul14@outlook.com,Kobe,Shizuoka,Japan,2022-10-09 18:42:01,Small Business
77743,Pierre Morel,pierre_morel@gmail.com,Darwin,Western Australia,Australia,2024-04-30 13:46:29,Consumer
35076,Jeffrey Cook,jcook@outlook.com,Sherbrooke,Saskatchewan,Canada,2024-12-17 09:03:47,Small Business
67585,Eduardo Ramos,eduardo.ramos@outlook.com,Lille,Nouvelle-Aquitaine,France,2023-01-14 05:48:38,Consumer
35852,Margaret Cook,margaret.cook@yahoo.com,São Paulo,São Paulo,Brazil,2023-11-09 12:29:55,Consumer
38123,Valentina Castillo,valentina15@gmail.com,Reims,Bretagne,France,2022-12-02 09:50:09,Enterprise
62931,Feng Thomas,feng.thomas@gmail.com,Nagpur,Madhya Pradesh,India,2023-03-02 12:30:43,Small Business
49133,Rebecca Lewis,rlewis@gmail.com,Lyon,Auvergne-Rhône-Alpes,France,2024-02-20 16:35:26,Small Business
36590,Kavya Joshi,kavya.jos@gmail.com,Hamburg,Hamburg,Germany,2024-08-10 18:54:36,Small Business
21800,Mark Nelson,mark437@protonmail.com,Kanpur,Tamil Nadu,India,2023-10-23 18:28:00,Consumer
16511,Akosua Eze,akosua.eze@protonmail.com,São Luís,Espírito Santo,Brazil,2022-12-28 21:31:53,Consumer
42147,Joshua Young,joshuayoung@yahoo.com,Sakai,Aichi,Japan,2023-02-18 19:04:21,Small Business
92644,Sita Das,sitadas@protonmail.com,Osaka,Osaka,Japan,2022-09-02 14:17:18,Consumer
53455,Arjun Gupta,arjun.gup@gmail.com,Halifax,Nova Scotia,Canada,2023-08-01 20:40:25,Small Business
70962,Oliver Reed,oliver.ree@hotmail.com,Kanpur,Uttar Pradesh,India,2022-09-01 10:47:26,Consumer
99817,Owen Mitchell,owen.mit@gmail.com,Kitakyushu,Hiroshima,Japan,2022-08-12 07:22:52,Consumer
86670,Bo Zhao,bzhao@outlook.com,Rio de Janeiro,Rio de Janeiro,Brazil,2023-03-23 20:55:33,Consumer
47537,Thomas Ward,tward@gmail.com,Hamilton,Newfoundland,Canada,2024-12-23 13:27:50,Consumer
92756,William Thomas,william.thomas@gmail.com,Rio de Janeiro,Rio de Janeiro,Brazil,2022-11-28 13:35:27,Consumer
48435,Lucia Rodriguez,lucia896@outlook.com,Bordeaux,Île-de-France,France,2023-05-14 17:09:11,Consumer
96266,Michelle Reed,michelle123@outlook.com,Kolkata,Haryana,India,2023-12-09 13:16:58,Consumer
99234,Hao Zhu,hzhu@gmail.com,Vadodara,Telangana,India,2024-07-22 13:26:30,Small Business
85007,Ji-ho Kwon,jkwon@outlook.com,São Luís,Rio de Janeiro,Brazil,2023-07-17 10:47:25,Consumer
31519,George Lewis,glewis@gmail.com,The Hague,Limburg,Netherlands,2023-04-26 19:46:24,Consumer
71979,Ashley Parker,aparker@gmail.com,Winnipeg,British Columbia,Canada,2024-06-16 19:41:47,Consumer
14005,Owen Harris,oharris@icloud.com,Chiba,Aichi,Japan,2022-06-25 14:17:34,Consumer
27165,Rin Kimura,rinkim@gmail.com,Ahmedabad,Rajasthan,India,2022-10-17 18:30:40,Small Business
83463,Chao Hu,chao_hu@gmail.com,Kitakyushu,Nagano,Japan,2023-01-09 19:31:38,Consumer
25291,Lisa Evans,levans@yahoo.com,Nagoya,Shizuoka,Japan,2024-11-01 14:50:29,Consumer
38667,Swati Iyer,swati.iyer@outlook.com,Manaus,Espírito Santo,Brazil,2023-07-16 18:11:09,Consumer
63690,Teresa Chavez,teresachavez@gmail.com,Sheffield,Scotland,United Kingdom,2024-10-02 22:06:07,Consumer
21022,Valentina Rivera,vrivera@gmail.com,Melbourne,Victoria,Australia,2022-06-15 16:03:47,Consumer
13643,Christopher Morris,cmorris@yahoo.com,Canberra,Victoria,Australia,2023-02-01 16:33:15,Consumer
17819,Deepak Singh,deepak_sin@gmail.com,Boston,Massachusetts,United States,2024-05-06 08:25:20,Small Business
65741,Stefan Schulz,stefansch@gmail.com,Nagpur,Kerala,India,2022-07-20 13:33:30,Consumer
55279,Evelyn Wilson,evelynwilson@outlook.com,Nantes,Provence-Alpes-Côte d'Azur,France,2023-02-03 09:33:05,Small Business
34568,Amelia Parker,amelia781@yahoo.com,Duisburg,Rhineland-Palatinate,Germany,2024-11-21 16:11:30,Consumer
76259,Patricia Vasquez,patricia.vasquez@outlook.com,Nagoya,Tokyo,Japan,2024-01-10 13:25:27,Consumer
97392,Carol Allen,carol.allen@icloud.com,Kumamoto,Hyogo,Japan,2024-03-19 20:06:05,Consumer
90775,Chidi Rogers,chidi.rogers@yahoo.com,Marseille,Provence-Alpes-Côte d'Azur,France,2023-05-16 21:46:02,Consumer
78538,Rajesh Kulkarni,rajesh400@outlook.com,Salvador,Goiás,Brazil,2024-08-28 08:37:29,Enterprise
50375,Suresh Rao,suresh356@yahoo.com,Breda,Gelderland,Netherlands,2023-08-29 20:12:18,Small Business
97044,Jun Ma,jma@hotmail.com,Ballarat,Western Australia,Australia,2022-10-15 08:08:34,Consumer
59592,Henry Brown,hbrown@gmail.com,Nottingham,Northern Ireland,United Kingdom,2024-03-02 13:15:53,Consumer
12825,Michael Wilson,michael.wilson@icloud.com,Chiba,Nagano,Japan,2024-10-11 13:14:43,Small Business
84599,Ginevra Romano,ginevra514@gmail.com,Tilburg,South Holland,Netherlands,2022-12-10 17:43:04,Consumer
28525,Ginevra DeLuca,ginevradel@outlook.com,Canberra,Western Australia,Australia,2022-07-19 12:02:09,Consumer
57807,Richard Nelson,richard667@outlook.com,Tilburg,Utrecht,Netherlands,2022-12-20 11:11:46,Consumer
37176,Mason Martin,mason159@hotmail.com,Lille,Normandie,France,2024-11-20 23:21:30,Consumer
71669,Anthony Thomas,anthony212@outlook.com,Wuppertal,Berlin,Germany,2024-11-20 13:40:53,Consumer
96539,Patricia Ward,patricia250@hotmail.com,Newcastle,Australian Capital Territory,Australia,2022-10-11 10:56:40,Consumer
21155,Farah Haddad,farahhaddad@outlook.com,Rio de Janeiro,Rio de Janeiro,Brazil,2024-08-12 18:42:24,Consumer
94018,Gabriela Moreno,gabriela388@gmail.com,Almere,North Brabant,Netherlands,2022-07-02 14:55:42,Consumer
39866,Henry Williams,henry126@gmail.com,Ghaziabad,Telangana,India,2023-04-04 20:14:17,Consumer
23274,Lukas Krüger,lkrger@gmail.com,Campinas,Amazonas,Brazil,2022-11-13 17:31:20,Consumer
61256,Harper Rogers,hrogers@protonmail.com,Stuttgart,Brandenburg,Germany,2024-10-04 11:35:03,Consumer
39708,Robert Howard,robert706@icloud.com,Chicago,Illinois,United States,2024-12-20 13:24:53,Consumer
38776,Christopher Mitchell,christophermitchell@yahoo.com,Austin,Texas,United States,2023-03-24 11:34:27,Consumer
58673,Aisha Ndiaye,aishandi@icloud.com,Toulon,Occitanie,France,2023-09-14 10:38:24,Small Business
93980,Jian Liu,jian682@gmail.com,San Antonio,Texas,United States,2022-11-21 13:11:33,Consumer
82777,Yaw Cisse,yaw31@gmail.com,Edinburgh,Scotland,United Kingdom,2022-08-07 12:11:01,Consumer
27704,Shreya Malhotra,shreyamalhotra@hotmail.com,Bremen,Hesse,Germany,2022-06-19 22:55:36,Consumer
15850,Rashid Nasser,rashidnasser@protonmail.com,Dresden,Rhineland-Palatinate,Germany,2023-08-27 20:15:41,Consumer
34139,Joseph Baker,jbaker@outlook.com,Tilburg,Friesland,Netherlands,2023-02-28 22:52:57,Small Business
73975,Amadou Eze,amadou341@yahoo.com,Berlin,Berlin,Germany,2023-10-26 10:30:18,Small Business
41796,Ashley Jones,ajones@yahoo.com,Belém,Amazonas,Brazil,2024-12-14 11:39:49,Consumer
78192,Ryan Cox,ryancox@gmail.com,Montpellier,Grand Est,France,2023-10-24 14:28:39,Consumer
77019,Aaliyah Cisse,aaliyah.cis@yahoo.com,Münster,Bavaria,Germany,2023-07-05 18:29:37,Consumer
67281,Linda Evans,linda763@gmail.com,Berlin,Berlin,Germany,2024-03-16 12:18:17,Consumer
34465,Takumi Sasaki,tsasaki@gmail.com,Brisbane,Queensland,Australia,2024-08-13 18:47:06,Consumer
49033,James Robinson,james809@protonmail.com,Melbourne,Victoria,Australia,2022-06-11 18:55:41,Enterprise
34651,Fatou Okeke,fokeke@yahoo.com,Munich,Bavaria,Germany,2024-11-02 21:33:19,Consumer
54491,Edward Allen,edward597@gmail.com,Canberra,Victoria,Australia,2023-04-14 18:59:43,Enterprise
58235,Thomas Stewart,tstewart@icloud.com,Hiroshima,Hyogo,Japan,2023-05-30 10:20:33,Consumer
77838,Donald Stewart,donald_ste@gmail.com,Stuttgart,Saxony,Germany,2024-05-01 20:41:27,Consumer
97584,Carol Stewart,carol543@yahoo.com,Ballarat,Australian Capital Territory,Australia,2024-11-11 14:39:40,Consumer
95182,Gaurav Joshi,gauravjoshi@icloud.com,Kyoto,Kyoto,Japan,2023-03-02 12:25:04,Consumer
85409,Henry Nelson,henry.nelson@gmail.com,Goiânia,Rio de Janeiro,Brazil,2022-11-01 06:50:31,Consumer
44659,Smita Sharma,smita_sharma@gmail.com,Munich,Bavaria,Germany,2022-11-06 13:59:53,Small Business
57550,Emi Kimura,emi.kimura@gmail.com,Perth,Western Australia,Australia,2023-09-29 18:48:14,Small Business
40647,Francesca Ferrari,francesca_fer@gmail.com,Bochum,Lower Saxony,Germany,2024-12-25 12:53:25,Consumer
26223,Hector Morales,hector184@gmail.com,Bangalore,Karnataka,India,2024-02-09 17:24:03,Consumer
17969,Ginevra Moretti,gmoretti@icloud.com,San Diego,California,United States,2024-11-22 09:11:00,Enterprise
77119,Mark Davis,mark712@gmail.com,Tilburg,North Brabant,Netherlands,2023-05-31 11:30:19,Consumer
42978,Oliver Young,oyoung@yahoo.com,Edinburgh,Scotland,United Kingdom,2022-08-31 19:01:52,Consumer
73677,Ruben Sanchez,ruben165@outlook.com,Nijmegen,North Holland,Netherlands,2024-05-12 10:38:36,Consumer
46229,John Reed,jreed@protonmail.com,Essen,Lower Saxony,Germany,2024-09-16 16:14:52,Consumer
53263,Ye-jin Jang,yejin159@gmail.com,Cairns,Northern Territory,Australia,2023-11-16 12:06:03,Consumer
65725,Liam Adams,liamadams@gmail.com,São Paulo,São Paulo,Brazil,2024-08-06 10:08:35,Consumer
82186,Sebastian Vasquez,sebastian700@yahoo.com,Frankfurt,Hesse,Germany,2023-06-26 10:30:10,Consumer
97262,Karen Cox,karen.cox@outlook.com,Phoenix,Arizona,United States,2023-04-15 18:53:00,Consumer
27560,Aishwarya Joshi,ajoshi@gmail.com,São Paulo,São Paulo,Brazil,2023-12-24 09:23:55,Consumer
74717,Ngozi Cooper,ncooper@protonmail.com,Indore,Delhi,India,2022-07-22 21:01:39,Consumer
21308,Hannah Müller,hannah214@icloud.com,Dallas,Texas,United States,2023-01-09 12:49:09,Consumer
87815,Santiago Rodriguez,santiago_rod@protonmail.com,Nashville,Pennsylvania,United States,2023-02-01 21:18:53,Consumer
21708,Lina Farah,lina457@yahoo.com,Wollongong,Northern Territory,Australia,2024-11-07 09:29:11,Small Business
49409,Rahul Patel,rahulpat@yahoo.com,Manchester,England,United Kingdom,2024-05-12 09:07:02,Consumer
30257,Edward Morris,edward.mor@outlook.com,Osaka,Osaka,Japan,2023-10-12 14:02:42,Consumer
95031,Francesco Lombardi,flombardi@icloud.com,Bordeaux,Île-de-France,France,2024-06-03 21:16:26,Consumer
59663,Francisco Rivera,franciscorivera@icloud.com,Grenoble,Bretagne,France,2024-04-20 12:04:40,Consumer
92515,Vikram Mukherjee,vikram739@icloud.com,Leeds,England,United Kingdom,2022-08-31 14:50:45,Consumer
88682,Luis Lopez,luis.lopez@outlook.com,Newcastle,Scotland,United Kingdom,2023-09-30 21:08:34,Consumer
32615,Anil Kapoor,anil_kapoor@gmail.com,Charlotte,Colorado,United States,2022-11-26 12:50:50,Small Business
74722,Ali Hamdan,ali285@gmail.com,Melbourne,Victoria,Australia,2023-07-12 12:37:09,Consumer
41172,Andreas Allen,andreas.allen@outlook.com,Perth,Western Australia,Australia,2022-10-21 10:00:25,Small Business
41433,Elizabeth Walker,elizabethwalker@outlook.com,Paris,Île-de-France,France,2023-09-24 09:22:29,Consumer
64972,Valentina Gallo,vgallo@yahoo.com,Chennai,Tamil Nadu,India,2023-05-26 17:43:12,Consumer
63358,Yuto Zhao,yutozha@yahoo.com,Indore,Karnataka,India,2024-04-03 22:16:29,Consumer
52857,Mary Walker,mwalker@yahoo.com,Kawasaki,Miyagi,Japan,2023-05-21 13:38:26,Consumer
91621,Lukas Han,lukashan@outlook.com,Edmonton,Quebec,Canada,2024-11-18 19:22:37,Consumer
89904,Da-eun Yoon,daeun_yoon@icloud.com,Phoenix,Arizona,United States,2024-02-10 08:36:48,Consumer
60401,Manoj Reddy,manoj179@protonmail.com,Sydney,New South Wales,Australia,2023-03-27 12:53:27,Consumer
34277,Hiroshi Matsumoto,hmatsumoto@gmail.com,Vancouver,British Columbia,Canada,2022-11-12 17:41:42,Consumer
99127,Vidya Kulkarni,vkulkarni@yahoo.com,Hobart,Victoria,Australia,2024-06-18 12:07:47,Small Business
35027,Hana Yoshida,hanayos@yahoo.com,Reims,Bourgogne-Franche-Comté,France,2022-10-16 16:43:47,Small Business
50602,Hassan Haddad,hassan149@outlook.com,San Diego,California,United States,2022-10-06 18:13:02,Consumer
58966,Chiara Ferrari,cferrari@gmail.com,Essen,Brandenburg,Germany,2023-12-26 15:17:09,Consumer
98761,Owen Murphy,omurphy@gmail.com,Brasília,Pernambuco,Brazil,2023-03-08 19:14:37,Consumer
19423,Rania Khalil,raniakhalil@yahoo.com,Rio de Janeiro,Rio de Janeiro,Brazil,2023-05-30 19:31:51,Consumer
68865,Noah Bell,noah841@outlook.com,Bristol,England,United Kingdom,2024-08-13 09:02:29,Consumer
51452,Rekha Joshi,rekhajos@outlook.com,Bradford,England,United Kingdom,2022-12-27 12:39:58,Consumer
95122,Camila Morales,camila.mor@gmail.com,Jaipur,Maharashtra,India,2024-06-23 12:36:24,Consumer
45953,Elijah Thomas,elijah154@yahoo.com,Thane,Delhi,India,2023-05-10 10:45:35,Consumer
28498,Robert Baker,robertbak@hotmail.com,Kyoto,Kyoto,Japan,2023-08-12 17:54:28,Enterprise
93717,Karen Allen,karen.all@yahoo.com,Bordeaux,Île-de-France,France,2024-07-27 12:03:23,Consumer
48612,Jennifer Smith,jsmith@yahoo.com,Rio de Janeiro,Rio de Janeiro,Brazil,2024-03-14 12:21:48,Consumer
96543,Mary Jones,mjones@gmail.com,Guarulhos,Pernambuco,Brazil,2023-12-14 16:42:54,Small Business
53849,Betty White,bwhite@protonmail.com,Lyon,Auvergne-Rhône-Alpes,France,2022-11-03 19:00:25,Enterprise
16454,Javier Martinez,javier665@gmail.com,Perth,Western Australia,Australia,2023-07-31 08:57:49,Small Business
51205,Jennifer Cook,jennifercoo@gmail.com,Windsor,Manitoba,Canada,2024-01-29 14:12:46,Consumer
85558,Antoine Laurent,antoine.lau@yahoo.com,Perth,Western Australia,Australia,2023-06-01 05:56:31,Consumer
53818,Aisha Diallo,aishadia@outlook.com,Edmonton,Saskatchewan,Canada,2023-06-19 12:33:24,Small Business
58854,Dorothy Thompson,dorothy_thompson@hotmail.com,Saskatoon,Saskatchewan,Canada,2022-08-19 11:05:35,Consumer
62412,Ji-woo Shin,jiwoo.shi@hotmail.com,Manaus,Rio de Janeiro,Brazil,2022-06-24 21:09:22,Consumer
31565,Kevin Cox,kevin.cox@gmail.com,Newcastle,South Australia,Australia,2022-06-22 19:12:58,Consumer
84186,Andrew Walker,andrewwal@icloud.com,Paris,Île-de-France,France,2023-08-08 19:48:45,Consumer
77448,Jack Howard,jackhoward@protonmail.com,Bochum,North Rhine-Westphalia,Germany,2023-01-18 20:22:29,Consumer
71936,Harper Carter,harpercar@outlook.com,Hamilton,British Columbia,Canada,2023-12-29 18:40:00,Small Business
18038,James Rogers,jrogers@gmail.com,Toulouse,Auvergne-Rhône-Alpes,France,2024-04-24 20:47:24,Enterprise
38592,Hamza Najjar,hamza515@outlook.com,Kumamoto,Aichi,Japan,2024-11-05 19:54:35,Small Business
50062,Harper Rossi,hrossi@protonmail.com,Newcastle,Tasmania,Australia,2024-10-13 17:15:04,Enterprise
86011,Lena Schulz,lena382@yahoo.com,Nagpur,Gujarat,India,2024-07-07 14:06:47,Consumer
37462,Hamza Rahman,hrahman@yahoo.com,Bochum,Brandenburg,Germany,2024-05-29 15:59:20,Consumer
88088,Anna Ricci,anna.ricci@gmail.com,Lille,Hauts-de-France,France,2023-09-25 08:15:04,Consumer
51702,Harper Jackson,hjackson@gmail.com,London,England,United Kingdom,2024-09-04 13:32:55,Small Business
87057,Lucas Thomas,lucas.tho@gmail.com,Nagpur,Maharashtra,India,2022-08-03 17:20:15,Consumer
52038,Ava Allen,ava.allen@gmail.com,Hyderabad,Telangana,India,2023-03-15 21:55:59,Consumer
46719,Feng Zhang,fzhang@gmail.com,Nijmegen,Friesland,Netherlands,2022-06-18 09:04:57,Consumer
34262,Jennifer Mitchell,jmitchell@outlook.com,Nashville,Maryland,United States,2023-03-23 08:28:58,Consumer
13138,Hugo Martin,hugo.mar@outlook.com,Tokyo,Tokyo,Japan,2024-08-31 11:48:37,Consumer
11960,Adriana Flores,aflores@icloud.com,Brighton,England,United Kingdom,2023-04-13 02:46:33,Consumer
83289,Aurelie Evans,aurelie_evans@yahoo.com,Kyoto,Kyoto,Japan,2024-07-25 14:37:31,Enterprise
59586,Arun Pillai,arun357@icloud.com,Hamburg,Hamburg,Germany,2023-05-03 18:18:09,Consumer
97865,Ricardo Ruiz,rruiz@gmail.com,Hamburg,Hamburg,Germany,2024-05-08 13:48:14,Consumer
52137,Beatriz Ortiz,bortiz@outlook.com,Birmingham,England,United Kingdom,2022-12-19 10:43:48,Small Business
14654,Luis Medina,lmedina@gmail.com,Mumbai,Maharashtra,India,2022-08-10 18:10:49,Consumer
40651,Nia Toure,nia.tou@outlook.com,Nijmegen,South Holland,Netherlands,2024-07-09 21:59:35,Consumer
40448,Rashid Nasser,rashid214@icloud.com,Düsseldorf,Lower Saxony,Germany,2023-03-12 22:06:40,Consumer
47711,Paul Lewis,paul.lew@gmail.com,Bielefeld,Hamburg,Germany,2024-01-16 19:46:53,Consumer
50644,Grace Reed,greed@yahoo.com,Dresden,Hamburg,Germany,2024-02-17 19:18:56,Small Business
71019,Stephanie Adams,stephanie677@hotmail.com,Toulon,Bretagne,France,2024-06-13 17:30:25,Enterprise
76689,Timothy Smith,timothysmith@icloud.com,Wuppertal,Hesse,Germany,2023-03-05 10:19:24,Consumer
14388,Miguel Moreno,miguel.moreno@yahoo.com,Almere,Utrecht,Netherlands,2024-07-27 20:08:46,Consumer
25286,Patricia White,patricia94@gmail.com,Calgary,Alberta,Canada,2023-09-23 20:13:40,Small Business
31992,Claire Martin,cmartin@gmail.com,Recife,Paraná,Brazil,2023-07-27 17:20:29,Consumer
16270,Diego Garcia,diegogar@yahoo.com,Hobart,Tasmania,Australia,2022-11-06 14:12:15,Consumer
22969,Grace Okafor,grace_oka@yahoo.com,Sendai,Kyoto,Japan,2022-12-27 08:15:34,Consumer
49851,Jorge Perez,jperez@yahoo.com,Oshawa,Alberta,Canada,2024-01-29 13:48:38,Consumer
73119,Carol Murphy,carol.murphy@hotmail.com,Sunderland,Wales,United Kingdom,2022-11-19 10:44:05,Small Business
56667,Yui Nakamura,yui77@outlook.com,St. John's,British Columbia,Canada,2023-06-17 18:42:14,Small Business
60238,Raul Chavez,raul941@yahoo.com,Rotterdam,South Holland,Netherlands,2023-06-14 11:08:28,Consumer
25107,Charles Reed,creed@gmail.com,Nashville,South Carolina,United States,2024-10-13 14:04:33,Small Business
20862,Deepa Kulkarni,deepa923@yahoo.com,Eindhoven,Groningen,Netherlands,2023-01-03 16:02:03,Consumer
24623,Jade Faure,jfaure@hotmail.com,Bielefeld,Lower Saxony,Germany,2023-08-22 12:14:43,Small Business
63612,Sandra Williams,sandra134@gmail.com,Rotterdam,South Holland,Netherlands,2023-04-22 14:13:30,Consumer
30574,Lucia Ramirez,lramirez@outlook.com,Boston,Massachusetts,United States,2024-08-04 21:28:05,Small Business
37785,Liam Edwards,liam_edw@gmail.com,Utrecht,South Holland,Netherlands,2024-07-08 04:17:12,Consumer
85088,Emeka Weber,emeka.web@outlook.com,Lucknow,Bihar,India,2023-01-30 18:09:24,Consumer
33982,Emma Baker,ebaker@gmail.com,Groningen,North Brabant,Netherlands,2024-09-11 18:32:43,Small Business
20155,Suresh Rao,srao@gmail.com,Belfast,Wales,United Kingdom,2024-11-22 07:08:08,Consumer
15534,Vittoria Costa,vittoria_costa@icloud.com,Düsseldorf,Bavaria,Germany,2022-07-03 12:37:17,Small Business
60518,Caleb Stewart,caleb.ste@gmail.com,Hiroshima,Hokkaido,Japan,2023-10-17 23:05:25,Consumer
93517,Carol White,carolwhite@outlook.com,Surat,Madhya Pradesh,India,2023-09-14 10:34:16,Consumer
37839,Ingrid Fischer,ingrid874@gmail.com,Kanpur,Rajasthan,India,2022-09-09 19:14:34,Small Business
95801,David Collins,david.col@gmail.com,Bhopal,Uttar Pradesh,India,2023-06-02 12:50:12,Small Business
12527,Kavya Mehta,kavya727@gmail.com,Dortmund,Bavaria,Germany,2024-01-06 18:40:16,Small Business
25688,Lisa Collins,lcollins@gmail.com,Bielefeld,Rhineland-Palatinate,Germany,2024-06-27 19:57:41,Small Business
58213,Fernando Gomez,fgomez@gmail.com,Rotterdam,South Holland,Netherlands,2023-02-20 14:26:04,Consumer
52901,Carmen Garcia,carmen_gar@icloud.com,Houston,Texas,United States,2024-12-02 15:47:04,Consumer
31834,Folake Adeyemi,fadeyemi@protonmail.com,Nijmegen,South Holland,Netherlands,2024-11-27 13:51:33,Consumer
76671,Donald Allen,donald.allen@yahoo.com,Tokyo,Tokyo,Japan,2023-03-13 10:48:12,Enterprise
49848,Jessica Wright,jwright@icloud.com,Bangalore,Karnataka,India,2024-03-07 14:03:18,Consumer
44577,Min-seo Lee,mlee@gmail.com,Manaus,Ceará,Brazil,2023-12-21 10:27:57,Consumer
73777,Soo-ah Park,sooah.park@outlook.com,Salvador,Espírito Santo,Brazil,2023-01-07 15:22:52,Consumer
66192,Grace Wright,grace.wri@gmail.com,Campinas,Amazonas,Brazil,2024-09-09 16:36:04,Consumer
13309,Karim Ibrahim,karim.ibrahim@icloud.com,Bradford,Scotland,United Kingdom,2024-10-31 12:05:08,Consumer
22353,Sharon Williams,sharonwilliams@gmail.com,Plymouth,Northern Ireland,United Kingdom,2023-07-07 06:56:13,Consumer
74826,Noah Davis,ndavis@outlook.com,Kolkata,Haryana,India,2024-01-08 11:50:06,Consumer
75347,Kimberly Phillips,kimberlyphillips@gmail.com,Hamburg,Hamburg,Germany,2024-04-20 10:18:03,Consumer
99358,Louise Laurent,louise.laurent@yahoo.com,Leipzig,Baden-Württemberg,Germany,2023-09-28 16:53:00,Consumer
67767,Stefan Schmidt,stefan507@gmail.com,Kawasaki,Kyoto,Japan,2024-01-07 21:31:58,Consumer
15680,Hector Gutierrez,hectorgutierrez@gmail.com,Belém,Paraná,Brazil,2024-05-19 02:49:26,Consumer
60636,Tunde Okafor,tokafor@icloud.com,Münster,North Rhine-Westphalia,Germany,2024-01-01 19:08:28,Consumer
34804,Lukas Richter,lukasrichter@gmail.com,Montpellier,Provence-Alpes-Côte d'Azur,France,2023-04-05 21:33:56,Small Business
87474,Haruto Kobayashi,hkobayashi@outlook.com,Pune,Madhya Pradesh,India,2023-05-24 03:37:21,Consumer
90528,Jeffrey Carter,jeffreycarter@icloud.com,Calgary,Alberta,Canada,2022-12-26 11:59:16,Consumer
48584,Rohan Malhotra,rohan_malhotra@hotmail.com,Halifax,Newfoundland,Canada,2023-09-02 13:25:42,Consumer
19337,Long Liang,long_liang@icloud.com,Kolkata,West Bengal,India,2024-11-18 05:06:18,Consumer
11625,Ananya Gupta,ananya.gupta@gmail.com,Bangalore,Karnataka,India,2022-06-29 21:51:50,Consumer
23535,Ricardo Morales,ricardo_morales@yahoo.com,Utrecht,Limburg,Netherlands,2023-12-30 13:37:49,Consumer
19651,Matthew Parker,matthew750@gmail.com,Recife,Pará,Brazil,2022-08-30 20:02:12,Small Business
22892,Catalina Gomez,catalina795@gmail.com,Canberra,Northern Territory,Australia,2023-11-28 11:51:31,Consumer
38247,Pierre Laurent,plaurent@gmail.com,Dresden,Hesse,Germany,2022-06-29 12:51:58,Consumer
64009,Joon-woo Cho,jcho@gmail.com,Kawasaki,Kyoto,Japan,2024-07-13 22:54:09,Consumer
50244,Yan Tang,yan57@protonmail.com,Geelong,Northern Territory,Australia,2023-04-24 10:21:55,Consumer
19668,Antonio Ramos,antonio_ram@yahoo.com,Seattle,Washington,United States,2023-07-27 13:05:35,Consumer
41216,Robert Turner,robert79@hotmail.com,Saitama,Kanagawa,Japan,2023-03-04 19:59:19,Enterprise
60349,Femi Cisse,femi.cisse@outlook.com,San Antonio,Texas,United States,2022-07-05 16:24:43,Small Business
44324,Nasser Farah,nasser939@protonmail.com,Bordeaux,Grand Est,France,2022-11-08 11:53:15,Consumer
73659,Alejandra Alvarez,aalvarez@outlook.com,Los Angeles,California,United States,2023-08-29 21:11:32,Consumer
45900,Tunde Eze,tundeeze@icloud.com,Hiroshima,Fukuoka,Japan,2024-04-07 21:30:56,Small Business
58362,Sarah Smith,sarahsmith@outlook.com,Nijmegen,South Holland,Netherlands,2022-12-02 13:19:40,Consumer
45977,Aiden Johnson,aiden636@yahoo.com,Kyoto,Kyoto,Japan,2023-11-08 22:32:51,Consumer
61358,Rashid Rahman,rrahman@gmail.com,San Diego,California,United States,2023-03-18 17:45:01,Small Business
87562,Laura Cox,lauracox@protonmail.com,Salvador,Distrito Federal,Brazil,2023-02-14 19:51:12,Consumer
37626,Karen Hofmann,karen.hof@gmail.com,Saitama,Aichi,Japan,2022-11-08 21:12:46,Consumer
49982,Valentina Cruz,vcruz@outlook.com,Brasília,Minas Gerais,Brazil,2024-09-26 13:17:38,Consumer
40500,Haruto Hayashi,haruto_hay@gmail.com,Dresden,Berlin,Germany,2023-11-12 11:12:19,Consumer
12433,Carol Bell,cbell@outlook.com,Sydney,New South Wales,Australia,2023-12-16 13:40:31,Enterprise
25069,Ravi Desai,ravi539@yahoo.com,Los Angeles,California,United States,2024-04-24 12:55:38,Consumer
52661,James Campbell,james_campbell@gmail.com,Marseille,Provence-Alpes-Côte d'Azur,France,2024-03-16 15:03:49,Consumer
94711,Bo Zhou,bo_zho@gmail.com,Kolkata,Andhra Pradesh,India,2024-10-08 19:36:09,Small Business
55609,Emily Hall,emily994@gmail.com,Breda,South Holland,Netherlands,2023-07-15 16:05:12,Consumer
37212,Lucia Ortiz,lucia704@gmail.com,Darwin,Western Australia,Australia,2024-03-25 11:18:45,Consumer
44815,Timothy Mitchell,tmitchell@gmail.com,Darwin,Northern Territory,Australia,2024-09-04 14:02:39,Small Business
79526,Ethan Thompson,ethan.tho@gmail.com,Coventry,Wales,United Kingdom,2024-12-27 12:45:29,Consumer
33977,Varun Rao,varun_rao@gmail.com,Breda,Zeeland,Netherlands,2024-08-09 12:28:05,Consumer
58690,Ryan Carter,rcarter@outlook.com,Fukuoka,Fukuoka,Japan,2024-09-07 14:21:16,Small Business
37148,Susan Ramirez,sramirez@gmail.com,Groningen,Friesland,Netherlands,2024-10-02 08:13:24,Small Business
61189,David Thompson,david534@gmail.com,Lyon,Auvergne-Rhône-Alpes,France,2024-03-07 23:30:12,Consumer
31880,Matteo Colombo,matteo649@yahoo.com,Chiba,Tokyo,Japan,2024-09-16 14:19:19,Small Business
56385,Adriana Reyes,adriana.rey@gmail.com,Nagoya,Tokyo,Japan,2023-03-11 13:00:49,Enterprise
56528,Karim Farah,karim.farah@outlook.com,Gold Coast,New South Wales,Australia,2023-10-25 16:09:26,Consumer
90708,Michelle Miller,mmiller@yahoo.com,Liverpool,Northern Ireland,United Kingdom,2022-06-16 08:53:26,Consumer
16178,Simone Ndiaye,sndiaye@icloud.com,Utrecht,Limburg,Netherlands,2024-04-11 10:02:41,Consumer
48676,Timothy Harris,timothy638@protonmail.com,Amsterdam,North Holland,Netherlands,2024-03-23 12:26:22,Consumer
94973,Jules Moreau,jmoreau@gmail.com,New York,New York,United States,2024-07-21 09:23:05,Small Business
27439,Neha Nair,neha315@yahoo.com,Edmonton,Nova Scotia,Canada,2023-12-08 11:30:53,Consumer
19116,Alejandra Flores,alejandra795@hotmail.com,Denver,Colorado,United States,2022-07-13 06:37:26,Consumer
57400,Henry Davis,henry795@gmail.com,Toulouse,Occitanie,France,2024-02-02 18:33:28,Small Business
20771,Woo-jin Kwon,wkwon@outlook.com,Kumamoto,Shizuoka,Japan,2024-08-06 12:01:16,Consumer
69773,Daiki Nakamura,daiki_nak@outlook.com,St. John's,Manitoba,Canada,2023-08-16 14:04:58,Small Business
43736,Catalina Ruiz,cruiz@gmail.com,Bangalore,Karnataka,India,2023-07-07 20:26:12,Consumer
84968,Patricia Garcia,patricia_garcia@gmail.com,Sunderland,Wales,United Kingdom,2023-07-03 20:07:21,Consumer
19877,Richard Harris,rharris@icloud.com,Cologne,Berlin,Germany,2023-10-07 03:05:15,Consumer
93990,Olivia Wright,olivia.wri@gmail.com,Quebec City,Quebec,Canada,2024-07-18 21:10:45,Enterprise
56278,Kenneth Turner,kenneth130@outlook.com,Ottawa,Saskatchewan,Canada,2022-08-05 22:55:24,Consumer
24559,Arun Gupta,arun712@outlook.com,Chennai,Tamil Nadu,India,2023-12-31 14:54:13,Consumer
50513,Patricia Murphy,patricia.murphy@gmail.com,Hamburg,Hamburg,Germany,2023-07-28 17:33:58,Consumer
61179,Amira Sayegh,amira_sayegh@icloud.com,Groningen,North Holland,Netherlands,2024-09-20 14:36:14,Enterprise
30372,Jules Blanc,jules707@gmail.com,Adelaide,Western Australia,Australia,2024-10-26 10:13:12,Small Business
45419,Laura Anderson,laura.anderson@yahoo.com,Sunderland,Northern Ireland,United Kingdom,2023-10-02 15:32:46,Consumer
53966,Nasser Hassan,nasser.has@outlook.com,Guarulhos,Minas Gerais,Brazil,2024-09-20 14:39:14,Consumer
68746,Yuya Yamada,yuya.yam@hotmail.com,Newcastle,England,United Kingdom,2024-05-24 14:26:56,Small Business
42280,Sofia Torres,sofiator@outlook.com,Coventry,Scotland,United Kingdom,2024-02-06 19:47:44,Small Business
41130,Luis Suzuki,lsuzuki@protonmail.com,Kyoto,Kyoto,Japan,2024-03-18 12:48:15,Consumer
81626,Jeffrey Evans,jeffrey751@outlook.com,Wolverhampton,Northern Ireland,United Kingdom,2024-08-11 19:50:40,Consumer
43367,Beatriz Rivera,brivera@gmail.com,Hobart,Northern Territory,Australia,2024-05-29 21:15:46,Enterprise
37743,Wolfgang Wagner,wwagner@outlook.com,Saitama,Aichi,Japan,2022-07-16 12:53:11,Consumer
53614,Darius Cisse,darius.cisse@gmail.com,Leicester,England,United Kingdom,2023-09-02 14:22:15,Small Business
18547,Hugo Girard,hugo287@gmail.com,Visakhapatnam,Gujarat,India,2024-08-09 15:22:02,Consumer
86284,Fatou Kone,fkone@outlook.com,St. John's,Alberta,Canada,2023-11-24 13:45:26,Consumer
69493,Aiden Jackson,aiden_jackson@yahoo.com,Philadelphia,Pennsylvania,United States,2024-04-25 11:07:32,Consumer
32477,Abigail Bailey,abigailbailey@protonmail.com,Rotterdam,South Holland,Netherlands,2024-11-07 14:25:07,Consumer
28245,Hassan Awad,hawad@icloud.com,Cologne,Hesse,Germany,2024-10-21 12:36:22,Consumer
72518,Kai Luo,kluo@gmail.com,Charlotte,Colorado,United States,2023-04-21 19:34:37,Consumer
13302,Isabella Morales,isabella494@gmail.com,Paris,Île-de-France,France,2024-12-16 21:26:52,Consumer
84776,Carmen Cruz,carmen58@gmail.com,Columbus,Oklahoma,United States,2024-05-11 07:51:35,Consumer
74030,Michelle Brown,michellebro@protonmail.com,Nijmegen,Overijssel,Netherlands,2024-10-07 21:59:52,Consumer
33372,Layla Jackson,layla.jackson@gmail.com,Reims,Bretagne,France,2022-12-07 17:30:55,Small Business
91510,Elijah Wright,ewright@hotmail.com,Sakai,Miyagi,Japan,2024-03-11 12:32:57,Enterprise
50365,Diego Ramos,diego525@outlook.com,Eindhoven,Gelderland,Netherlands,2023-11-16 17:32:01,Small Business
63767,Ryan Miller,ryan.miller@outlook.com,Liverpool,Northern Ireland,United Kingdom,2024-02-11 22:16:28,Small Business
56447,Jack Cooper,jcooper@yahoo.com,Charlotte,Michigan,United States,2023-12-01 18:22:54,Consumer
47037,Daniela Rivera,daniela_rivera@gmail.com,Wuppertal,Rhineland-Palatinate,Germany,2022-12-29 01:53:16,Consumer
46965,Deepak Gupta,dgupta@gmail.com,Victoria,Alberta,Canada,2022-09-12 10:44:55,Small Business
85095,Ji-woo Ali,jiwooali@gmail.com,Delhi,Delhi,India,2023-07-01 21:17:53,Consumer
65360,Sanjay Singh,sanjay.sin@gmail.com,San Diego,California,United States,2022-12-23 17:08:32,Small Business
82112,Marco Romano,marcoromano@icloud.com,Mumbai,Maharashtra,India,2022-06-25 10:33:14,Consumer
66444,Nasser Ibrahim,nasseribrahim@yahoo.com,Eindhoven,Friesland,Netherlands,2022-10-04 13:48:31,Consumer
95275,Hassan Said,hassan.said@gmail.com,Nashville,California,United States,2022-07-04 17:01:14,Small Business
98998,Hugo Leroy,hugo_ler@outlook.com,Hobart,Australian Capital Territory,Australia,2023-05-14 17:23:15,Consumer
21508,Antoine Moreau,amoreau@gmail.com,Amsterdam,North Holland,Netherlands,2024-04-11 19:51:02,Consumer
73093,Nicolas Dubois,nicolasdub@hotmail.com,San Antonio,Texas,United States,2022-09-14 20:07:46,Small Business
46697,Aaliyah Traore,atraore@gmail.com,Kumamoto,Tokyo,Japan,2022-09-14 09:48:00,Consumer
20889,Tao Cao,tao875@hotmail.com,Hobart,South Australia,Australia,2024-11-29 11:09:36,Consumer
53293,Ye-jin Kim,yejinkim@hotmail.com,Brasília,Mato Grosso,Brazil,2023-03-11 17:33:38,Small Business
52477,Nikhil Reddy,nikhil570@gmail.com,Bremen,Berlin,Germany,2024-05-29 04:46:32,Consumer
88933,Oscar Vasquez,oscar_vasquez@gmail.com,Utrecht,Friesland,Netherlands,2022-12-15 20:21:08,Consumer
66440,Kai Wu,kai.wu@gmail.com,Recife,Pará,Brazil,2023-05-18 06:29:07,Consumer
27021,Lena Wolf,lenawol@outlook.com,Quebec City,Nova Scotia,Canada,2024-09-05 14:18:51,Consumer
79673,Abena Okeke,abena124@icloud.com,Nagpur,Haryana,India,2022-11-19 13:12:15,Consumer
24965,Timothy Thomas,timothy492@yahoo.com,Eindhoven,Zeeland,Netherlands,2023-07-07 12:06:05,Small Business
63460,Sophia Murphy,sophia_murphy@outlook.com,Toulouse,Provence-Alpes-Côte d'Azur,France,2023-03-06 14:31:07,Small Business
40109,Emily Brown,ebrown@gmail.com,Saskatoon,Ontario,Canada,2023-10-10 19:04:44,Consumer
28463,Carmen Castillo,carmen.cas@gmail.com,Dresden,Rhineland-Palatinate,Germany,2024-08-25 22:25:45,Small Business
27266,Nicolas Petit,nicolas633@yahoo.com,San Jose,California,United States,2023-08-24 15:05:46,Consumer
99082,Markus Fischer,markus.fis@outlook.com,Utrecht,Groningen,Netherlands,2022-11-29 17:29:28,Enterprise
63427,Pierre Faure,pierre.fau@gmail.com,Bochum,Berlin,Germany,2024-06-07 15:42:22,Consumer
89997,Teresa Reyes,teresa179@gmail.com,Amsterdam,North Holland,Netherlands,2022-07-14 09:59:09,Consumer
67895,Suresh Agarwal,suresh520@gmail.com,Nijmegen,Drenthe,Netherlands,2023-02-27 03:30:28,Consumer
93999,Long Owusu,long.owusu@icloud.com,Nashville,Connecticut,United States,2023-01-14 22:46:30,Consumer
18421,Alejandro Gomez,alejandro.gom@outlook.com,The Hague,Groningen,Netherlands,2024-12-05 11:28:05,Consumer
20399,Alejandro Alvarez,aalvarez@gmail.com,Surat,Rajasthan,India,2024-07-30 10:58:45,Small Business
24638,Paula Mendoza,paula.mendoza@gmail.com,Ghaziabad,Tamil Nadu,India,2024-03-27 20:13:55,Consumer
51425,Marlene Becker,marlenebecker@gmail.com,Rotterdam,South Holland,Netherlands,2022-06-05 08:12:33,Consumer
44068,Michael Roberts,michael.rob@yahoo.com,Cairns,New South Wales,Australia,2024-07-29 12:28:05,Consumer
22741,Joon-woo Lee,joonwoo.lee@protonmail.com,Wollongong,Victoria,Australia,2022-07-29 19:48:39,Consumer
25460,George Smith,george.smith@gmail.com,London,Newfoundland,Canada,2023-07-28 10:40:35,Consumer
33481,Ousmane Okeke,ousmane.okeke@gmail.com,Sunderland,England,United Kingdom,2024-08-28 08:19:34,Consumer
19568,Edward Collins,edward.col@gmail.com,Windsor,Ontario,Canada,2023-03-24 17:27:11,Consumer
46549,Mason Reed,masonree@gmail.com,Goiânia,São Paulo,Brazil,2023-04-19 14:22:07,Consumer
14391,Veronica Lin,veronica657@icloud.com,Kitchener,Ontario,Canada,2024-06-22 17:22:03,Consumer
13350,Ravi Mukherjee,rmukherjee@yahoo.com,Belo Horizonte,Espírito Santo,Brazil,2024-01-16 14:07:26,Consumer
45294,Emeka Sane,emeka925@gmail.com,Hobart,South Australia,Australia,2022-07-26 15:04:24,Small Business
42278,Sebastian Ortiz,sebastian.ortiz@yahoo.com,São Paulo,São Paulo,Brazil,2022-06-22 21:04:19,Consumer
24600,Laura Becker,laurabecker@gmail.com,Hobart,Northern Territory,Australia,2024-10-09 02:43:00,Small Business
11368,Kenneth Phillips,kphillips@gmail.com,Belo Horizonte,Goiás,Brazil,2022-06-05 22:17:21,Small Business
67172,Sota Wu,sota.wu@gmail.com,Jaipur,Gujarat,India,2022-12-17 21:48:26,Consumer
43501,Aminata Diallo,aminatadiallo@gmail.com,Sendai,Hiroshima,Japan,2023-09-15 17:02:48,Consumer
50613,Heike Richter,heikerichter@hotmail.com,Cardiff,Scotland,United Kingdom,2022-11-13 14:04:31,Consumer
96279,Pascal Mercier,pascal_mer@yahoo.com,Brasília,Paraná,Brazil,2022-06-02 11:32:46,Consumer
17854,Vijay Hegde,vijay_hegde@gmail.com,Marseille,Provence-Alpes-Côte d'Azur,France,2022-09-25 09:43:50,Consumer
91982,Deepa Desai,deepa675@hotmail.com,Tilburg,Zeeland,Netherlands,2024-10-23 20:31:59,Small Business
47838,Stephanie Wilson,stephanie647@gmail.com,Manaus,Paraná,Brazil,2022-11-06 17:04:08,Small Business
68068,Raul Herrera,raul241@gmail.com,Fortaleza,Mato Grosso,Brazil,2022-09-27 18:42:27,Consumer
64886,Vijay Pillai,vijay.pil@gmail.com,Seattle,Washington,United States,2024-11-06 08:51:46,Small Business
70412,Ryan Lewis,ryan401@outlook.com,London,England,United Kingdom,2023-11-23 16:31:48,Small Business
92066,Donald Edwards,dedwards@gmail.com,Strasbourg,Bretagne,France,2024-01-02 11:25:34,Small Business
73867,Hui Ma,hui151@gmail.com,Nagoya,Hiroshima,Japan,2022-07-12 23:47:24,Small Business
74533,Karthik Nair,karthik848@outlook.com,Liverpool,Northern Ireland,United Kingdom,2023-06-03 15:11:03,Small Business
54050,Kenneth Thompson,kenneth863@yahoo.com,Melbourne,Victoria,Australia,2024-08-23 03:05:40,Consumer
69307,Leonardo Moretti,leonardo.mor@gmail.com,Vancouver,British Columbia,Canada,2023-06-22 12:32:35,Consumer
45044,Antonio Castillo,antoniocastillo@yahoo.com,Winnipeg,Manitoba,Canada,2024-08-03 21:26:29,Consumer
45438,Ashok Agarwal,aagarwal@gmail.com,Perth,Western Australia,Australia,2023-08-01 11:18:21,Consumer
47936,Joshua Reed,joshua_ree@gmail.com,Darwin,Queensland,Australia,2022-10-07 18:19:50,Consumer
71939,Anil Bose,anil482@gmail.com,Utrecht,Groningen,Netherlands,2023-02-18 18:59:37,Consumer
30114,Malik Thomas,malik.tho@icloud.com,Plymouth,Wales,United Kingdom,2024-03-08 10:40:45,Small Business
77590,Bo Chen,boche@outlook.com,Barrie,Ontario,Canada,2024-04-28 03:20:02,Consumer
27958,Sofia Ramos,sofia265@yahoo.com,Victoria,British Columbia,Canada,2023-03-07 04:45:17,Consumer
88564,Susan Thomas,susan_thomas@gmail.com,Nijmegen,Drenthe,Netherlands,2023-12-02 03:44:40,Consumer
13785,Ruben Reyes,ruben.rey@yahoo.com,Darwin,New South Wales,Australia,2023-01-29 01:43:05,Small Business
79078,Olivia Collins,oliviacollins@icloud.com,Visakhapatnam,Maharashtra,India,2023-11-21 19:55:32,Consumer
12881,Sophie Leroy,sophie598@gmail.com,Goiânia,São Paulo,Brazil,2024-05-05 19:56:10,Small Business
95646,Sabine Neumann,sabine126@icloud.com,Sheffield,Northern Ireland,United Kingdom,2022-11-01 17:03:49,Consumer
81886,Yan Thomas,yan.tho@icloud.com,Hobart,Australian Capital Territory,Australia,2023-12-25 15:48:50,Consumer
61783,Jonas Schwarz,jonas_schwarz@outlook.com,Lille,Occitanie,France,2024-12-27 12:45:14,Consumer
81022,Ava Martin,avamartin@gmail.com,Jacksonville,Tennessee,United States,2023-08-14 19:27:06,Small Business
88269,Mark Thompson,mark.thompson@yahoo.com,Brighton,Scotland,United Kingdom,2024-04-27 09:37:10,Consumer
84539,Elijah Walker,elijah.wal@hotmail.com,Wuppertal,Saxony,Germany,2023-01-17 16:22:40,Enterprise
27867,Adaeze Okonkwo,adaeze.oko@gmail.com,Nottingham,Northern Ireland,United Kingdom,2023-02-07 21:29:52,Enterprise
54916,Amit Shah,amit517@gmail.com,Cairns,Queensland,Australia,2024-04-02 20:53:47,Consumer
32211,Amelia Phillips,amelia.phillips@outlook.com,Adelaide,Tasmania,Australia,2023-02-09 11:11:23,Consumer
76627,Nancy Collins,ncollins@protonmail.com,Ghaziabad,Delhi,India,2022-09-28 19:57:37,Consumer
49163,Aishwarya Banerjee,aishwaryabanerjee@gmail.com,Bordeaux,Hauts-de-France,France,2024-04-05 15:36:06,Enterprise
17589,Lisa Edwards,lisaedw@outlook.com,São Paulo,São Paulo,Brazil,2024-08-12 23:21:15,Small Business
27440,Olivier Simon,olivier374@icloud.com,Kumamoto,Hiroshima,Japan,2024-05-13 19:27:40,Consumer
82340,Dorothy Stewart,dorothy_stewart@yahoo.com,Winnipeg,Manitoba,Canada,2024-09-30 09:29:19,Consumer
72693,Yousef Farah,yfarah@gmail.com,Ottawa,New Brunswick,Canada,2024-03-25 13:25:51,Consumer
94603,Veronica Flores,veronica_flores@yahoo.com,Ottawa,Nova Scotia,Canada,2022-07-31 21:53:02,Small Business
11751,Lorenzo Giordano,lorenzo449@gmail.com,Los Angeles,California,United States,2023-01-15 06:23:41,Consumer
48511,Veronica Romero,veronicarom@outlook.com,Essen,Berlin,Germany,2023-04-10 10:17:17,Consumer
21010,Ousmane Owusu,ousmane_owu@gmail.com,Austin,Texas,United States,2024-11-11 21:39:12,Consumer
80819,Joseph Campbell,jcampbell@gmail.com,Amsterdam,North Holland,Netherlands,2024-12-18 14:59:41,Consumer
36289,Caleb Ward,cward@gmail.com,Sydney,New South Wales,Australia,2024-02-26 21:26:38,Consumer
53754,Ricardo Morales,ricardomor@icloud.com,Belém,Pará,Brazil,2023-09-11 21:49:15,Consumer
14045,Aiden Phillips,aiden.phi@icloud.com,Dortmund,Lower Saxony,Germany,2023-10-15 19:00:52,Consumer
83539,Harper Morgan,harper.morgan@gmail.com,Nice,Provence-Alpes-Côte d'Azur,France,2023-12-15 10:51:41,Consumer
60577,Vidya Agarwal,vidya394@icloud.com,Fukuoka,Kanagawa,Japan,2023-06-01 15:53:18,Small Business
83394,Ming Gao,minggao@hotmail.com,Sherbrooke,Ontario,Canada,2022-11-23 08:13:52,Consumer
50736,Isabelle Morris,isabelle_morris@yahoo.com,Pune,Telangana,India,2024-03-20 10:51:10,Consumer
97703,Mark Anderson,markanderson@hotmail.com,Cairns,Victoria,Australia,2022-07-10 14:45:47,Consumer
76188,Donna Cox,donna.cox@gmail.com,Hanover,Berlin,Germany,2024-01-22 21:11:53,Consumer
48476,Marion Martin,mmartin@gmail.com,Salvador,São Paulo,Brazil,2024-05-06 11:51:31,Small Business
70785,Melissa Morris,melissa_mor@icloud.com,Breda,Gelderland,Netherlands,2024-11-03 07:05:50,Small Business
94547,Gang Wu,gwu@protonmail.com,Melbourne,Victoria,Australia,2023-01-31 08:26:39,Small Business
15734,Dorothy Rogers,dorothyrog@yahoo.com,Indore,Rajasthan,India,2023-09-23 06:40:26,Consumer
62983,Susan Thompson,sthompson@gmail.com,Dallas,Texas,United States,2023-03-23 19:52:45,Consumer
46645,Hamza Hamdan,hhamdan@gmail.com,Kawasaki,Nagano,Japan,2024-03-29 12:47:37,Consumer
37079,Karim Nasser,karim_nasser@yahoo.com,Sunderland,England,United Kingdom,2023-02-08 14:02:48,Small Business
95641,Ronald Allen,rallen@gmail.com,Hamilton,New Brunswick,Canada,2022-07-26 21:59:20,Consumer
73995,Edward Thomas,edward_tho@yahoo.com,Sapporo,Shizuoka,Japan,2024-10-11 20:25:21,Consumer
17611,Akari Kimura,akari63@gmail.com,Campinas,Espírito Santo,Brazil,2024-07-23 16:01:58,Consumer
15811,Haruto Yoshida,harutoyos@gmail.com,Victoria,Saskatchewan,Canada,2023-12-01 21:39:27,Small Business
72862,Emma Roberts,emma_roberts@outlook.com,Fukuoka,Osaka,Japan,2022-09-20 18:05:21,Small Business
40673,James Turner,james.tur@protonmail.com,Pune,Maharashtra,India,2024-06-08 20:39:46,Consumer
13930,Arthur Mercier,arthurmercier@outlook.com,Saskatoon,Nova Scotia,Canada,2022-11-10 19:48:18,Consumer
15492,Veronica Rodriguez,veronica326@outlook.com,Columbus,New York,United States,2023-09-03 18:41:28,Small Business
24422,Olivia Richter,olivia531@icloud.com,Kawasaki,Shizuoka,Japan,2024-03-13 10:13:19,Enterprise
89657,Evelyn Thompson,evelyn334@outlook.com,Toulouse,Centre-Val de Loire,France,2023-03-20 04:16:58,Small Business
51849,Chioma Toure,chioma801@outlook.com,Nashville,California,United States,2024-04-16 17:27:31,Small Business
38560,Lucia Gomez,lucia466@protonmail.com,Dallas,Texas,United States,2024-07-19 13:57:52,Consumer
82765,Sabine Zimmermann,sabine412@gmail.com,Sunderland,Scotland,United Kingdom,2024-05-31 20:20:15,Consumer
78054,Ricardo Castillo,rcastillo@yahoo.com,Thane,Rajasthan,India,2022-08-27 15:10:32,Consumer
98798,Jack Wright,jackwri@icloud.com,Windsor,Ontario,Canada,2023-02-16 14:52:39,Enterprise
84211,Lisa Allen,lallen@yahoo.com,Salvador,Bahia,Brazil,2023-06-14 08:08:58,Enterprise
76257,Gabriele Rossi,grossi@gmail.com,Ottawa,Ontario,Canada,2022-11-08 09:39:22,Small Business
53542,Hana Hamdan,hhamdan@protonmail.com,Düsseldorf,North Rhine-Westphalia,Germany,2024-07-21 11:02:25,Consumer
91253,Valentina Mendoza,valentina.men@icloud.com,Bangalore,Karnataka,India,2024-12-19 10:32:18,Consumer
34746,Shreya Johnson,shreya.joh@outlook.com,Barrie,Alberta,Canada,2024-02-11 17:55:10,Enterprise
85478,Thomas Anderson,tanderson@yahoo.com,Utrecht,North Brabant,Netherlands,2024-03-04 11:52:40,Small Business
48861,Jack Nelson,jack248@gmail.com,Amsterdam,North Holland,Netherlands,2024-04-07 16:56:11,Consumer
85312,James Hall,james71@outlook.com,Pune,Karnataka,India,2022-08-11 17:10:04,Consumer
55727,Lucas Dubois,ldubois@protonmail.com,Munich,Bavaria,Germany,2022-07-14 10:49:21,Small Business
41461,Henry Carter,hcarter@gmail.com,Wuppertal,Rhineland-Palatinate,Germany,2023-09-15 14:29:31,Consumer
49666,Lan Deng,lan263@outlook.com,Strasbourg,Bourgogne-Franche-Comté,France,2022-08-29 19:14:06,Small Business
32683,Emma Johnson,emma575@outlook.com,Fukuoka,Hokkaido,Japan,2022-08-14 09:19:26,Consumer
81179,Matteo Giordano,matteo_giordano@yahoo.com,Chiba,Kyoto,Japan,2023-01-18 10:16:11,Small Business
85347,Daniel Rogers,daniel826@gmail.com,Kolkata,Haryana,India,2024-04-24 12:58:58,Small Business
30918,Jing Chen,jingche@outlook.com,San Diego,California,United States,2023-01-03 18:45:59,Consumer
64341,Michelle Wright,michellewright@outlook.com,Thane,Punjab,India,2023-11-06 16:57:36,Enterprise
42781,Javier Perez,javier_perez@gmail.com,Bremen,Brandenburg,Germany,2023-05-17 20:59:16,Consumer
21648,Arjun Nair,arjun.nai@gmail.com,Nagpur,Andhra Pradesh,India,2022-08-18 21:31:25,Consumer
66125,Chloe Collins,chloecol@gmail.com,Breda,Groningen,Netherlands,2022-07-04 17:49:04,Consumer
71107,Elizabeth Richardson,erichardson@icloud.com,Strasbourg,Pays de la Loire,France,2023-07-06 11:55:10,Consumer
95983,Ethan Bell,ebell@outlook.com,Patna,Madhya Pradesh,India,2024-05-24 09:02:05,Consumer
50649,Mateo Rivera,mateo.riv@protonmail.com,San Diego,California,United States,2023-12-11 11:39:37,Small Business
29518,Nisha Pillai,npillai@outlook.com,Austin,Texas,United States,2022-07-07 15:02:18,Consumer
82381,Timothy Parker,timothy_parker@outlook.com,Nagpur,Andhra Pradesh,India,2024-02-09 21:23:09,Consumer
51373,Nancy Parker,nparker@yahoo.com,San Jose,California,United States,2022-12-17 20:05:32,Consumer
62612,Jack Bailey,jack.bai@outlook.com,Visakhapatnam,Andhra Pradesh,India,2022-08-17 19:55:58,Enterprise
71158,Leon Braun,leon891@icloud.com,Hamilton,Manitoba,Canada,2024-10-25 19:10:10,Consumer
81917,Florian Schwarz,florian.sch@gmail.com,Newcastle,Wales,United Kingdom,2022-12-03 15:55:45,Consumer
38426,Sandra Jones,sandra.jones@yahoo.com,Gold Coast,Queensland,Australia,2022-06-25 22:02:45,Consumer
15074,Paul Collins,pcollins@yahoo.com,Essen,Saxony,Germany,2024-06-13 11:22:55,Consumer
64494,Arjun Kumar,arjun.kumar@protonmail.com,Sendai,Nagano,Japan,2024-12-26 14:49:19,Consumer
55915,George Cooper,gcooper@gmail.com,Columbus,New York,United States,2024-06-03 12:07:25,Consumer
71115,Zara Camara,zara16@protonmail.com,Bristol,England,United Kingdom,2022-07-10 18:21:00,Small Business
34401,Sneha Shah,sneha.sha@outlook.com,Jacksonville,Kentucky,United States,2023-01-23 16:39:18,Consumer
86189,Hui Zhao,hui_zhao@yahoo.com,Bremen,North Rhine-Westphalia,Germany,2022-06-17 13:33:04,Consumer
32494,Michael Taylor,mtaylor@protonmail.com,Toulon,Auvergne-Rhône-Alpes,France,2024-06-22 09:04:16,Consumer
13504,Michael Bailey,michael284@yahoo.com,Portland,Oregon,United States,2023-01-27 21:23:08,Consumer
18417,Ryan Baker,ryanbak@hotmail.com,Hiroshima,Shizuoka,Japan,2022-07-14 18:32:26,Enterprise
15952,Dinesh Kapoor,dineshkap@hotmail.com,Oshawa,Saskatchewan,Canada,2023-07-24 11:14:00,Consumer
51811,Rania Khoury,rania666@gmail.com,Sherbrooke,Ontario,Canada,2023-05-23 12:59:18,Consumer
25190,Karen Parker,kparker@gmail.com,Reims,Île-de-France,France,2024-05-20 18:27:39,Small Business
77493,Xin Li,xin.li@outlook.com,Tilburg,Zeeland,Netherlands,2023-10-13 14:29:37,Small Business
48942,Hector Garcia,hectorgar@gmail.com,Adelaide,Australian Capital Territory,Australia,2022-09-19 15:00:51,Consumer
15428,Elena Medina,elena733@icloud.com,Perth,Western Australia,Australia,2023-06-30 13:10:26,Consumer
95479,Cheng Lin,cheng572@outlook.com,Kitakyushu,Tokyo,Japan,2022-11-29 14:04:08,Consumer
92903,William Howard,william.howard@outlook.com,Leeds,England,United Kingdom,2023-09-05 15:30:58,Small Business
65661,Andrew Morgan,andrew.mor@gmail.com,Utrecht,Limburg,Netherlands,2022-11-20 21:00:35,Consumer
45295,Paul Okonkwo,pauloko@gmail.com,Newcastle,Western Australia,Australia,2023-04-13 09:21:25,Consumer
25986,Beatrice Barbieri,beatrice42@yahoo.com,Toulouse,Normandie,France,2022-11-27 13:29:03,Small Business
22344,Michael Murphy,michael_mur@yahoo.com,Nantes,Pays de la Loire,France,2024-12-23 18:59:44,Consumer
96287,Juana Baker,juana.baker@yahoo.com,Boston,Massachusetts,United States,2023-03-31 19:35:17,Enterprise
85928,Robert Cook,rcook@gmail.com,Canberra,Queensland,Australia,2023-05-12 18:23:44,Consumer
82687,Cesar Sanchez,cesarsanchez@gmail.com,São Paulo,São Paulo,Brazil,2022-06-05 17:29:57,Small Business
66751,Richard White,richard955@hotmail.com,Victoria,Nova Scotia,Canada,2024-10-31 17:18:58,Consumer
47345,Matthew Richardson,matthew.richardson@yahoo.com,Vancouver,British Columbia,Canada,2023-09-02 13:33:03,Consumer
44622,Margaret Harris,margarethar@gmail.com,Hobart,Northern Territory,Australia,2022-08-16 19:11:16,Small Business
40631,Nikhil Banerjee,nikhil.ban@icloud.com,Bordeaux,Centre-Val de Loire,France,2023-10-13 11:45:36,Consumer
28695,Misaki Watanabe,mwatanabe@gmail.com,Utrecht,Limburg,Netherlands,2023-01-26 09:40:02,Consumer
37675,Jack Stewart,jack397@icloud.com,Charlotte,Pennsylvania,United States,2023-09-19 20:00:09,Small Business
10501,Susan Murphy,susan_mur@yahoo.com,Nantes,Île-de-France,France,2023-06-04 18:50:15,Consumer
81787,Ryan Allen,ryanallen@outlook.com,Barrie,British Columbia,Canada,2022-11-09 10:47:34,Consumer
65521,Giovanni Moretti,gmoretti@protonmail.com,Hiroshima,Kyoto,Japan,2023-05-23 15:15:44,Consumer
58432,Michael Miller,michael97@outlook.com,Kobe,Aichi,Japan,2024-06-21 18:24:07,Small Business
36592,Rania Mansour,rmansour@yahoo.com,Delhi,Delhi,India,2024-09-20 14:08:22,Small Business
12566,Claire Girard,claire775@gmail.com,Belfast,Scotland,United Kingdom,2023-06-20 11:38:04,Consumer
32655,Abigail Williams,abigailwilliams@protonmail.com,Rotterdam,South Holland,Netherlands,2024-07-06 20:09:31,Consumer
50777,Manuel Romero,mromero@gmail.com,Berlin,Berlin,Germany,2024-01-02 08:06:58,Small Business
18317,Nicolas Faure,nicolas.fau@outlook.com,Wuppertal,Berlin,Germany,2022-08-29 20:02:44,Consumer
41084,Giuseppe Greco,giuseppe.greco@icloud.com,Ballarat,Victoria,Australia,2023-08-15 15:05:37,Small Business
39991,Timothy Morgan,timothy385@outlook.com,Wollongong,Tasmania,Australia,2023-07-17 11:23:10,Consumer
85217,Gabriele Barbieri,gabriele_bar@outlook.com,Nijmegen,Gelderland,Netherlands,2022-10-15 18:32:21,Small Business
60841,Charlotte Williams,charlotte716@yahoo.com,The Hague,Zeeland,Netherlands,2024-05-12 12:24:45,Consumer
27523,George Cox,georgecox@outlook.com,Seattle,Washington,United States,2022-10-13 13:01:12,Consumer
59140,Claudia Flores,claudiaflo@gmail.com,Bristol,England,United Kingdom,2024-12-27 17:04:15,Consumer
10183,Vidya Verma,vverma@icloud.com,Lille,Bretagne,France,2024-03-01 16:35:49,Consumer
32490,Ethan Parker,ethan318@gmail.com,Amsterdam,North Holland,Netherlands,2022-06-05 12:06:21,Consumer
98688,Betty Jackson,betty388@outlook.com,Patna,Punjab,India,2024-06-15 19:04:22,Enterprise
41931,David Howard,dhoward@gmail.com,Chiba,Miyagi,Japan,2022-09-12 07:00:43,Small Business
82787,Emily Stewart,emily_ste@gmail.com,Grenoble,Bourgogne-Franche-Comté,France,2022-09-03 20:41:39,Small Business
34787,Jules Morel,jules.morel@gmail.com,Gold Coast,Australian Capital Territory,Australia,2024-05-12 20:22:11,Consumer
80317,Donald Bell,donald.bel@hotmail.com,Ottawa,New Brunswick,Canada,2023-06-25 17:40:12,Consumer
63308,Olivier Laurent,olaurent@yahoo.com,Almere,Overijssel,Netherlands,2023-12-11 07:03:43,Small Business
39538,Kanon Yamada,kanon313@gmail.com,Rotterdam,South Holland,Netherlands,2022-11-15 12:27:33,Consumer
86668,Pierre Dubois,pierre126@outlook.com,Nijmegen,Groningen,Netherlands,2024-10-03 09:25:14,Enterprise
48762,Amit Mehta,amit823@gmail.com,Melbourne,Victoria,Australia,2023-03-10 17:15:23,Consumer
91417,Ngozi Nwosu,ngozi392@protonmail.com,Brasília,Bahia,Brazil,2023-11-06 08:54:11,Enterprise
21751,Barbara Jackson,barbara.jac@outlook.com,Houston,Texas,United States,2022-09-11 18:33:19,Small Business
74555,Tobias Bauer,tbauer@outlook.com,Nottingham,England,United Kingdom,2022-11-16 12:59:08,Consumer
54043,Fernando Castillo,fernandocastillo@outlook.com,Melbourne,Victoria,Australia,2023-09-06 21:33:54,Consumer
30259,Margaret Adams,margaret63@gmail.com,Thane,Telangana,India,2023-10-15 19:06:47,Consumer
64127,Eun-ji Hwang,eunji.hwa@icloud.com,Kobe,Hyogo,Japan,2024-04-25 18:54:21,Consumer
52192,Akosua Keita,akeita@icloud.com,Windsor,New Brunswick,Canada,2023-10-11 05:20:51,Consumer
50706,Kenneth Green,kenneth_green@gmail.com,Strasbourg,Provence-Alpes-Côte d'Azur,France,2023-06-06 11:03:54,Consumer
68260,Hector Rodriguez,hector.rodriguez@outlook.com,Kolkata,Andhra Pradesh,India,2022-07-12 20:33:57,Small Business
67032,Nikhil Das,nikhildas@gmail.com,Lucknow,Rajasthan,India,2023-03-16 18:27:05,Consumer
79152,William Hall,whall@yahoo.com,Coventry,Scotland,United Kingdom,2023-11-06 18:39:50,Consumer
44240,Tunde Ndiaye,tndiaye@gmail.com,Salvador,Distrito Federal,Brazil,2023-09-18 19:12:15,Consumer
75914,Wolfgang Werner,wolfgangwerner@gmail.com,Nagpur,Tamil Nadu,India,2022-12-29 15:02:13,Consumer
60145,Omar Saleh,osaleh@gmail.com,Brasília,Rio Grande do Sul,Brazil,2022-06-01 16:00:33,Consumer
35240,Ying Han,ying_han@yahoo.com,San Antonio,Texas,United States,2022-10-13 07:56:16,Consumer
97448,Isabella Scott,isabella.sco@outlook.com,Hobart,Tasmania,Australia,2023-10-30 20:06:24,Consumer
10857,Nia Camara,ncamara@yahoo.com,San Jose,California,United States,2023-03-16 11:57:57,Small Business
65371,Qing Yang,qyang@yahoo.com,Nottingham,Wales,United Kingdom,2022-07-31 06:45:36,Small Business
87955,Florian Richter,florian415@hotmail.com,Boston,Massachusetts,United States,2023-07-01 11:02:57,Consumer
78225,Fernando Moreno,fernando708@gmail.com,Sendai,Aichi,Japan,2022-06-22 15:20:28,Consumer
24975,Betty Wilson,bettywilson@yahoo.com,Austin,Texas,United States,2024-04-12 15:13:29,Consumer
87648,Ashley Young,ashley.you@outlook.com,Halifax,New Brunswick,Canada,2024-08-12 19:09:04,Small Business
71761,Divya Desai,divya.desai@yahoo.com,Newcastle,South Australia,Australia,2023-04-28 12:49:31,Consumer
81423,Nisha Rao,nrao@hotmail.com,Darwin,Northern Territory,Australia,2023-04-08 12:04:37,Consumer
22751,Hannah Fischer,hannah489@outlook.com,Nashville,Georgia,United States,2024-04-22 13:32:50,Consumer
24049,Joseph Davis,joseph182@gmail.com,Winnipeg,Alberta,Canada,2023-05-07 11:53:22,Consumer
45283,Oscar Hernandez,oscarhernandez@gmail.com,Nuremberg,Hesse,Germany,2024-08-29 18:54:39,Consumer
78684,Kavya Shah,kavya.sha@outlook.com,Kumamoto,Okinawa,Japan,2024-05-26 13:07:42,Consumer
67764,Eun-ji Jung,ejung@outlook.com,Hobart,Australian Capital Territory,Australia,2023-10-23 20:13:05,Consumer
96584,Andres Chavez,achavez@yahoo.com,Nagoya,Shizuoka,Japan,2023-11-26 18:52:34,Small Business
77095,Elizabeth Wright,elizabeth.wright@hotmail.com,Tilburg,North Holland,Netherlands,2022-09-21 14:00:37,Consumer
81911,Juana Ortiz,juana.ort@yahoo.com,Montreal,Quebec,Canada,2022-08-28 14:33:02,Enterprise
54747,Aarti Mehta,amehta@hotmail.com,São Paulo,São Paulo,Brazil,2024-06-06 17:11:39,Consumer
22748,Margaret Thomas,margaret.thomas@gmail.com,Goiânia,Ceará,Brazil,2023-08-20 12:20:09,Consumer
97459,Lakshmi Das,lakshmi_das@yahoo.com,Düsseldorf,Bavaria,Germany,2022-09-07 21:55:16,Consumer
75863,Ravi Malhotra,ravi21@gmail.com,Bhopal,Maharashtra,India,2022-06-09 20:28:57,Consumer
56630,Lisa Ward,lisaward@outlook.com,Chennai,Tamil Nadu,India,2022-08-23 15:20:30,Consumer
35652,Tunde Asante,tunde.asante@gmail.com,Almere,Friesland,Netherlands,2024-05-01 11:08:48,Enterprise
90019,Deepak Bose,deepak.bos@gmail.com,Dortmund,North Rhine-Westphalia,Germany,2023-06-03 14:25:16,Consumer
10442,Mary Okeke,maryokeke@gmail.com,Salvador,Santa Catarina,Brazil,2022-10-03 16:15:57,Enterprise
96118,Harper Bailey,harper.bai@icloud.com,Sapporo,Kyoto,Japan,2022-06-20 09:55:05,Consumer
97261,Margaux Okonkwo,mokonkwo@gmail.com,Breda,Flevoland,Netherlands,2022-06-06 23:37:35,Enterprise
78831,Richard Collins,richard286@icloud.com,Tilburg,Groningen,Netherlands,2022-07-17 11:47:26,Consumer
15731,Henry Martin,henry.mar@outlook.com,Windsor,Saskatchewan,Canada,2024-04-27 19:00:32,Consumer
18019,Ming Huang,ming.hua@gmail.com,Newcastle,Northern Territory,Australia,2024-03-22 10:54:22,Consumer
90045,Vikram Sharma,vsharma@gmail.com,Bhopal,Delhi,India,2023-12-12 00:16:38,Consumer
93989,Anna Bruno,annabru@gmail.com,Leipzig,North Rhine-Westphalia,Germany,2023-04-11 10:01:39,Consumer
91743,Dorothy Thomas,dthomas@gmail.com,São Luís,Goiás,Brazil,2022-10-14 18:08:12,Consumer
43103,Tunde Adeyemi,tadeyemi@gmail.com,Thane,Kerala,India,2024-10-12 09:11:18,Consumer
80827,Melissa White,melissa.whi@yahoo.com,Victoria,Manitoba,Canada,2024-11-15 20:41:37,Consumer
62557,Stefan Schmidt,stefan385@protonmail.com,Tilburg,South Holland,Netherlands,2024-07-07 18:12:52,Small Business
51931,Diego Bhat,diego.bha@yahoo.com,Kitakyushu,Miyagi,Japan,2023-04-03 19:57:24,Small Business
55474,Barbara Miller,barbaramil@hotmail.com,Toulouse,Île-de-France,France,2023-12-02 17:07:20,Consumer
81308,Veronica Hernandez,veronica969@outlook.com,Wollongong,New South Wales,Australia,2024-09-16 12:28:14,Consumer
65567,Margaret Baker,margaret.baker@gmail.com,Windsor,Alberta,Canada,2022-11-26 20:04:25,Consumer
20860,Elijah Anderson,elijah.and@gmail.com,Melbourne,Victoria,Australia,2023-06-02 10:13:41,Small Business
90709,Aishwarya Kapoor,aishwarya_kap@gmail.com,Fortaleza,Amazonas,Brazil,2023-01-22 21:10:39,Consumer
95695,Jack Miller,jack_miller@outlook.com,Utrecht,Groningen,Netherlands,2024-10-11 14:56:12,Consumer
85091,Valentina Conti,valentina302@gmail.com,Nottingham,Northern Ireland,United Kingdom,2022-08-02 18:05:30,Small Business
46040,Jorge Reyes,jreyes@gmail.com,Nijmegen,Overijssel,Netherlands,2024-05-11 17:29:27,Consumer
47256,Ava Robinson,arobinson@gmail.com,Belo Horizonte,Minas Gerais,Brazil,2023-10-07 18:56:00,Consumer
96828,Ibrahim Rahman,ibrahimrah@yahoo.com,Cologne,Bavaria,Germany,2023-02-24 10:56:55,Consumer
18017,Aminata Diallo,aminata.dia@icloud.com,Dallas,Texas,United States,2024-02-02 23:14:06,Consumer
