order_id,customer_id,order_date,status,channel,order_total
736812,54726,2025-11-04,delivered,web,96.99
802207,43428,2025-09-14,shipped,mobile_app,194.73
692998,83565,2025-03-05,delivered,mobile_app,183.8
555819,43297,2025-11-15,delivered,marketplace,224.96
954980,18361,2025-06-06,delivered,web,355.93
781483,24419,2025-10-26,cancelled,web,76.97
574685,27171,2025-07-28,delivered,mobile_app,81.45
916765,37099,2025-12-07,returned,mobile_app,103.47
853173,79046,2025-08-21,cancelled,mobile_app,408.32
654794,14654,2025-03-26,delivered,web,1699.9
617369,66465,2025-12-21,delivered,mobile_app,349.93
644461,63767,2025-12-23,delivered,marketplace,100.95
513483,21065,2025-08-16,delivered,marketplace,179.95
801749,87057,2025-11-19,delivered,mobile_app,560.83
961614,34869,2025-11-03,delivered,web,7.49
573606,65190,2025-03-21,delivered,marketplace,358.97
875021,15702,2025-09-01,delivered,mobile_app,26.99
922733,51085,2025-12-11,delivered,web,445.98
769899,48981,2025-10-11,delivered,mobile_app,102.93
676351,83441,2025-09-20,returned,marketplace,234.41
504764,36934,2025-12-16,delivered,marketplace,104.99
562766,71912,2025-09-02,delivered,mobile_app,247.45
980985,79114,2025-09-15,delivered,mobile_app,199.91
766967,83517,2025-09-23,shipped,mobile_app,107.97
719117,31565,2025-11-11,delivered,web,327.94
945979,27704,2025-04-14,delivered,mobile_app,966.93
664984,44068,2025-11-17,delivered,mobile_app,194.42
520681,71019,2025-11-02,delivered,web,64.93
615047,19436,2025-08-10,delivered,mobile_app,486.91
749755,74242,2025-11-04,processing,mobile_app,124.48
805150,20828,2025-02-25,processing,web,317.44
835150,60968,2025-05-28,delivered,mobile_app,409.37
878622,76153,2025-05-18,delivered,mobile_app,9.99
600080,11096,2025-04-21,delivered,web,782.79
628969,72987,2025-12-06,cancelled,web,695.44
749263,75923,2025-12-17,delivered,web,394.68
507157,85088,2025-03-28,processing,mobile_app,480.85
653790,37743,2025-04-14,delivered,mobile_app,161.99
553286,57663,2025-11-17,delivered,marketplace,115.78
658936,56395,2025-10-21,delivered,marketplace,414.65
543346,87955,2025-10-27,delivered,mobile_app,44.94
694080,55325,2025-05-28,cancelled,mobile_app,28.99
702756,37045,2025-11-17,delivered,web,2296.58
754310,83047,2025-12-15,delivered,marketplace,824.8
663960,17736,2025-12-19,processing,web,25.94
909808,76188,2025-02-06,delivered,mobile_app,71.97
885305,29794,2025-11-13,delivered,web,69.99
655032,33147,2025-08-02,returned,web,94.97
538410,69582,2025-04-13,delivered,mobile_app,217.94
856738,61189,2025-03-22,delivered,web,360.74
503715,15300,2025-08-01,delivered,web,714.97
868230,11433,2025-03-21,delivered,web,30.99
977837,64009,2025-02-18,cancelled,web,370.99
898836,46567,2025-11-04,delivered,web,62.95
751265,61786,2025-11-21,delivered,web,43.98
584421,32770,2025-03-17,delivered,web,213.93
908530,89442,2025-09-17,delivered,mobile_app,79.96
883325,61783,2025-02-08,delivered,web,241.97
555523,54907,2025-05-20,delivered,web,42.0
574496,10857,2025-06-06,returned,web,24.97
682019,95486,2025-04-15,delivered,mobile_app,94.97
721167,61954,2025-02-05,delivered,marketplace,52.99
504547,63923,2025-06-23,delivered,web,736.34
747669,42992,2025-06-27,shipped,mobile_app,401.9
615515,38869,2025-09-05,delivered,web,71.46
824063,68865,2025-06-17,delivered,web,439.41
601554,11378,2025-09-15,processing,web,428.79
781614,58874,2025-10-15,delivered,marketplace,201.99
915821,63358,2025-11-13,returned,mobile_app,239.4
592208,44577,2025-11-23,delivered,mobile_app,285.96
806986,61851,2025-10-22,delivered,mobile_app,155.96
997812,33880,2025-10-28,cancelled,marketplace,265.97
553005,63882,2025-11-28,delivered,web,1120.95
892439,68024,2025-01-11,delivered,marketplace,194.96
919300,15074,2025-11-09,delivered,mobile_app,359.95
901608,11555,2025-05-06,returned,web,262.39
874781,49929,2025-11-06,delivered,mobile_app,832.44
706821,73119,2025-09-14,returned,web,827.41
745929,40448,2025-10-09,delivered,marketplace,624.86
578934,18734,2025-12-23,delivered,web,246.38
976614,41609,2025-11-23,delivered,web,60.94
635745,60621,2025-11-17,delivered,web,58.94
594988,29840,2025-07-15,returned,mobile_app,629.99
905433,73777,2025-05-03,delivered,web,197.33
628936,64886,2025-09-24,shipped,mobile_app,398.4
552800,75914,2025-06-28,shipped,web,1131.79
662068,24600,2025-09-23,delivered,mobile_app,397.91
937971,69590,2025-07-22,delivered,web,260.97
883869,49896,2025-05-12,delivered,web,93.93
619511,25279,2025-12-07,processing,web,22.98
620119,86873,2025-11-18,processing,web,259.49
575524,52697,2025-02-23,cancelled,web,64.79
659411,38443,2025-12-18,returned,marketplace,796.39
796794,46567,2025-11-27,delivered,web,157.81
943667,56667,2025-09-28,returned,mobile_app,27.99
756438,85068,2025-04-20,delivered,marketplace,92.45
833117,28898,2025-12-24,delivered,mobile_app,110.48
902546,83769,2025-11-17,delivered,mobile_app,508.89
604423,26142,2025-12-19,delivered,web,12.95
805353,48476,2025-07-05,processing,web,105.46
736112,15952,2025-06-12,delivered,web,185.83
679504,65661,2025-10-23,shipped,web,510.69
550901,75960,2025-08-21,delivered,web,294.36
831816,77119,2025-08-27,delivered,mobile_app,810.39
902376,92000,2025-09-02,delivered,mobile_app,965.7
693276,76299,2025-05-25,delivered,web,193.98
908522,48511,2025-12-24,delivered,web,397.49
590679,64494,2025-04-27,delivered,web,500.21
546211,45309,2025-09-28,shipped,web,206.35
689824,82872,2025-12-17,delivered,mobile_app,454.44
729640,74304,2025-03-25,cancelled,mobile_app,78.93
856966,17819,2025-12-04,delivered,web,88.94
680615,70999,2025-02-21,delivered,web,567.83
646666,75545,2025-10-26,delivered,mobile_app,57.4
949780,45735,2025-06-20,returned,mobile_app,1163.86
798814,17033,2025-12-24,shipped,mobile_app,945.36
593815,86396,2025-05-10,processing,web,107.48
971171,67056,2025-09-19,cancelled,web,108.49
949313,29894,2025-03-15,delivered,web,368.84
679076,88028,2025-11-26,delivered,web,691.97
648131,13566,2025-11-26,delivered,web,154.85
851826,75455,2025-06-02,delivered,web,39.96
764083,62557,2025-11-28,returned,web,96.81
520476,10162,2025-08-15,delivered,marketplace,815.56
730067,13785,2025-12-16,shipped,web,269.44
669630,16299,2025-03-07,shipped,mobile_app,447.95
948883,31559,2025-09-18,delivered,marketplace,28.49
586159,72562,2025-04-05,delivered,web,27.99
753500,80903,2025-05-17,delivered,marketplace,21.95
688127,24965,2025-08-27,delivered,marketplace,154.41
889166,61243,2025-12-25,delivered,mobile_app,97.93
701729,15056,2025-12-01,delivered,mobile_app,430.42
919358,88455,2025-11-24,shipped,mobile_app,500.43
998062,58887,2025-04-24,processing,web,181.97
713697,25286,2025-10-24,delivered,mobile_app,155.92
990168,73995,2025-07-21,returned,mobile_app,178.99
795518,67056,2025-06-20,delivered,mobile_app,177.99
866042,56395,2025-07-03,delivered,marketplace,49.99
786300,80819,2025-11-28,returned,marketplace,361.33
653838,81688,2025-05-21,shipped,web,580.93
933005,29404,2025-11-24,delivered,mobile_app,311.85
672687,17097,2025-01-05,delivered,web,271.93
767251,69963,2025-11-09,delivered,mobile_app,136.99
554076,43363,2025-10-28,shipped,web,24.0
981219,10183,2025-10-13,delivered,web,19.95
934918,93989,2025-10-23,delivered,web,349.45
539351,35753,2025-11-18,delivered,mobile_app,173.46
838789,43151,2025-07-07,delivered,mobile_app,91.98
988455,45903,2025-12-23,delivered,web,71.98
991188,52420,2025-05-22,delivered,web,154.89
521802,44845,2025-01-19,delivered,marketplace,269.82
536587,53407,2025-11-25,delivered,web,60.98
779409,80252,2025-02-19,delivered,web,36.49
911647,15734,2025-05-11,cancelled,marketplace,119.99
925911,76828,2025-05-19,delivered,web,8.95
881257,99358,2025-10-05,delivered,mobile_app,195.88
648908,90734,2025-04-19,returned,web,492.84
711455,46795,2025-05-03,delivered,web,432.89
752254,63737,2025-09-26,delivered,web,50.98
595568,41172,2025-08-01,processing,marketplace,159.79
918229,47838,2025-12-26,delivered,web,378.86
894459,68629,2025-04-07,returned,web,129.99
827670,65622,2025-04-03,delivered,web,373.94
686106,72979,2025-08-15,delivered,web,100.99
996766,53407,2025-02-23,cancelled,marketplace,25.48
548530,67945,2025-07-16,delivered,marketplace,135.84
883147,60670,2025-12-18,delivered,mobile_app,88.93
794490,74363,2025-01-02,delivered,mobile_app,1271.39
572882,91232,2025-01-11,delivered,web,438.93
711183,31607,2025-12-18,delivered,mobile_app,648.89
722172,15774,2025-07-11,delivered,mobile_app,424.9
984910,63358,2025-12-27,shipped,web,355.88
858789,61822,2025-07-21,delivered,web,466.54
657367,84217,2025-12-26,delivered,mobile_app,667.8
918119,32615,2025-11-06,returned,mobile_app,189.89
789873,74291,2025-04-22,processing,web,1043.34
964769,84317,2025-04-09,delivered,marketplace,439.32
879415,86668,2025-03-19,delivered,mobile_app,344.44
543822,76708,2025-12-03,delivered,web,281.94
943343,98822,2025-04-03,delivered,mobile_app,10.99
688614,21547,2025-11-26,shipped,mobile_app,221.5
743590,96118,2025-11-07,shipped,mobile_app,206.93
703158,52697,2025-08-06,delivered,web,191.98
944516,15674,2025-11-24,delivered,mobile_app,81.97
723862,15774,2025-04-21,returned,mobile_app,316.74
810933,97953,2025-10-07,delivered,web,525.39
545563,51241,2025-10-05,returned,mobile_app,280.86
648838,37079,2025-03-06,delivered,mobile_app,301.86
683522,98892,2025-05-06,cancelled,mobile_app,53.48
711449,41130,2025-11-02,cancelled,mobile_app,52.95
514870,85558,2025-10-23,delivered,web,34.47
727013,96664,2025-05-17,delivered,mobile_app,529.69
658824,68260,2025-12-28,delivered,mobile_app,435.64
670840,27609,2025-11-22,shipped,mobile_app,79.98
971413,40401,2025-07-24,delivered,marketplace,360.36
678501,55437,2025-12-22,delivered,mobile_app,21.99
832355,45903,2025-11-06,delivered,mobile_app,166.97
952804,53287,2025-10-02,delivered,web,688.68
517611,40198,2025-06-13,delivered,mobile_app,1003.44
872249,77071,2025-09-04,delivered,web,1103.9
696775,78237,2025-10-15,delivered,web,104.75
642497,81886,2025-12-25,delivered,web,340.92
765481,97687,2025-11-26,delivered,mobile_app,108.96
972560,61189,2025-03-20,delivered,web,15.99
849214,36205,2025-10-26,cancelled,mobile_app,162.96
928836,36535,2025-07-11,delivered,marketplace,291.95
842551,21103,2025-11-14,returned,web,143.48
666744,15300,2025-11-21,delivered,marketplace,83.94
725228,63053,2025-11-27,delivered,mobile_app,79.99
847971,97994,2025-06-11,delivered,mobile_app,701.36
597129,25539,2025-12-26,delivered,mobile_app,276.87
559451,21508,2025-09-16,delivered,web,351.98
716170,81419,2025-07-03,cancelled,web,540.73
740083,23747,2025-03-09,cancelled,web,651.96
940140,11960,2025-08-04,delivered,web,533.85
900440,95801,2025-05-08,delivered,mobile_app,234.93
612493,95287,2025-08-06,cancelled,web,82.94
818007,60518,2025-05-05,delivered,web,295.9
776172,53951,2025-11-05,returned,mobile_app,341.97
932400,14873,2025-07-07,processing,web,119.9
977436,81886,2025-04-17,delivered,web,46.95
502088,50736,2025-05-18,delivered,mobile_app,177.99
962492,79526,2025-11-23,delivered,web,187.87
599764,63427,2025-03-23,delivered,mobile_app,505.25
591829,69582,2025-05-06,delivered,web,366.44
962067,22878,2025-12-01,delivered,web,449.87
928546,82230,2025-07-05,delivered,web,218.92
989069,52420,2025-10-26,delivered,mobile_app,20.99
795814,59183,2025-10-13,delivered,mobile_app,127.93
655706,65661,2025-11-07,delivered,mobile_app,118.47
795389,91378,2025-05-02,delivered,marketplace,216.97
887594,16099,2025-04-23,delivered,web,117.98
552375,20307,2025-12-18,delivered,mobile_app,111.89
778948,32658,2025-05-21,delivered,web,24.99
635311,63456,2025-07-27,delivered,web,861.85
510260,92326,2025-02-24,delivered,mobile_app,158.77
868566,17439,2025-05-02,delivered,web,28.99
943666,61889,2025-03-23,delivered,web,242.97
894174,15473,2025-09-20,delivered,web,961.98
763906,14370,2025-09-11,delivered,web,17.95
648907,58045,2025-05-10,delivered,mobile_app,18.95
706226,61243,2025-12-20,shipped,web,201.99
556759,21751,2025-11-11,processing,marketplace,199.94
768088,58874,2025-12-20,delivered,mobile_app,736.71
823587,39708,2025-11-14,delivered,mobile_app,62.92
771324,61129,2025-07-02,returned,marketplace,469.4
643937,13875,2025-12-01,shipped,web,126.39
568018,50513,2025-04-14,delivered,mobile_app,248.92
878923,61349,2025-10-20,delivered,web,194.91
527051,12567,2025-09-02,delivered,web,644.81
902528,65521,2025-12-13,delivered,mobile_app,26.99
885692,81234,2025-08-27,delivered,marketplace,713.43
879265,66125,2025-12-26,delivered,marketplace,392.93
841234,69653,2025-12-16,cancelled,marketplace,194.43
845930,64009,2025-11-12,delivered,web,130.49
589805,72974,2025-11-09,delivered,mobile_app,48.95
678351,39786,2025-02-10,delivered,mobile_app,15.44
816794,71838,2025-10-12,cancelled,web,7.95
945703,95200,2025-11-22,processing,mobile_app,155.86
589662,32770,2025-12-27,delivered,web,428.39
519022,74533,2025-05-25,delivered,web,1545.32
504435,77902,2025-11-16,processing,mobile_app,229.96
614135,27171,2025-12-01,delivered,mobile_app,292.92
601427,51931,2025-12-09,delivered,mobile_app,802.77
542557,34294,2025-03-16,delivered,web,138.47
912028,77019,2025-02-17,returned,web,102.98
839660,20453,2025-10-21,delivered,web,49.99
548238,93038,2025-04-15,delivered,mobile_app,233.96
529789,50244,2025-07-11,shipped,web,316.67
637388,62202,2025-09-23,delivered,marketplace,1198.7
972334,42995,2025-02-15,processing,mobile_app,61.0
713687,36503,2025-02-03,delivered,web,434.96
677545,73839,2025-02-14,delivered,web,39.95
924432,36875,2025-02-28,delivered,marketplace,193.97
615919,82341,2025-01-20,shipped,web,149.92
895148,32305,2025-11-01,delivered,web,83.89
599333,46567,2025-01-20,delivered,mobile_app,779.91
680427,75477,2025-10-25,shipped,mobile_app,299.95
944708,28525,2025-10-24,delivered,web,213.48
590649,75477,2025-02-19,delivered,web,336.89
972568,24141,2025-04-22,delivered,mobile_app,115.98
654293,70347,2025-03-20,delivered,mobile_app,500.92
816755,58752,2025-08-08,delivered,mobile_app,323.98
522308,72974,2025-08-27,delivered,web,1262.89
577995,43363,2025-10-18,returned,mobile_app,181.41
886455,49848,2025-09-04,returned,web,131.46
764230,81917,2025-07-12,delivered,web,320.92
887592,28898,2025-12-09,delivered,mobile_app,585.27
592782,48079,2025-04-07,delivered,marketplace,114.92
918243,54011,2025-09-19,delivered,mobile_app,249.89
732891,53966,2025-11-06,returned,web,288.99
725737,95031,2025-12-17,delivered,marketplace,348.94
736867,98359,2025-11-08,delivered,mobile_app,133.84
932057,27021,2025-04-19,shipped,web,90.0
828890,97643,2025-10-14,shipped,marketplace,127.92
776044,39114,2025-10-13,delivered,mobile_app,175.99
828259,15473,2025-12-22,delivered,mobile_app,31.98
859879,65493,2025-02-06,delivered,mobile_app,446.72
659260,60181,2025-02-04,delivered,web,336.89
618787,21470,2025-02-18,delivered,web,621.89
837575,47711,2025-11-04,delivered,web,409.97
983584,25840,2025-01-01,processing,mobile_app,195.83
818708,96543,2025-04-13,delivered,mobile_app,260.93
924325,87197,2025-07-27,delivered,web,126.89
688129,21113,2025-10-22,shipped,web,345.98
917934,90168,2025-09-19,shipped,marketplace,253.46
965500,44021,2025-08-27,delivered,mobile_app,327.94
789398,25934,2025-12-27,delivered,mobile_app,151.96
515077,67895,2025-11-20,delivered,mobile_app,270.96
548172,83517,2025-11-25,cancelled,mobile_app,89.9
525643,70448,2025-05-08,cancelled,web,398.39
676517,70999,2025-10-15,delivered,marketplace,361.98
597511,27560,2025-04-12,delivered,web,284.9
641809,88985,2025-04-11,delivered,web,128.97
684600,39072,2025-11-09,delivered,mobile_app,189.79
992128,74501,2025-07-16,delivered,web,311.93
623179,34044,2025-12-10,delivered,mobile_app,260.94
937144,88432,2025-08-22,delivered,mobile_app,38.99
741666,52016,2025-11-15,shipped,marketplace,73.89
676165,18296,2025-11-17,shipped,marketplace,316.42
841004,85088,2025-02-09,delivered,marketplace,92.97
788007,42992,2025-03-07,delivered,marketplace,106.85
657417,13262,2025-12-02,delivered,mobile_app,233.45
789628,33372,2025-11-04,delivered,mobile_app,126.85
522676,52038,2025-04-16,shipped,mobile_app,43.95
568313,83394,2025-09-06,cancelled,web,291.97
902396,59400,2025-11-18,delivered,web,132.96
861189,76299,2025-06-15,delivered,mobile_app,306.96
929105,33977,2025-03-10,delivered,marketplace,59.99
767909,81395,2025-09-25,delivered,mobile_app,97.94
970334,27120,2025-04-03,cancelled,marketplace,165.4
502196,74363,2025-12-06,shipped,mobile_app,72.98
764456,34890,2025-07-28,delivered,web,337.6
846201,82496,2025-05-22,shipped,mobile_app,15.99
716676,61179,2025-12-16,shipped,mobile_app,49.47
872160,85390,2025-03-23,delivered,mobile_app,49.94
569158,29307,2025-08-27,shipped,web,22.99
897513,71107,2025-03-16,delivered,mobile_app,108.96
977373,29307,2025-09-03,shipped,marketplace,216.98
893224,81395,2025-12-28,returned,marketplace,24.0
933428,54907,2025-10-17,delivered,web,999.84
537967,95122,2025-03-06,delivered,web,31.99
503241,91464,2025-01-12,processing,mobile_app,529.85
534127,23030,2025-02-11,delivered,mobile_app,549.88
863640,69366,2025-09-13,delivered,mobile_app,106.93
851032,98688,2025-02-27,delivered,mobile_app,25.99
781037,37743,2025-08-09,delivered,marketplace,411.46
931238,63358,2025-04-15,delivered,mobile_app,673.95
530795,17097,2025-04-13,delivered,mobile_app,279.39
862510,45735,2025-12-03,shipped,web,158.98
969153,72603,2025-04-01,delivered,mobile_app,991.89
711558,47341,2025-09-10,delivered,web,87.9
704359,10442,2025-06-26,delivered,mobile_app,43.97
934447,91982,2025-05-05,delivered,web,194.91
605775,54907,2025-07-28,delivered,web,32.99
559870,19591,2025-06-10,delivered,web,214.95
654283,46795,2025-04-07,delivered,mobile_app,739.48
708838,93999,2025-06-27,shipped,web,212.97
720246,82340,2025-04-11,returned,mobile_app,485.97
602661,97310,2025-10-15,shipped,mobile_app,147.47
500356,89554,2025-12-14,delivered,web,110.9
809425,44240,2025-05-19,delivered,mobile_app,40.49
966535,32305,2025-03-16,delivered,mobile_app,155.99
971083,57918,2025-01-18,delivered,web,70.93
858493,51835,2025-09-27,delivered,web,41.95
790084,85357,2025-02-22,delivered,mobile_app,164.96
982208,40804,2025-07-20,delivered,web,26.95
649517,66313,2025-08-19,shipped,web,61.98
740254,91499,2025-01-12,delivered,web,136.0
829334,55840,2025-10-05,delivered,marketplace,21.95
631435,88195,2025-12-14,delivered,web,460.96
537700,40804,2025-11-21,delivered,marketplace,311.98
786712,49409,2025-04-18,delivered,mobile_app,246.96
770345,24600,2025-03-19,delivered,mobile_app,296.99
870145,41231,2025-12-16,cancelled,web,284.95
901012,93023,2025-07-14,delivered,mobile_app,619.94
773425,34869,2025-11-13,delivered,mobile_app,418.85
541820,65371,2025-10-28,delivered,web,225.48
977944,47113,2025-08-17,delivered,web,474.96
572715,66835,2025-04-15,delivered,web,208.49
965940,34044,2025-03-11,delivered,web,6.95
866408,90168,2025-10-18,delivered,web,347.98
831627,73777,2025-07-13,delivered,web,87.92
683958,73810,2025-11-27,delivered,web,137.47
812320,29404,2025-06-27,shipped,web,108.46
692618,70962,2025-12-12,delivered,web,229.42
833955,33505,2025-12-15,delivered,mobile_app,10.99
948514,74442,2025-11-12,processing,web,218.91
605882,30786,2025-07-25,delivered,web,155.84
897110,91399,2025-02-13,delivered,web,124.43
624992,77095,2025-12-20,delivered,web,242.98
563318,27560,2025-11-03,delivered,mobile_app,246.37
533952,36181,2025-11-04,processing,web,663.73
880501,24363,2025-12-03,returned,marketplace,256.93
746065,89452,2025-07-15,delivered,mobile_app,9.49
804097,14349,2025-12-14,delivered,marketplace,170.83
664625,34401,2025-11-25,delivered,mobile_app,13.9
629709,36875,2025-07-17,shipped,mobile_app,10.99
958643,50046,2025-07-19,delivered,web,108.99
737131,27704,2025-04-16,delivered,mobile_app,178.47
995163,10764,2025-04-22,cancelled,web,618.88
681541,58944,2025-12-10,delivered,mobile_app,1148.83
852604,17615,2025-06-10,delivered,mobile_app,656.92
753323,77235,2025-03-28,cancelled,web,80.88
574855,73819,2025-08-07,delivered,web,208.49
796408,71669,2025-12-11,delivered,marketplace,84.99
575253,45953,2025-08-28,processing,web,196.95
690695,35722,2025-02-06,shipped,mobile_app,1113.9
507292,19568,2025-04-05,shipped,mobile_app,258.98
993993,75913,2025-03-17,delivered,web,625.95
687385,40800,2025-03-02,delivered,mobile_app,194.86
974739,78087,2025-05-11,shipped,mobile_app,1099.87
926636,75913,2025-06-27,delivered,web,481.32
755020,22748,2025-07-13,returned,web,304.89
515393,74478,2025-07-08,delivered,web,8.99
965451,36561,2025-02-26,delivered,web,15.99
775585,95486,2025-10-04,delivered,web,167.93
742533,39114,2025-11-20,delivered,mobile_app,289.97
759066,24500,2025-10-26,shipped,web,7.99
770480,48079,2025-11-09,delivered,marketplace,397.44
502328,79139,2025-05-04,delivered,web,15.99
886571,87041,2025-01-06,delivered,mobile_app,56.48
602320,83047,2025-03-19,cancelled,web,374.84
557553,37743,2025-04-06,delivered,mobile_app,379.8
774673,96064,2025-06-05,processing,web,92.85
964245,18195,2025-12-26,delivered,mobile_app,78.99
748285,40303,2025-02-04,delivered,web,190.96
978051,21751,2025-04-16,processing,web,492.86
657517,50202,2025-12-07,delivered,web,333.66
841548,17439,2025-01-02,delivered,web,45.97
976016,23818,2025-11-23,delivered,web,178.99
589101,58782,2025-09-10,delivered,mobile_app,32.0
581089,93999,2025-09-13,delivered,web,20.99
670793,24638,2025-07-19,delivered,web,538.28
689640,74291,2025-10-11,delivered,web,219.89
761107,58822,2025-11-05,delivered,web,269.96
958709,24478,2025-09-17,delivered,marketplace,41.98
752394,85268,2025-08-15,delivered,marketplace,38.95
685003,18417,2025-08-11,delivered,web,332.85
522089,34100,2025-12-01,delivered,marketplace,50.98
791332,16432,2025-11-20,delivered,web,223.82
694779,60968,2025-08-26,delivered,web,690.71
720002,25185,2025-11-14,processing,mobile_app,260.98
623107,18361,2025-02-12,shipped,mobile_app,576.96
525453,10857,2025-01-08,delivered,web,316.81
907392,83047,2025-10-23,delivered,web,502.94
948715,71607,2025-02-28,delivered,web,216.73
709042,77902,2025-10-28,delivered,mobile_app,442.72
619219,15734,2025-02-06,delivered,mobile_app,223.87
865028,16299,2025-10-27,delivered,web,48.93
832991,65741,2025-04-20,delivered,web,615.93
605030,49666,2025-11-02,processing,mobile_app,417.46
634376,24141,2025-10-04,returned,mobile_app,429.87
502321,53364,2025-05-01,delivered,mobile_app,736.81
950070,73927,2025-08-28,delivered,web,426.96
533179,46795,2025-07-08,delivered,mobile_app,195.46
841043,41231,2025-08-20,delivered,web,41.99
832949,95169,2025-11-03,delivered,mobile_app,626.76
950198,95169,2025-11-17,delivered,web,234.96
526074,16599,2025-06-26,delivered,web,253.8
930234,63309,2025-10-21,delivered,web,296.89
876111,43406,2025-11-18,shipped,mobile_app,310.92
528075,72563,2025-05-17,delivered,web,214.34
666838,21840,2025-09-11,delivered,mobile_app,181.45
730368,37149,2025-05-06,delivered,mobile_app,32.99
731602,81395,2025-05-14,cancelled,web,262.93
828437,39238,2025-10-07,delivered,mobile_app,126.69
734501,29307,2025-12-04,shipped,web,929.92
892753,29077,2025-06-17,processing,marketplace,193.86
995488,34231,2025-04-04,shipped,mobile_app,122.97
645568,61358,2025-04-28,delivered,marketplace,131.48
854707,77019,2025-12-23,processing,web,154.96
537343,94711,2025-07-16,shipped,mobile_app,1355.8
507818,10162,2025-01-24,delivered,web,82.39
838616,58854,2025-03-21,delivered,marketplace,392.43
937092,58138,2025-05-08,delivered,mobile_app,159.91
762084,60577,2025-08-04,delivered,mobile_app,298.92
706873,30724,2025-06-16,delivered,mobile_app,107.85
616857,94032,2025-02-11,shipped,web,74.94
995337,36535,2025-11-20,delivered,mobile_app,179.93
636396,20907,2025-02-17,delivered,web,393.89
768311,21308,2025-11-11,returned,mobile_app,658.94
551778,48992,2025-09-06,delivered,web,88.73
548316,56385,2025-08-16,delivered,web,297.34
852058,31607,2025-08-19,delivered,mobile_app,40.95
507550,80147,2025-10-23,delivered,marketplace,63.9
947236,65371,2025-05-27,delivered,mobile_app,275.96
873315,21155,2025-01-21,delivered,web,349.81
925807,20915,2025-09-22,delivered,mobile_app,79.94
519016,16599,2025-12-11,delivered,web,215.97
860192,95641,2025-01-08,delivered,web,810.32
666468,70412,2025-10-05,delivered,web,879.7
681137,89372,2025-12-25,delivered,web,252.93
562110,91621,2025-04-11,delivered,marketplace,220.96
963348,87562,2025-05-13,delivered,marketplace,100.95
967587,65567,2025-07-15,delivered,mobile_app,286.47
963603,43363,2025-12-09,delivered,mobile_app,389.89
854643,79873,2025-05-21,delivered,web,63.46
889048,14781,2025-06-26,shipped,web,200.93
652707,25395,2025-09-13,delivered,web,549.75
912636,75960,2025-06-10,delivered,mobile_app,219.93
660871,78866,2025-12-20,delivered,mobile_app,34.48
574561,13875,2025-11-02,delivered,marketplace,796.86
875230,66313,2025-11-25,cancelled,mobile_app,74.99
559503,50613,2025-01-04,delivered,mobile_app,7.99
766911,74363,2025-03-17,shipped,marketplace,805.68
803676,48584,2025-07-20,delivered,web,317.0
726566,42992,2025-04-28,returned,web,366.92
689864,67056,2025-10-26,delivered,marketplace,26.85
974354,16178,2025-06-05,delivered,web,37.98
889080,47689,2025-12-12,cancelled,mobile_app,213.94
635491,22969,2025-04-13,delivered,marketplace,177.79
855171,96064,2025-10-07,delivered,web,12.99
907855,63545,2025-05-05,delivered,mobile_app,703.96
562982,82687,2025-05-06,delivered,mobile_app,183.92
889602,70448,2025-11-26,delivered,web,558.86
768849,59374,2025-12-17,delivered,web,1059.0
508975,28975,2025-06-27,delivered,web,267.96
779787,85666,2025-10-17,delivered,web,176.9
902466,34294,2025-11-10,shipped,mobile_app,219.47
607596,63662,2025-05-17,processing,mobile_app,1567.65
761097,31534,2025-08-28,delivered,web,523.63
546064,92756,2025-03-04,returned,marketplace,177.95
733567,53508,2025-10-05,delivered,web,86.99
650082,11988,2025-11-14,delivered,mobile_app,136.99
950095,77590,2025-03-19,delivered,mobile_app,467.94
721340,63545,2025-09-13,delivered,mobile_app,64.95
506455,75947,2025-04-25,shipped,marketplace,696.86
620910,34943,2025-09-17,delivered,mobile_app,157.95
578476,27440,2025-12-17,processing,web,280.92
760530,65600,2025-04-15,delivered,mobile_app,376.43
890268,24019,2025-02-16,delivered,mobile_app,54.79
630162,99127,2025-01-12,delivered,web,408.89
899683,70412,2025-07-12,delivered,web,949.3
622498,27704,2025-03-14,shipped,web,223.98
647778,61243,2025-09-26,delivered,marketplace,45.99
850850,81674,2025-12-16,delivered,mobile_app,718.83
576470,21792,2025-12-23,delivered,web,98.97
572886,97459,2025-06-17,delivered,mobile_app,684.88
532546,43363,2025-06-05,shipped,marketplace,509.85
931293,33859,2025-12-28,shipped,web,333.91
688209,25918,2025-04-15,delivered,web,88.96
646866,17615,2025-05-02,shipped,mobile_app,417.91
526388,71912,2025-01-25,delivered,mobile_app,34.95
826064,11751,2025-06-23,delivered,web,32.94
756638,47786,2025-11-26,delivered,marketplace,498.25
980126,85182,2025-10-22,delivered,web,381.94
808439,19568,2025-02-17,delivered,web,458.4
839135,87648,2025-01-19,delivered,web,115.45
671406,91499,2025-10-11,delivered,mobile_app,441.96
559357,98012,2025-07-16,delivered,mobile_app,506.78
534305,34262,2025-11-13,delivered,web,118.93
827516,59900,2025-06-07,delivered,mobile_app,593.44
809644,20828,2025-10-03,delivered,mobile_app,15.99
834654,65476,2025-08-05,delivered,mobile_app,429.94
534378,79046,2025-08-15,delivered,web,138.99
526463,20889,2025-04-22,delivered,mobile_app,164.96
730030,29794,2025-11-22,shipped,mobile_app,57.44
840153,37743,2025-12-27,shipped,web,638.95
700558,90734,2025-05-01,delivered,web,81.91
931074,22892,2025-09-28,delivered,marketplace,155.98
853246,60235,2025-01-26,delivered,mobile_app,205.82
582602,66444,2025-02-06,delivered,web,366.93
713831,74651,2025-08-08,delivered,web,507.89
556945,93023,2025-09-10,cancelled,web,339.82
586750,65521,2025-07-23,delivered,web,703.92
905521,62225,2025-05-06,delivered,web,334.94
510803,82997,2025-11-06,delivered,mobile_app,734.91
730439,87530,2025-09-22,shipped,web,372.96
521214,79526,2025-07-27,delivered,mobile_app,487.81
896919,77095,2025-11-08,delivered,web,126.89
842582,76299,2025-12-18,delivered,web,136.96
666782,11952,2025-01-19,delivered,mobile_app,792.96
960384,38204,2025-02-13,shipped,mobile_app,79.94
890824,72987,2025-04-24,shipped,mobile_app,96.94
644180,88593,2025-06-24,returned,mobile_app,41.99
573519,88455,2025-12-22,delivered,mobile_app,707.94
582377,86175,2025-07-14,delivered,web,1031.55
653854,45903,2025-08-11,delivered,web,32.0
941324,91510,2025-05-03,shipped,web,74.95
809771,65209,2025-01-24,delivered,mobile_app,600.91
603053,85268,2025-08-04,delivered,web,122.84
760443,50642,2025-01-23,delivered,mobile_app,15.99
550344,88068,2025-10-15,processing,mobile_app,292.45
562090,81395,2025-05-09,processing,mobile_app,250.91
529506,67895,2025-04-03,delivered,marketplace,137.97
656336,44536,2025-06-08,delivered,marketplace,19.47
943153,26215,2025-11-14,delivered,mobile_app,598.91
583069,28975,2025-12-09,delivered,web,12.99
957908,74651,2025-08-27,delivered,web,1699.71
878058,58362,2025-04-02,delivered,mobile_app,890.91
664622,69498,2025-03-19,cancelled,mobile_app,95.98
955401,20453,2025-12-17,delivered,web,124.93
860272,49859,2025-12-04,delivered,mobile_app,187.93
656376,43297,2025-11-26,returned,mobile_app,193.84
632292,51670,2025-03-15,delivered,mobile_app,100.95
874830,54977,2025-10-10,delivered,mobile_app,272.96
988360,47689,2025-03-17,delivered,marketplace,462.95
920902,61189,2025-03-19,processing,web,723.8
829338,22751,2025-09-12,processing,marketplace,148.91
766356,57918,2025-05-04,delivered,mobile_app,45.48
587887,42995,2025-04-28,delivered,web,133.94
660725,95160,2025-08-10,delivered,mobile_app,824.79
548028,78099,2025-10-20,processing,marketplace,55.97
647828,25934,2025-09-21,delivered,web,126.43
662258,39114,2025-12-08,delivered,mobile_app,61.0
928501,29840,2025-08-22,shipped,mobile_app,239.86
623146,57400,2025-03-18,delivered,web,84.98
936900,49848,2025-04-21,delivered,mobile_app,79.89
821453,43406,2025-06-07,delivered,mobile_app,336.97
793522,66440,2025-01-13,shipped,web,747.94
858311,69582,2025-07-07,delivered,marketplace,66.97
724248,64009,2025-12-06,delivered,web,187.91
894604,74363,2025-11-02,shipped,mobile_app,54.98
941276,41802,2025-11-09,delivered,web,219.97
881846,74555,2025-08-16,delivered,web,109.47
729581,29794,2025-07-26,delivered,mobile_app,49.44
574376,63737,2025-12-07,delivered,mobile_app,178.65
685740,38805,2025-08-23,processing,web,52.99
737215,81891,2025-01-08,delivered,web,202.96
587022,90775,2025-11-14,delivered,mobile_app,931.99
830099,70796,2025-07-23,delivered,marketplace,16.0
881983,71979,2025-02-03,shipped,web,15.99
881932,56385,2025-05-10,delivered,web,100.84
907509,44149,2025-06-11,delivered,web,178.95
978336,94950,2025-12-07,delivered,marketplace,318.78
710796,46391,2025-12-15,delivered,web,110.98
850951,84418,2025-04-18,shipped,mobile_app,98.97
916487,99477,2025-08-11,delivered,mobile_app,258.79
730865,25934,2025-12-04,delivered,web,422.29
604740,78192,2025-08-06,delivered,mobile_app,568.39
883673,17456,2025-04-05,shipped,web,22.9
604690,74304,2025-09-19,delivered,web,55.98
629731,27135,2025-11-09,delivered,marketplace,140.96
680566,81620,2025-07-16,delivered,web,412.69
648167,61405,2025-12-20,delivered,mobile_app,344.75
930399,32494,2025-12-27,delivered,mobile_app,308.9
618354,89358,2025-12-25,shipped,mobile_app,22.49
904626,10764,2025-05-17,delivered,web,67.98
823064,90807,2025-08-19,delivered,web,318.84
936991,68024,2025-01-16,delivered,web,345.89
785022,76358,2025-12-10,delivered,mobile_app,111.96
637638,14774,2025-12-14,returned,mobile_app,286.43
791126,21308,2025-11-12,delivered,web,340.96
798954,22741,2025-11-10,delivered,web,112.79
661524,88933,2025-12-21,delivered,web,92.97
522994,89182,2025-02-13,shipped,marketplace,205.93
729232,69582,2025-12-16,shipped,web,174.97
714015,70796,2025-12-04,delivered,mobile_app,18.99
512217,54491,2025-11-23,delivered,web,71.99
938786,26767,2025-05-14,delivered,mobile_app,55.98
828308,47564,2025-09-11,returned,mobile_app,362.91
500228,64972,2025-06-04,delivered,mobile_app,96.99
736101,24273,2025-03-01,delivered,web,60.93
700789,23274,2025-04-17,delivered,marketplace,355.44
668145,76627,2025-05-19,delivered,web,42.99
725058,75923,2025-09-24,delivered,mobile_app,122.93
640567,98998,2025-04-28,shipped,web,855.97
934907,35027,2025-11-05,delivered,web,254.43
822533,65741,2025-11-01,delivered,mobile_app,160.96
538440,85451,2025-11-02,delivered,marketplace,477.43
601630,97531,2025-12-06,delivered,mobile_app,139.96
851140,35240,2025-01-22,shipped,mobile_app,258.43
946506,24049,2025-06-22,delivered,mobile_app,565.84
830778,33977,2025-01-01,delivered,mobile_app,183.44
813451,78225,2025-11-22,shipped,mobile_app,710.94
525183,84164,2025-07-01,cancelled,web,259.87
514582,54384,2025-01-07,delivered,web,145.98
643393,37099,2025-02-05,delivered,web,212.94
716427,47345,2025-08-20,delivered,mobile_app,695.09
917375,19591,2025-06-08,cancelled,mobile_app,168.96
722809,91793,2025-01-01,delivered,web,335.62
810627,80252,2025-11-10,delivered,mobile_app,186.43
709455,92903,2025-10-08,delivered,web,105.9
822133,72987,2025-07-16,delivered,mobile_app,577.93
513250,15226,2025-12-25,delivered,web,755.81
590747,55437,2025-10-02,returned,mobile_app,200.0
751250,39957,2025-03-21,shipped,mobile_app,194.48
913356,77999,2025-08-02,delivered,mobile_app,517.45
907508,42104,2025-07-26,delivered,marketplace,496.82
839749,46567,2025-02-17,delivered,web,65.79
724840,15380,2025-09-22,delivered,mobile_app,102.94
735038,27266,2025-09-07,shipped,web,564.94
524999,34927,2025-04-19,returned,mobile_app,1227.83
747771,15579,2025-11-09,cancelled,mobile_app,222.9
932545,45756,2025-03-19,delivered,web,206.45
980034,81787,2025-06-16,delivered,mobile_app,57.98
522008,28930,2025-09-07,delivered,web,14.99
729180,68818,2025-11-08,delivered,mobile_app,642.92
955742,80118,2025-11-09,delivered,mobile_app,838.94
726753,82151,2025-12-02,delivered,mobile_app,94.95
592556,46286,2025-10-11,delivered,mobile_app,132.97
952257,41461,2025-12-02,delivered,web,354.86
878293,77235,2025-06-21,returned,mobile_app,95.49
684068,86369,2025-08-08,delivered,web,69.99
828418,13801,2025-09-02,delivered,web,303.79
750565,50004,2025-11-27,delivered,mobile_app,1112.82
816356,15560,2025-11-21,delivered,marketplace,128.99
512894,86782,2025-08-06,cancelled,web,161.93
826262,72987,2025-09-24,delivered,web,1651.73
514877,84770,2025-11-08,delivered,marketplace,491.95
697237,72603,2025-12-20,delivered,marketplace,178.95
743615,62179,2025-12-24,returned,marketplace,641.77
872247,72596,2025-01-08,delivered,mobile_app,140.98
626318,82151,2025-02-14,returned,web,158.97
868493,26223,2025-05-22,delivered,mobile_app,166.88
878973,73819,2025-06-24,delivered,mobile_app,503.98
725469,60235,2025-03-08,delivered,mobile_app,160.94
835277,46567,2025-07-02,delivered,mobile_app,259.98
648632,60675,2025-08-06,delivered,web,97.97
908988,15380,2025-12-21,delivered,web,274.83
937415,58247,2025-09-11,delivered,web,451.44
834149,64970,2025-11-26,delivered,mobile_app,375.92
532833,68445,2025-11-26,delivered,web,531.94
992895,46567,2025-09-12,returned,mobile_app,161.9
544379,56354,2025-05-23,delivered,web,79.99
943193,21476,2025-11-23,delivered,mobile_app,184.44
997047,61129,2025-11-12,delivered,marketplace,350.88
995131,47386,2025-05-12,delivered,mobile_app,190.98
867458,58045,2025-11-19,delivered,mobile_app,45.99
964264,88026,2025-05-25,delivered,web,80.97
650945,63737,2025-10-08,shipped,marketplace,173.91
755812,72596,2025-05-10,shipped,mobile_app,291.95
715370,30259,2025-08-25,delivered,mobile_app,522.37
568942,58752,2025-12-20,delivered,marketplace,189.32
628745,61349,2025-08-23,delivered,mobile_app,14.99
840585,70962,2025-05-19,shipped,web,233.4
833737,98359,2025-09-15,delivered,mobile_app,145.84
673250,27687,2025-02-20,delivered,mobile_app,64.99
513222,85478,2025-04-16,delivered,mobile_app,574.79
984613,71107,2025-02-14,delivered,web,254.43
850291,67990,2025-05-05,delivered,web,9.98
667742,55690,2025-11-06,delivered,web,113.97
514412,94702,2025-08-19,delivered,marketplace,835.84
555568,94547,2025-10-16,delivered,marketplace,214.74
857126,83769,2025-09-24,delivered,mobile_app,60.97
849190,97531,2025-01-11,delivered,web,451.83
722077,28913,2025-11-15,delivered,web,39.94
643617,76689,2025-12-23,processing,web,404.35
942665,36561,2025-02-01,delivered,web,135.84
851947,84182,2025-09-23,processing,web,333.45
505508,80903,2025-12-12,delivered,mobile_app,128.89
728556,83463,2025-09-02,shipped,web,1979.7
911502,85390,2025-11-03,delivered,mobile_app,170.99
866283,84514,2025-05-26,delivered,mobile_app,30.97
609581,70999,2025-07-27,shipped,web,32.0
848638,63767,2025-05-02,delivered,mobile_app,89.97
830247,75477,2025-05-27,delivered,mobile_app,71.98
808833,83394,2025-06-06,delivered,mobile_app,354.95
991243,32907,2025-08-22,delivered,web,430.7
983167,74304,2025-12-23,shipped,marketplace,1082.74
601524,84213,2025-06-09,processing,web,572.9
854744,65741,2025-09-02,delivered,web,26.85
631121,22624,2025-03-16,returned,mobile_app,43.9
989036,28913,2025-05-04,cancelled,marketplace,189.99
729042,90168,2025-11-22,delivered,web,95.49
775986,29383,2025-09-08,delivered,mobile_app,78.99
642052,18417,2025-11-21,delivered,mobile_app,420.94
698345,21010,2025-12-13,returned,mobile_app,15.99
733307,90708,2025-01-02,cancelled,mobile_app,138.94
946084,78715,2025-01-14,delivered,mobile_app,499.95
905513,48450,2025-04-17,delivered,mobile_app,198.38
690479,43151,2025-11-08,shipped,web,81.98
671964,61822,2025-12-06,delivered,mobile_app,157.88
895240,92007,2025-04-27,delivered,mobile_app,32.99
556350,16511,2025-11-06,delivered,mobile_app,986.65
650098,75947,2025-04-09,delivered,mobile_app,541.91
826435,16172,2025-11-22,delivered,web,224.9
603952,33147,2025-11-15,delivered,marketplace,196.84
890043,64970,2025-03-06,delivered,web,467.3
919546,91804,2025-10-21,delivered,mobile_app,453.73
516223,76188,2025-11-08,delivered,marketplace,36.98
781407,40448,2025-10-01,processing,marketplace,181.0
518014,12527,2025-10-07,delivered,mobile_app,409.82
923224,28913,2025-07-12,delivered,marketplace,844.96
896686,34746,2025-01-18,delivered,web,504.86
508877,43151,2025-09-16,delivered,web,9.99
723774,50202,2025-11-21,shipped,web,100.94
652488,70796,2025-08-27,delivered,web,359.99
975970,22964,2025-07-20,delivered,mobile_app,2648.88
621012,98096,2025-03-24,delivered,mobile_app,704.88
874532,22704,2025-03-06,delivered,web,160.89
857008,84102,2025-03-19,delivered,web,857.38
848316,38212,2025-02-15,delivered,web,150.0
555856,81935,2025-09-23,cancelled,mobile_app,136.97
791307,54011,2025-05-27,delivered,mobile_app,879.85
640025,84317,2025-05-17,delivered,marketplace,171.98
932624,50613,2025-07-10,cancelled,web,217.43
915817,57107,2025-11-08,delivered,marketplace,557.82
503591,10032,2025-10-01,delivered,mobile_app,372.89
667332,83565,2025-11-08,delivered,mobile_app,559.66
957651,37063,2025-02-14,delivered,mobile_app,203.42
896551,15380,2025-07-19,delivered,mobile_app,46.99
750542,91632,2025-12-25,delivered,web,212.97
556066,63053,2025-12-18,delivered,web,496.42
711502,22353,2025-04-03,processing,web,35.99
991989,58752,2025-11-28,delivered,marketplace,996.65
902678,61415,2025-10-07,delivered,web,344.42
734878,56071,2025-04-06,delivered,web,290.72
696298,65622,2025-05-19,shipped,mobile_app,44.98
695793,66975,2025-05-23,delivered,mobile_app,403.98
863986,31559,2025-06-03,delivered,mobile_app,1684.81
737411,14045,2025-03-22,delivered,mobile_app,41.99
567246,83047,2025-04-20,delivered,mobile_app,449.93
912501,72813,2025-09-12,delivered,mobile_app,334.74
697313,83047,2025-09-17,delivered,web,409.49
581488,78684,2025-10-19,delivered,web,149.73
627500,78994,2025-05-23,delivered,web,253.97
669617,96821,2025-07-06,delivered,mobile_app,76.89
781965,52944,2025-12-20,processing,mobile_app,20.99
798111,89904,2025-12-19,delivered,web,108.49
709044,93717,2025-05-01,delivered,mobile_app,859.9
895325,22365,2025-02-11,delivered,mobile_app,1248.98
531781,46795,2025-01-08,delivered,web,256.72
924693,61255,2025-03-09,delivered,web,446.83
528945,33564,2025-02-03,delivered,web,731.44
710604,87669,2025-12-23,returned,marketplace,197.48
941915,94998,2025-07-15,delivered,web,256.95
941354,28898,2025-11-05,returned,web,49.0
913468,69015,2025-09-12,delivered,mobile_app,226.84
517854,81572,2025-08-04,delivered,marketplace,283.87
671048,15690,2025-11-25,delivered,web,155.95
810922,71939,2025-02-12,delivered,web,152.42
731152,85182,2025-12-04,delivered,mobile_app,581.92
917445,15560,2025-03-18,delivered,mobile_app,158.92
882326,37962,2025-06-27,delivered,marketplace,513.91
807883,79526,2025-12-03,delivered,web,612.4
927929,56395,2025-09-16,returned,web,37.96
835843,53960,2025-03-08,delivered,mobile_app,452.86
537884,29619,2025-02-28,delivered,web,234.0
570197,42995,2025-10-05,processing,web,286.47
957815,11751,2025-10-07,delivered,web,7.99
835778,66444,2025-12-06,delivered,web,405.98
999732,44460,2025-11-22,returned,marketplace,159.43
861334,97051,2025-11-07,delivered,web,221.42
890091,33859,2025-05-08,shipped,web,109.84
689477,73975,2025-06-01,delivered,web,758.99
602640,86375,2025-05-18,delivered,web,291.42
839001,96755,2025-05-23,delivered,web,78.98
604748,46145,2025-12-19,delivered,web,832.75
797000,27135,2025-03-08,delivered,mobile_app,125.99
894960,30786,2025-05-17,delivered,web,612.79
896149,34100,2025-12-17,delivered,web,535.94
877130,15890,2025-01-16,delivered,web,151.96
801287,78237,2025-03-03,shipped,web,190.97
960200,48942,2025-01-06,cancelled,mobile_app,66.98
654860,85268,2025-12-21,returned,web,498.97
989592,43406,2025-03-12,cancelled,mobile_app,314.27
793655,55155,2025-07-01,delivered,web,527.31
775676,55840,2025-09-08,delivered,mobile_app,188.93
543810,81688,2025-03-27,delivered,web,95.94
702652,34231,2025-01-11,delivered,web,60.89
787261,56630,2025-01-12,delivered,web,103.94
736546,97531,2025-03-18,delivered,mobile_app,11.95
652532,37149,2025-11-16,shipped,mobile_app,81.9
651820,16126,2025-11-26,delivered,mobile_app,85.48
694139,57807,2025-05-05,delivered,mobile_app,138.89
782335,96029,2025-08-24,delivered,mobile_app,477.91
981735,47341,2025-08-06,delivered,mobile_app,89.98
995225,40198,2025-11-23,delivered,web,715.81
731586,62225,2025-04-04,delivered,web,81.39
582851,41004,2025-03-24,delivered,web,230.96
626910,66313,2025-11-28,shipped,web,436.4
737457,57640,2025-10-15,delivered,mobile_app,568.62
839984,33372,2025-10-02,delivered,web,110.97
575383,86818,2025-11-05,shipped,mobile_app,77.98
522491,13553,2025-11-24,delivered,web,284.97
767846,19363,2025-05-18,shipped,mobile_app,42.99
807830,46965,2025-08-05,delivered,mobile_app,81.46
592931,93513,2025-08-26,delivered,web,479.68
657467,29840,2025-01-13,delivered,web,13.99
594833,39564,2025-03-10,delivered,mobile_app,277.5
824983,21708,2025-01-26,shipped,mobile_app,615.85
780085,65371,2025-07-13,shipped,web,138.97
733311,82340,2025-06-03,delivered,marketplace,221.96
647311,71761,2025-02-05,processing,mobile_app,418.96
529293,40187,2025-01-25,delivered,mobile_app,669.4
873411,77493,2025-11-11,delivered,mobile_app,350.4
716720,12886,2025-01-16,delivered,marketplace,67.99
752189,33505,2025-11-06,delivered,web,233.92
637915,58362,2025-11-18,returned,mobile_app,889.28
826654,28614,2025-10-08,delivered,mobile_app,320.37
603480,35651,2025-06-15,delivered,web,94.95
873749,63456,2025-02-13,cancelled,web,46.99
602329,58629,2025-11-25,delivered,marketplace,690.4
775101,67056,2025-01-09,delivered,mobile_app,219.96
859662,97953,2025-07-07,cancelled,marketplace,629.35
852963,61358,2025-01-13,delivered,mobile_app,147.87
605498,65886,2025-08-15,delivered,marketplace,31.99
929820,27341,2025-05-02,delivered,web,593.88
853839,46298,2025-03-05,shipped,mobile_app,421.88
975399,40647,2025-09-25,returned,mobile_app,125.36
591236,11751,2025-10-17,delivered,web,242.99
709321,41231,2025-02-15,delivered,mobile_app,73.93
878796,22597,2025-08-23,delivered,mobile_app,40.99
555758,67895,2025-01-22,delivered,web,206.85
579537,89372,2025-06-05,delivered,mobile_app,74.94
946668,52192,2025-10-28,delivered,web,257.98
935176,94950,2025-10-05,delivered,mobile_app,90.9
631678,16511,2025-12-24,delivered,marketplace,1247.7
793565,76153,2025-10-21,delivered,web,1232.77
952177,42147,2025-08-08,delivered,mobile_app,125.94
907697,84182,2025-12-18,delivered,web,590.78
851075,78237,2025-09-03,processing,mobile_app,176.85
675824,52016,2025-01-24,returned,mobile_app,529.88
691447,37099,2025-12-19,delivered,mobile_app,153.9
532300,84102,2025-11-19,processing,mobile_app,216.93
500939,12407,2025-04-04,delivered,mobile_app,328.9
787449,29134,2025-10-02,processing,marketplace,470.9
980598,46549,2025-11-22,delivered,mobile_app,619.9
772045,68024,2025-03-08,delivered,web,468.93
962299,23535,2025-05-26,delivered,web,31.99
926469,70838,2025-11-09,delivered,mobile_app,33.94
851418,60903,2025-10-21,delivered,marketplace,45.98
579444,60968,2025-07-27,delivered,mobile_app,328.74
936285,91211,2025-04-16,delivered,web,136.99
943741,79902,2025-12-27,delivered,web,158.97
748238,76708,2025-07-23,processing,marketplace,366.95
628232,70260,2025-01-10,delivered,mobile_app,92.43
960182,40187,2025-01-21,delivered,mobile_app,432.95
875484,79114,2025-05-07,delivered,mobile_app,499.37
826228,16270,2025-06-10,delivered,mobile_app,412.75
656123,93155,2025-09-22,delivered,mobile_app,170.96
948012,10303,2025-10-27,delivered,web,211.96
977451,72331,2025-08-26,delivered,web,518.27
898796,98012,2025-03-18,shipped,mobile_app,537.38
734535,91271,2025-12-21,delivered,mobile_app,238.47
990302,47321,2025-04-27,processing,mobile_app,368.96
756253,46225,2025-04-02,delivered,mobile_app,428.78
953464,33505,2025-12-13,delivered,web,392.89
736519,12693,2025-04-12,delivered,web,87.98
769635,86668,2025-04-10,delivered,web,27.99
741346,74533,2025-08-11,delivered,web,24.99
904155,30259,2025-02-16,delivered,marketplace,105.95
707421,41231,2025-12-18,delivered,mobile_app,287.84
774402,33859,2025-02-21,delivered,web,118.48
925279,80498,2025-01-11,delivered,web,709.83
653351,65600,2025-01-01,delivered,web,95.98
513330,63822,2025-08-20,delivered,mobile_app,289.84
770591,60903,2025-10-10,returned,mobile_app,66.95
659793,50706,2025-07-22,processing,web,175.43
859564,46795,2025-03-16,shipped,web,541.86
564775,30835,2025-12-21,delivered,marketplace,409.86
980968,35240,2025-09-16,delivered,web,20.95
514733,29518,2025-07-05,delivered,mobile_app,77.49
787995,79641,2025-12-28,delivered,mobile_app,147.94
736260,37462,2025-08-26,delivered,mobile_app,339.9
520724,40448,2025-09-22,delivered,web,451.41
784266,67895,2025-08-14,delivered,marketplace,290.9
951130,18734,2025-09-08,delivered,mobile_app,79.99
545833,29666,2025-06-16,returned,web,70.99
675342,75913,2025-12-02,returned,web,160.9
650900,23274,2025-09-19,delivered,web,338.39
895107,88742,2025-05-19,delivered,mobile_app,497.98
804971,36408,2025-06-17,delivered,mobile_app,196.99
874271,73419,2025-06-05,delivered,web,195.96
538297,40401,2025-09-28,delivered,mobile_app,57.96
628437,97546,2025-01-14,delivered,web,12.0
691377,30786,2025-12-18,shipped,mobile_app,53.94
556454,59140,2025-11-02,delivered,mobile_app,74.94
754798,79129,2025-10-24,delivered,web,667.23
760830,24638,2025-11-17,delivered,web,197.88
938601,49133,2025-01-19,cancelled,web,497.35
998806,91870,2025-07-19,delivered,web,1624.23
911259,97261,2025-01-14,delivered,web,96.99
679255,41131,2025-10-17,shipped,marketplace,549.94
613249,90168,2025-12-03,delivered,web,240.92
887499,93744,2025-01-10,processing,web,777.4
751666,19436,2025-12-27,delivered,web,266.32
925348,40401,2025-06-11,delivered,marketplace,21.0
809564,18858,2025-07-25,delivered,web,161.99
964247,52420,2025-05-15,delivered,mobile_app,285.88
565704,49096,2025-09-17,returned,web,71.99
551500,74442,2025-12-09,delivered,mobile_app,198.95
978329,23507,2025-03-16,delivered,web,27.99
733812,83463,2025-09-21,returned,mobile_app,197.93
541293,53542,2025-12-05,shipped,web,53.98
870373,50613,2025-12-17,delivered,mobile_app,61.94
890777,51811,2025-05-03,delivered,mobile_app,310.98
536323,35953,2025-02-15,delivered,web,107.96
694824,69582,2025-01-10,delivered,marketplace,238.9
974506,27560,2025-12-15,cancelled,marketplace,1173.9
826863,73913,2025-07-11,delivered,mobile_app,329.97
924021,82716,2025-04-27,delivered,web,49.98
731458,12047,2025-04-05,delivered,mobile_app,156.98
824304,13643,2025-11-01,returned,web,790.88
905880,15300,2025-10-11,delivered,web,147.96
599677,32292,2025-03-20,delivered,mobile_app,53.95
846076,89372,2025-07-02,processing,web,65.94
987823,29619,2025-11-12,delivered,mobile_app,226.93
775007,51931,2025-09-22,delivered,mobile_app,563.7
951407,65493,2025-10-23,delivered,web,258.95
890835,40057,2025-05-28,delivered,web,131.85
930475,30372,2025-04-15,returned,mobile_app,688.25
835093,63456,2025-02-06,delivered,web,138.47
766151,43501,2025-02-27,delivered,web,365.98
799948,98589,2025-05-14,cancelled,mobile_app,119.98
944401,31565,2025-12-05,returned,web,139.88
623755,40448,2025-09-07,cancelled,web,140.79
838292,11211,2025-11-22,delivered,mobile_app,67.94
930826,50375,2025-07-22,delivered,marketplace,171.85
904349,89372,2025-10-23,delivered,marketplace,26.97
880534,37626,2025-09-14,delivered,web,201.48
890855,52814,2025-12-10,delivered,marketplace,452.91
769566,78831,2025-06-18,delivered,marketplace,84.0
677683,79830,2025-03-04,delivered,web,53.97
635813,22357,2025-11-17,delivered,mobile_app,329.87
631736,10664,2025-11-07,delivered,mobile_app,23.48
741179,65493,2025-08-09,delivered,marketplace,74.99
745880,63456,2025-10-19,delivered,web,132.71
524387,95695,2025-12-19,delivered,mobile_app,196.97
991684,10764,2025-10-05,delivered,web,44.97
897241,46918,2025-04-27,delivered,mobile_app,184.96
866306,15492,2025-03-25,delivered,mobile_app,415.83
739725,22748,2025-02-15,delivered,web,570.73
962598,65493,2025-11-13,returned,mobile_app,505.8
850507,69582,2025-11-20,delivered,web,345.38
641301,45735,2025-06-18,shipped,marketplace,57.45
692984,10985,2025-12-25,delivered,mobile_app,138.87
807654,96206,2025-07-17,delivered,web,366.39
536164,54011,2025-07-03,delivered,mobile_app,295.93
714896,71928,2025-08-09,delivered,web,209.97
661502,97897,2025-04-02,cancelled,mobile_app,76.9
902658,96118,2025-12-23,shipped,web,592.9
821833,81917,2025-04-15,delivered,mobile_app,39.48
745244,77448,2025-01-11,delivered,web,76.44
585031,34294,2025-06-07,returned,mobile_app,240.97
705500,87938,2025-09-01,delivered,web,521.9
868365,88028,2025-12-06,delivered,mobile_app,413.43
976133,98012,2025-08-04,delivered,marketplace,81.9
791929,38635,2025-06-18,delivered,web,370.93
728113,61243,2025-11-05,delivered,web,735.36
723711,10764,2025-01-16,delivered,marketplace,345.93
740024,98798,2025-06-27,shipped,web,77.94
816621,72476,2025-04-12,cancelled,web,207.83
632695,61786,2025-07-19,returned,web,121.47
613555,90775,2025-11-20,delivered,marketplace,259.98
590735,40198,2025-04-07,delivered,web,235.87
968267,42978,2025-12-17,delivered,mobile_app,80.98
576574,61255,2025-03-19,delivered,marketplace,974.47
545291,88068,2025-05-17,delivered,mobile_app,1855.77
804776,39794,2025-01-01,delivered,mobile_app,137.94
731348,85357,2025-12-14,delivered,mobile_app,74.48
826372,96279,2025-03-13,delivered,marketplace,278.95
725043,53849,2025-02-20,delivered,web,27.99
534235,69653,2025-12-27,delivered,mobile_app,832.9
862557,70412,2025-07-20,delivered,mobile_app,388.24
945700,55840,2025-01-10,delivered,web,177.86
512637,48612,2025-11-05,shipped,web,107.97
749951,75486,2025-03-27,shipped,mobile_app,374.99
973081,21476,2025-07-21,delivered,web,304.91
507943,65886,2025-01-16,delivered,mobile_app,17.99
897642,94950,2025-05-26,delivered,mobile_app,299.96
693812,74423,2025-12-27,delivered,web,622.95
571008,21010,2025-03-05,shipped,web,164.93
624093,67990,2025-05-16,delivered,marketplace,80.99
826881,66483,2025-07-14,cancelled,web,94.99
941901,89446,2025-06-06,delivered,mobile_app,253.76
644458,19877,2025-08-06,delivered,mobile_app,92.96
819697,21065,2025-02-26,cancelled,web,329.94
984279,11988,2025-08-07,delivered,web,265.96
688464,93517,2025-01-14,delivered,web,14.95
672964,56004,2025-04-01,processing,mobile_app,96.43
552243,24600,2025-07-20,processing,web,9.95
555347,95801,2025-01-27,delivered,web,558.94
820975,38212,2025-01-22,delivered,mobile_app,106.99
720935,10032,2025-12-11,delivered,web,513.9
673619,27021,2025-05-26,delivered,mobile_app,529.96
543484,52702,2025-05-17,delivered,mobile_app,318.91
910873,62960,2025-08-25,delivered,web,794.78
696897,10857,2025-08-14,cancelled,web,511.65
629863,81886,2025-11-13,returned,marketplace,244.96
745242,14355,2025-11-17,delivered,mobile_app,118.87
532269,71158,2025-06-15,delivered,mobile_app,29.95
771438,82872,2025-03-13,delivered,web,232.85
731589,63882,2025-05-25,delivered,web,119.8
768602,68024,2025-10-01,delivered,web,44.75
555678,10786,2025-10-13,delivered,mobile_app,335.94
804897,85095,2025-03-15,delivered,web,220.78
887413,64682,2025-09-12,shipped,web,21.99
795428,85312,2025-08-02,delivered,web,197.98
594927,45735,2025-11-05,delivered,web,410.0
654783,61243,2025-02-06,processing,mobile_app,595.76
614453,13302,2025-12-19,shipped,mobile_app,305.78
895534,45756,2025-07-22,processing,web,243.9
587260,70560,2025-07-03,shipped,mobile_app,123.47
892843,64494,2025-12-21,cancelled,mobile_app,46.95
503904,52814,2025-04-03,delivered,web,465.32
527216,22107,2025-08-20,returned,web,110.98
600446,84627,2025-02-22,delivered,web,223.9
772058,30259,2025-09-15,delivered,web,444.91
568209,47710,2025-11-25,delivered,web,230.45
630874,15671,2025-09-02,delivered,web,231.8
856551,78866,2025-06-07,shipped,mobile_app,33.49
951442,13785,2025-08-09,delivered,web,419.71
792449,84182,2025-02-16,delivered,web,880.44
565523,89446,2025-02-09,delivered,marketplace,261.84
979853,37962,2025-11-12,delivered,web,190.49
857772,74030,2025-10-15,delivered,mobile_app,141.48
918442,69582,2025-10-05,delivered,mobile_app,366.89
862648,25279,2025-10-20,delivered,web,389.75
964256,12671,2025-06-19,delivered,mobile_app,80.99
821525,90427,2025-09-09,delivered,marketplace,151.96
812808,79139,2025-09-12,delivered,mobile_app,371.94
961633,36408,2025-12-21,delivered,mobile_app,221.98
540034,53407,2025-12-11,delivered,mobile_app,146.45
672607,35652,2025-04-01,delivered,mobile_app,296.93
942706,44068,2025-03-05,returned,web,105.9
631360,11935,2025-04-17,delivered,mobile_app,152.96
801319,53849,2025-11-06,cancelled,web,16.0
567954,77235,2025-04-25,delivered,mobile_app,38.98
934627,83404,2025-11-20,cancelled,mobile_app,117.96
613835,15671,2025-08-12,shipped,web,672.28
571863,58752,2025-09-10,delivered,web,23.99
634891,20307,2025-12-03,delivered,mobile_app,450.83
973703,54726,2025-10-15,delivered,mobile_app,127.88
622116,33318,2025-06-14,delivered,mobile_app,115.91
941984,62695,2025-05-16,shipped,mobile_app,784.37
957007,47386,2025-04-25,delivered,web,304.66
796197,94281,2025-07-28,delivered,mobile_app,129.99
903307,95486,2025-01-09,delivered,web,78.98
882691,65728,2025-09-11,delivered,mobile_app,664.87
592229,49896,2025-04-08,delivered,mobile_app,555.9
947134,94576,2025-02-18,delivered,web,494.84
700413,15674,2025-11-22,delivered,marketplace,181.96
876572,91499,2025-03-25,processing,mobile_app,2606.67
540676,36561,2025-10-21,cancelled,mobile_app,239.7
844238,85182,2025-05-22,cancelled,web,62.98
654512,16933,2025-07-10,delivered,mobile_app,357.98
955464,34668,2025-03-04,delivered,web,13.99
767276,48803,2025-06-04,delivered,mobile_app,226.95
653723,55690,2025-02-01,delivered,marketplace,76.97
928043,80190,2025-12-15,delivered,mobile_app,323.76
611691,49859,2025-10-25,processing,marketplace,189.43
801774,47037,2025-04-27,delivered,mobile_app,300.93
891758,87562,2025-03-13,delivered,marketplace,279.97
620072,95624,2025-05-15,delivered,mobile_app,65.98
545865,35651,2025-11-27,delivered,mobile_app,121.84
989281,72693,2025-12-21,delivered,web,378.98
670949,73673,2025-11-01,shipped,web,899.2
519149,80136,2025-12-16,processing,mobile_app,143.98
505187,35651,2025-12-02,delivered,web,49.47
961578,78087,2025-11-04,delivered,web,688.99
982209,43151,2025-12-16,delivered,mobile_app,233.88
683509,29964,2025-10-18,processing,mobile_app,299.89
544750,46965,2025-04-15,delivered,web,437.9
602240,53951,2025-04-12,delivered,web,155.95
837697,67056,2025-11-26,shipped,mobile_app,140.92
800066,45735,2025-01-09,cancelled,mobile_app,269.72
997763,28975,2025-12-20,delivered,web,1115.57
562754,16387,2025-08-14,delivered,mobile_app,208.85
883427,75477,2025-08-11,delivered,mobile_app,74.93
978554,46795,2025-01-18,delivered,web,1222.96
826849,19032,2025-11-26,delivered,web,351.9
926116,73570,2025-05-18,delivered,mobile_app,46.94
671977,66751,2025-01-04,delivered,web,371.97
729577,28913,2025-10-01,cancelled,mobile_app,40.95
617230,91253,2025-10-25,delivered,web,94.44
986410,36289,2025-05-01,shipped,mobile_app,180.99
883020,64494,2025-04-05,delivered,mobile_app,93.88
751797,83441,2025-08-23,delivered,web,49.48
814475,61569,2025-10-03,processing,mobile_app,195.97
995434,46229,2025-07-15,cancelled,mobile_app,309.38
725712,25291,2025-03-26,delivered,mobile_app,293.93
854056,15674,2025-01-11,delivered,mobile_app,251.77
885671,73673,2025-09-17,delivered,web,502.91
897657,75019,2025-12-21,delivered,web,89.75
800304,47256,2025-12-13,delivered,marketplace,1138.68
608064,34277,2025-12-15,shipped,web,1600.97
517830,84102,2025-04-05,returned,mobile_app,465.82
727896,46040,2025-11-12,delivered,web,324.95
963440,78994,2025-10-06,delivered,mobile_app,551.94
777569,23493,2025-01-28,delivered,web,19.9
626207,36535,2025-12-28,delivered,mobile_app,441.89
946271,26223,2025-06-12,delivered,mobile_app,240.87
930598,48809,2025-05-19,shipped,mobile_app,340.43
889007,96539,2025-05-12,delivered,marketplace,30.49
869870,68024,2025-07-09,cancelled,mobile_app,144.99
907221,83375,2025-06-28,returned,mobile_app,82.98
520362,38537,2025-11-27,delivered,mobile_app,142.98
695797,24019,2025-11-20,delivered,web,673.46
847368,81803,2025-06-13,delivered,mobile_app,250.3
544883,67201,2025-10-18,delivered,web,19.98
953074,83394,2025-12-09,processing,marketplace,278.95
765957,37948,2025-11-26,shipped,web,1275.8
785614,47838,2025-05-03,delivered,mobile_app,1328.67
982202,18734,2025-12-03,delivered,web,74.89
823188,40448,2025-03-01,delivered,mobile_app,465.68
937002,34044,2025-05-03,delivered,mobile_app,361.98
933036,54384,2025-06-17,delivered,mobile_app,69.92
780001,46391,2025-11-27,delivered,mobile_app,68.97
646730,39072,2025-07-18,shipped,mobile_app,117.84
513724,49096,2025-12-04,delivered,mobile_app,147.94
780025,85268,2025-06-20,delivered,mobile_app,626.95
955303,78336,2025-12-22,delivered,marketplace,1096.87
741437,53455,2025-11-28,delivered,web,82.99
573582,24273,2025-04-07,shipped,web,387.92
730319,55325,2025-04-02,delivered,web,533.85
676343,26142,2025-07-10,delivered,marketplace,143.9
687964,35963,2025-10-03,delivered,mobile_app,491.45
582872,63427,2025-03-19,delivered,web,387.83
693799,92012,2025-02-11,delivered,web,275.9
601776,73302,2025-06-18,delivered,mobile_app,23.99
703346,40800,2025-02-20,delivered,web,335.98
622211,35722,2025-10-02,delivered,web,2554.48
669852,74501,2025-07-05,delivered,mobile_app,302.44
850432,27440,2025-09-17,shipped,mobile_app,16.49
975782,96029,2025-03-16,delivered,web,274.37
725002,44149,2025-04-14,cancelled,web,93.48
955724,47677,2025-11-09,delivered,web,879.62
948740,14873,2025-11-05,delivered,web,650.24
848532,83305,2025-03-09,delivered,mobile_app,37.44
607310,78994,2025-01-28,delivered,mobile_app,424.68
539526,16977,2025-07-06,shipped,web,178.98
544882,15380,2025-11-03,delivered,web,137.98
654226,47786,2025-12-17,delivered,web,144.96
750500,40347,2025-11-13,delivered,mobile_app,8.99
704079,96664,2025-09-24,delivered,marketplace,318.96
894665,38869,2025-05-06,delivered,mobile_app,205.98
770685,40448,2025-07-11,shipped,web,835.89
739512,96279,2025-04-27,returned,web,725.92
767183,63781,2025-02-09,delivered,web,56.94
933127,87938,2025-11-13,delivered,web,332.94
625077,77902,2025-10-02,shipped,web,616.92
718918,69588,2025-11-06,shipped,web,48.48
530886,38463,2025-11-10,delivered,web,138.91
507627,11072,2025-11-06,delivered,mobile_app,24.99
783920,74423,2025-09-01,delivered,mobile_app,103.47
915893,85390,2025-05-05,delivered,web,690.93
753092,59787,2025-11-03,processing,marketplace,203.97
895646,42636,2025-10-10,delivered,web,125.97
642938,24160,2025-11-09,shipped,web,401.79
554827,71656,2025-10-13,delivered,web,50.85
745388,25286,2025-12-24,delivered,marketplace,151.94
893642,34231,2025-05-04,delivered,web,44.48
559517,30343,2025-12-25,delivered,mobile_app,427.47
790963,27867,2025-06-09,shipped,mobile_app,8.95
908816,68365,2025-11-01,shipped,marketplace,190.98
741206,40448,2025-03-14,delivered,mobile_app,98.97
964440,89452,2025-11-01,cancelled,mobile_app,483.93
547512,50642,2025-02-01,delivered,web,209.82
905249,99446,2025-12-11,cancelled,web,386.42
896193,24638,2025-03-03,returned,web,259.9
745950,22964,2025-04-13,cancelled,web,22.99
974687,74555,2025-12-19,delivered,mobile_app,156.94
604278,28898,2025-09-08,delivered,mobile_app,345.36
619325,90734,2025-03-21,shipped,web,324.44
960214,55991,2025-04-24,delivered,marketplace,224.97
991428,60903,2025-07-20,delivered,web,208.41
971446,35170,2025-01-19,delivered,web,195.89
930599,60235,2025-01-23,delivered,mobile_app,604.37
829038,87669,2025-03-16,returned,web,110.43
547115,39991,2025-10-14,delivered,mobile_app,115.98
817219,96279,2025-08-04,delivered,mobile_app,110.94
871655,12567,2025-12-09,delivered,web,383.93
908689,63053,2025-11-23,processing,mobile_app,401.82
719040,99446,2025-10-24,delivered,web,136.0
992987,17097,2025-11-23,delivered,marketplace,48.89
562943,66997,2025-11-26,delivered,web,478.86
824418,29803,2025-01-18,delivered,web,94.75
912536,70999,2025-08-27,delivered,web,545.88
948916,27704,2025-07-09,shipped,mobile_app,188.42
910280,74354,2025-08-05,delivered,mobile_app,679.87
642654,14005,2025-01-27,cancelled,web,690.87
887252,72214,2025-11-14,processing,web,337.49
754268,40198,2025-04-07,delivered,web,201.99
686193,86375,2025-10-15,delivered,mobile_app,985.96
820473,67281,2025-11-25,delivered,marketplace,53.98
615266,99477,2025-04-03,delivered,web,72.47
821018,36934,2025-11-12,delivered,mobile_app,77.49
817444,20860,2025-11-28,delivered,mobile_app,216.46
528758,78123,2025-06-18,cancelled,web,252.95
687061,66751,2025-12-05,delivered,mobile_app,76.94
950955,60349,2025-09-28,processing,web,201.99
844929,82812,2025-06-12,delivered,web,254.91
844594,15226,2025-01-14,delivered,mobile_app,82.84
718076,23192,2025-02-04,delivered,mobile_app,226.4
807385,54384,2025-05-23,delivered,marketplace,218.97
611253,60242,2025-05-17,delivered,mobile_app,40.95
576913,50202,2025-03-01,delivered,web,1208.94
888680,48981,2025-03-11,shipped,mobile_app,238.87
917324,52420,2025-02-09,delivered,mobile_app,421.83
609564,34231,2025-07-17,delivered,mobile_app,95.89
934504,48688,2025-07-21,delivered,mobile_app,99.98
960280,82787,2025-09-06,delivered,mobile_app,86.43
917791,70260,2025-01-19,delivered,web,737.4
811673,47512,2025-05-20,returned,web,32.0
769186,21547,2025-03-21,delivered,mobile_app,145.96
903846,34989,2025-07-08,delivered,web,217.98
504901,17589,2025-07-09,delivered,mobile_app,225.93
918551,77235,2025-11-26,delivered,web,133.95
573965,88068,2025-09-14,cancelled,mobile_app,197.95
737917,34294,2025-08-08,processing,marketplace,99.99
504904,41231,2025-10-04,delivered,mobile_app,222.87
930761,68260,2025-03-26,delivered,web,198.9
554153,94292,2025-12-09,processing,marketplace,511.93
547190,90427,2025-12-18,delivered,web,225.93
728165,29298,2025-11-16,delivered,mobile_app,1073.47
983124,54043,2025-05-19,returned,web,37.99
966080,13272,2025-11-18,delivered,web,107.98
594916,57107,2025-02-16,cancelled,mobile_app,294.91
794321,92644,2025-12-15,delivered,web,58.99
749030,72088,2025-11-02,delivered,web,64.97
934891,38247,2025-02-01,delivered,mobile_app,247.47
589250,10664,2025-09-09,delivered,marketplace,75.93
532066,59678,2025-09-12,delivered,marketplace,308.99
741196,12047,2025-08-08,delivered,web,829.99
841297,29077,2025-11-20,delivered,marketplace,511.5
623909,15952,2025-02-13,processing,marketplace,119.46
741804,13875,2025-02-10,delivered,mobile_app,27.99
693708,34907,2025-10-04,delivered,web,550.87
702548,56004,2025-10-03,delivered,web,79.98
564711,25460,2025-10-09,delivered,mobile_app,486.81
868455,25539,2025-12-06,delivered,marketplace,31.95
777793,90807,2025-10-02,shipped,web,44.98
875873,54447,2025-09-11,delivered,web,410.97
541453,56004,2025-06-04,returned,web,1135.86
706231,22964,2025-11-21,shipped,mobile_app,224.39
534766,84514,2025-09-21,delivered,mobile_app,518.62
619825,63053,2025-06-18,delivered,mobile_app,164.0
669836,53542,2025-11-26,delivered,mobile_app,331.46
610242,78054,2025-12-01,cancelled,marketplace,445.71
917707,74510,2025-10-16,returned,mobile_app,377.96
865881,70412,2025-01-06,delivered,mobile_app,21.99
669388,84186,2025-09-27,delivered,mobile_app,45.48
706818,45756,2025-11-01,delivered,mobile_app,62.99
738485,75960,2025-10-21,shipped,mobile_app,303.44
672578,68024,2025-08-22,delivered,mobile_app,140.94
607698,71912,2025-06-14,delivered,web,95.85
549304,30259,2025-10-16,delivered,web,159.93
730069,54011,2025-01-01,delivered,marketplace,187.9
622710,48293,2025-09-08,delivered,mobile_app,93.85
945685,18858,2025-06-17,delivered,mobile_app,84.89
745532,53430,2025-02-15,cancelled,web,817.41
876171,47151,2025-12-17,delivered,mobile_app,124.49
885403,71838,2025-12-16,shipped,web,151.99
841794,64324,2025-05-13,returned,web,98.88
996269,23747,2025-02-25,delivered,mobile_app,258.98
583485,84627,2025-11-05,delivered,web,263.88
635848,71669,2025-10-07,delivered,mobile_app,339.9
847851,40434,2025-03-15,delivered,mobile_app,131.96
839817,50642,2025-10-21,delivered,marketplace,244.92
662856,37644,2025-05-16,delivered,web,236.92
550195,24965,2025-06-20,delivered,web,360.9
838814,13139,2025-07-10,delivered,mobile_app,109.47
672864,21547,2025-01-16,shipped,web,1100.65
785230,13005,2025-06-17,returned,marketplace,31.98
784341,80502,2025-08-19,delivered,mobile_app,427.37
573372,65661,2025-08-13,delivered,web,739.82
996105,15680,2025-09-02,delivered,web,317.94
932893,81234,2025-01-12,delivered,mobile_app,36.99
910738,95486,2025-12-17,delivered,marketplace,71.99
896738,13875,2025-06-13,delivered,web,79.98
545671,38466,2025-01-18,delivered,mobile_app,155.43
825288,40314,2025-11-10,delivered,mobile_app,53.98
793253,17819,2025-12-14,delivered,web,266.89
928413,79114,2025-12-24,delivered,web,544.65
622595,60903,2025-03-16,delivered,marketplace,429.05
571289,85409,2025-05-26,delivered,marketplace,281.93
917939,15380,2025-02-02,delivered,mobile_app,259.47
561718,68260,2025-10-04,delivered,mobile_app,121.98
629110,24500,2025-10-08,delivered,web,367.29
732804,34668,2025-03-01,delivered,web,260.98
549139,15952,2025-04-20,delivered,web,226.86
737078,29452,2025-08-05,returned,mobile_app,1259.39
789109,60455,2025-11-05,delivered,web,84.94
962858,30325,2025-04-15,delivered,web,45.75
992708,28498,2025-12-22,delivered,web,296.45
925892,85578,2025-07-11,delivered,marketplace,1224.86
839763,71912,2025-03-04,delivered,web,68.99
969023,45932,2025-03-14,delivered,mobile_app,4.99
841130,16617,2025-08-28,delivered,mobile_app,198.95
669262,81674,2025-06-07,shipped,mobile_app,157.93
753358,66313,2025-01-01,shipped,mobile_app,177.95
564436,14388,2025-07-10,delivered,web,980.46
588577,62179,2025-02-07,shipped,web,95.95
877007,98359,2025-07-17,delivered,marketplace,238.93
906874,60032,2025-09-26,delivered,mobile_app,191.95
512863,66060,2025-09-10,delivered,mobile_app,266.89
500676,49033,2025-09-28,delivered,marketplace,11.95
603763,78192,2025-07-09,delivered,mobile_app,20.99
526384,75920,2025-02-01,delivered,mobile_app,263.4
786237,75455,2025-06-11,delivered,marketplace,55.97
678465,67281,2025-08-12,delivered,web,472.42
969933,40800,2025-07-25,delivered,mobile_app,441.71
881504,74354,2025-01-25,delivered,marketplace,21.99
944456,74555,2025-01-14,delivered,mobile_app,659.92
587956,94433,2025-12-20,delivered,web,294.72
558225,10985,2025-03-05,shipped,mobile_app,93.98
710941,65759,2025-07-03,cancelled,mobile_app,493.31
955397,28975,2025-03-13,delivered,web,701.98
707175,50613,2025-10-20,delivered,marketplace,238.84
703199,72979,2025-12-21,delivered,mobile_app,27.99
587504,50736,2025-01-07,shipped,mobile_app,261.95
940074,88564,2025-12-20,delivered,marketplace,1305.42
538238,15380,2025-12-12,delivered,mobile_app,144.96
897418,75960,2025-02-09,delivered,marketplace,36.98
989810,82997,2025-02-23,delivered,web,354.98
905713,72974,2025-12-14,delivered,web,7.99
643293,84749,2025-07-24,delivered,mobile_app,270.94
509587,31559,2025-06-24,delivered,marketplace,817.91
695589,67032,2025-10-11,delivered,mobile_app,89.98
670883,30696,2025-10-08,delivered,mobile_app,240.98
933137,90807,2025-11-27,delivered,mobile_app,234.4
796157,53430,2025-11-18,delivered,mobile_app,42.99
927244,15671,2025-06-04,shipped,mobile_app,95.49
642723,55898,2025-06-20,shipped,mobile_app,162.93
999738,15380,2025-02-06,returned,web,52.98
623595,76689,2025-09-13,delivered,mobile_app,330.94
939076,34927,2025-12-24,delivered,web,392.75
833247,61665,2025-11-20,delivered,mobile_app,52.94
836127,52702,2025-08-01,delivered,marketplace,25.98
777163,83932,2025-09-02,delivered,web,15.99
566672,34767,2025-04-20,delivered,mobile_app,24.99
680586,21047,2025-06-21,returned,web,166.82
636562,36203,2025-03-07,returned,web,247.88
814533,44149,2025-07-11,processing,web,700.87
513583,11415,2025-02-20,delivered,mobile_app,576.64
942544,34465,2025-04-17,shipped,web,62.44
596004,71269,2025-04-19,delivered,marketplace,87.98
872314,30114,2025-05-09,delivered,web,133.96
667022,83769,2025-05-05,delivered,mobile_app,647.96
888325,40198,2025-12-13,delivered,marketplace,55.98
583439,31434,2025-12-28,delivered,marketplace,20.85
730107,21912,2025-02-11,shipped,web,98.97
985451,87530,2025-09-21,delivered,mobile_app,203.84
593636,66997,2025-08-26,delivered,web,277.96
559598,91253,2025-10-22,delivered,web,525.87
762584,74423,2025-02-08,delivered,mobile_app,123.96
925575,41802,2025-09-24,delivered,marketplace,911.87
999756,24019,2025-12-19,delivered,web,55.97
938455,81620,2025-11-26,delivered,web,55.99
846400,24049,2025-03-12,delivered,web,12.95
794284,10430,2025-11-19,delivered,mobile_app,290.87
938925,31565,2025-06-10,delivered,web,60.98
710025,98584,2025-03-19,delivered,mobile_app,43.98
899426,91053,2025-02-25,delivered,mobile_app,752.86
865976,46567,2025-12-11,delivered,web,46.9
820945,85062,2025-03-21,delivered,web,79.95
578419,60903,2025-10-04,delivered,mobile_app,670.91
897829,43363,2025-04-05,delivered,mobile_app,83.88
721382,77095,2025-07-16,delivered,mobile_app,261.35
994207,55690,2025-10-17,delivered,web,7.49
715418,86189,2025-04-23,delivered,mobile_app,161.93
866362,34465,2025-12-27,delivered,web,151.91
543975,73760,2025-01-17,delivered,mobile_app,801.77
761968,15380,2025-11-14,delivered,mobile_app,462.96
918539,15380,2025-12-17,cancelled,web,205.93
574065,71107,2025-12-20,delivered,mobile_app,124.93
957142,63612,2025-06-20,processing,web,231.9
784963,50229,2025-09-13,delivered,mobile_app,38.94
985174,75477,2025-11-17,delivered,web,176.87
644014,85347,2025-09-02,processing,web,64.99
815366,10205,2025-10-09,delivered,mobile_app,209.35
845419,91982,2025-09-21,delivered,mobile_app,555.88
552629,70999,2025-02-16,delivered,web,384.82
913848,20559,2025-04-12,delivered,marketplace,603.9
752107,21508,2025-12-03,delivered,web,111.95
532169,47321,2025-11-21,delivered,web,20.99
726605,38204,2025-12-11,delivered,mobile_app,1933.61
854776,66997,2025-05-22,delivered,marketplace,240.92
933238,87648,2025-12-01,cancelled,mobile_app,57.42
956234,74785,2025-12-13,shipped,web,746.9
756969,84869,2025-04-27,delivered,web,106.43
716113,46040,2025-06-26,shipped,mobile_app,506.41
755511,17439,2025-12-23,shipped,mobile_app,62.85
536460,58897,2025-11-13,processing,marketplace,94.95
643929,11378,2025-05-28,delivered,marketplace,52.99
547227,30696,2025-08-17,delivered,mobile_app,179.96
705745,58121,2025-10-24,delivered,mobile_app,138.96
931992,93115,2025-04-06,returned,mobile_app,62.85
960344,35240,2025-09-01,delivered,mobile_app,38.94
723887,27523,2025-11-25,delivered,web,765.89
684921,59374,2025-11-11,returned,web,12.99
757466,70145,2025-11-21,returned,web,347.96
988288,25653,2025-05-24,shipped,web,129.92
664085,30459,2025-02-12,processing,mobile_app,440.95
809888,65886,2025-04-03,delivered,mobile_app,523.68
593804,64970,2025-09-21,processing,web,331.65
759761,53254,2025-10-19,delivered,web,55.92
633980,25037,2025-08-04,delivered,web,743.91
876753,44659,2025-11-25,delivered,marketplace,673.91
743015,78123,2025-11-16,delivered,mobile_app,141.44
966751,55991,2025-10-17,delivered,mobile_app,363.96
516673,16008,2025-11-07,delivered,mobile_app,102.94
786822,17819,2025-11-14,delivered,mobile_app,20.99
780710,80147,2025-12-25,delivered,mobile_app,375.68
574415,84942,2025-06-04,delivered,mobile_app,177.37
935752,68746,2025-03-28,delivered,web,184.92
842062,36561,2025-05-23,delivered,web,436.97
857652,50513,2025-10-03,returned,mobile_app,406.87
654343,73046,2025-12-17,cancelled,web,215.97
899901,39564,2025-07-28,delivered,marketplace,145.8
641509,13247,2025-11-08,delivered,web,18.99
617818,27609,2025-02-03,shipped,mobile_app,74.96
510529,13302,2025-12-21,delivered,mobile_app,377.94
551572,64494,2025-08-10,delivered,marketplace,309.8
831422,75019,2025-09-03,delivered,mobile_app,65.8
638546,94201,2025-06-24,delivered,marketplace,292.81
897518,72987,2025-06-20,delivered,web,158.92
739640,62931,2025-09-17,delivered,web,529.7
820956,16432,2025-01-09,delivered,mobile_app,212.97
818742,95031,2025-07-03,processing,web,860.74
953571,40448,2025-06-09,returned,marketplace,180.99
503955,70930,2025-05-03,delivered,mobile_app,294.65
913269,54356,2025-11-20,delivered,web,287.74
547379,22357,2025-03-25,delivered,mobile_app,252.45
562394,60636,2025-12-19,delivered,marketplace,160.33
812012,27171,2025-11-15,delivered,web,46.95
725091,32615,2025-03-26,processing,web,267.87
862921,87990,2025-06-18,delivered,web,573.84
674260,80403,2025-11-22,processing,web,1294.78
594183,33311,2025-10-11,delivered,mobile_app,731.37
507310,42104,2025-03-23,delivered,mobile_app,99.96
772238,95355,2025-08-23,shipped,marketplace,143.93
874357,87023,2025-03-28,shipped,web,154.97
650348,10032,2025-12-24,delivered,mobile_app,256.77
845743,18457,2025-10-03,delivered,web,210.93
847776,92326,2025-12-04,shipped,mobile_app,88.44
995265,69125,2025-08-02,delivered,web,154.95
961176,36533,2025-05-15,returned,mobile_app,49.48
800314,52091,2025-12-17,delivered,mobile_app,100.95
710123,18388,2025-04-02,delivered,mobile_app,16.0
962656,66060,2025-08-14,delivered,web,394.9
685591,34668,2025-09-09,delivered,web,104.99
582500,75642,2025-04-14,cancelled,marketplace,142.88
613241,88498,2025-12-06,delivered,mobile_app,476.92
798605,91745,2025-12-18,delivered,web,264.46
797442,57925,2025-12-09,delivered,marketplace,666.75
912068,25688,2025-11-18,delivered,web,115.92
886424,17067,2025-12-16,delivered,web,328.93
522063,50777,2025-07-24,cancelled,web,343.91
883463,46567,2025-03-16,delivered,mobile_app,172.9
986843,98359,2025-01-06,shipped,web,166.84
640718,28463,2025-01-17,delivered,web,75.93
623600,84317,2025-02-06,delivered,mobile_app,85.99
654613,18734,2025-10-17,delivered,mobile_app,90.85
770351,29619,2025-08-16,cancelled,web,410.47
637286,95275,2025-04-07,delivered,mobile_app,184.95
822421,80819,2025-05-11,delivered,web,409.92
538055,50541,2025-06-07,delivered,web,113.75
837155,67556,2025-05-11,delivered,web,1124.85
511993,63737,2025-09-28,delivered,web,128.81
637934,47564,2025-12-15,delivered,mobile_app,336.94
912049,11844,2025-10-07,delivered,mobile_app,335.99
734294,82341,2025-07-10,delivered,web,43.95
689393,39564,2025-11-11,cancelled,web,42.97
934250,46567,2025-07-18,processing,web,364.95
718004,66246,2025-12-13,delivered,web,191.82
992000,84502,2025-08-04,shipped,web,69.99
827490,32477,2025-08-08,delivered,mobile_app,64.96
583464,70347,2025-12-25,delivered,web,197.47
981661,63737,2025-02-12,delivered,mobile_app,44.99
898302,43151,2025-10-01,delivered,mobile_app,158.99
837959,31880,2025-12-13,delivered,web,826.32
886722,97310,2025-01-08,delivered,mobile_app,63.9
610848,11935,2025-11-16,delivered,mobile_app,154.87
929621,48950,2025-06-19,delivered,web,296.97
890657,65352,2025-12-24,delivered,marketplace,465.94
800982,70999,2025-07-12,returned,marketplace,658.85
646252,97324,2025-12-10,delivered,web,53.95
643588,57925,2025-11-20,delivered,web,303.89
772535,72340,2025-09-21,delivered,web,109.97
641093,27665,2025-05-07,delivered,web,124.39
660281,84749,2025-06-03,delivered,marketplace,42.99
556522,98998,2025-05-02,delivered,mobile_app,69.49
977034,39073,2025-05-03,delivered,mobile_app,257.68
581065,46391,2025-08-13,delivered,web,27.99
502420,34568,2025-03-18,delivered,web,14.95
897043,65661,2025-09-04,delivered,mobile_app,50.94
790469,68045,2025-01-13,delivered,web,524.9
605706,97687,2025-05-13,delivered,marketplace,82.94
878245,87562,2025-07-26,processing,mobile_app,501.38
824286,84627,2025-02-09,delivered,web,288.38
511965,93989,2025-08-09,delivered,web,188.95
867307,14781,2025-11-14,delivered,web,683.98
735358,95486,2025-11-06,shipped,web,17.99
932682,27867,2025-12-01,cancelled,web,393.33
834087,29404,2025-08-18,delivered,web,48.98
917120,52227,2025-12-27,delivered,mobile_app,518.8
988963,53430,2025-04-10,shipped,marketplace,187.84
795713,65728,2025-11-19,delivered,mobile_app,165.88
785407,41265,2025-03-08,delivered,mobile_app,473.18
596449,81138,2025-04-18,delivered,web,787.97
614653,93513,2025-12-10,delivered,web,806.82
855701,87562,2025-07-17,delivered,marketplace,62.94
650312,85928,2025-12-16,delivered,mobile_app,1110.94
715865,28525,2025-03-27,delivered,web,122.97
709032,25041,2025-01-06,delivered,marketplace,464.77
790845,96543,2025-07-25,delivered,marketplace,34.94
684384,91211,2025-12-21,delivered,mobile_app,61.98
759631,82341,2025-07-05,delivered,marketplace,154.39
824893,56004,2025-04-20,delivered,marketplace,345.96
673128,87041,2025-07-23,delivered,marketplace,203.97
828192,58045,2025-08-05,delivered,marketplace,76.46
825913,97448,2025-12-05,delivered,mobile_app,215.89
534049,63737,2025-06-06,delivered,mobile_app,149.89
832784,69825,2025-09-06,delivered,web,115.48
974817,85703,2025-03-04,shipped,web,318.95
774569,91211,2025-11-18,cancelled,marketplace,35.95
919453,35240,2025-01-25,delivered,web,359.84
521428,51702,2025-12-16,delivered,mobile_app,7.95
544780,24965,2025-11-20,delivered,mobile_app,45.98
552438,63427,2025-05-01,delivered,mobile_app,20.95
864068,67007,2025-01-20,delivered,mobile_app,117.0
920414,10205,2025-11-22,returned,mobile_app,191.96
688707,65622,2025-08-11,delivered,web,159.96
960966,63302,2025-08-24,delivered,web,134.94
979830,58897,2025-04-28,delivered,marketplace,1859.99
798983,65209,2025-12-16,cancelled,mobile_app,105.75
606529,34474,2025-04-17,delivered,web,497.92
731161,82872,2025-10-09,shipped,web,157.91
760362,32477,2025-03-17,delivered,web,674.86
596056,53849,2025-01-26,delivered,web,669.42
831775,27373,2025-12-26,delivered,web,93.46
701664,67895,2025-06-08,cancelled,web,75.98
756618,78621,2025-02-18,delivered,web,81.97
856599,91399,2025-05-14,returned,mobile_app,508.44
500052,74533,2025-06-16,delivered,web,241.46
785153,98981,2025-11-08,delivered,web,128.47
629539,80156,2025-01-17,delivered,mobile_app,86.46
565151,13801,2025-11-23,delivered,mobile_app,175.98
514832,21113,2025-03-06,delivered,web,95.99
981824,31534,2025-04-20,delivered,mobile_app,72.98
529491,80924,2025-09-16,delivered,web,165.74
996887,44410,2025-12-14,delivered,web,788.89
849965,10786,2025-11-25,delivered,marketplace,268.95
997865,91464,2025-12-16,delivered,marketplace,74.9
676330,99477,2025-09-28,delivered,web,673.44
630973,83373,2025-09-05,delivered,web,189.84
902506,18256,2025-01-07,cancelled,web,30.94
815901,84102,2025-12-25,delivered,web,143.96
704863,48020,2025-11-01,processing,mobile_app,340.82
611680,49896,2025-09-26,delivered,mobile_app,79.8
630801,41265,2025-12-08,delivered,mobile_app,698.73
831604,13272,2025-12-01,cancelled,mobile_app,85.98
758642,81673,2025-07-13,delivered,mobile_app,374.95
674399,25460,2025-04-26,delivered,mobile_app,451.4
818056,25395,2025-06-21,shipped,mobile_app,532.92
800874,10985,2025-10-15,processing,mobile_app,237.72
551887,93174,2025-12-13,delivered,mobile_app,528.84
544664,10183,2025-06-02,delivered,mobile_app,403.98
837682,81674,2025-02-21,delivered,mobile_app,81.96
871589,22748,2025-10-15,delivered,web,490.22
672639,47386,2025-12-24,delivered,web,203.97
948990,79152,2025-11-14,delivered,web,1103.85
558562,32658,2025-09-17,delivered,web,185.78
525452,81674,2025-04-02,delivered,mobile_app,39.48
578472,86873,2025-06-05,delivered,web,176.29
822493,28898,2025-06-06,delivered,web,358.44
677471,75927,2025-03-20,delivered,web,74.99
901053,34262,2025-12-02,delivered,web,385.91
757484,89182,2025-09-07,shipped,web,27.99
682339,69590,2025-05-10,cancelled,mobile_app,507.93
895847,67550,2025-11-21,delivered,web,194.86
980537,24500,2025-02-03,delivered,web,79.95
750910,77235,2025-10-15,shipped,web,105.97
572169,36535,2025-08-10,processing,mobile_app,9.95
759177,66465,2025-03-27,delivered,mobile_app,55.88
978419,77493,2025-04-08,delivered,web,437.3
671334,19877,2025-10-03,delivered,mobile_app,132.87
921517,51391,2025-08-18,delivered,mobile_app,186.79
699002,27609,2025-05-18,delivered,web,444.71
607932,50375,2025-07-17,delivered,web,117.97
956558,27341,2025-01-16,delivered,mobile_app,772.84
514232,13371,2025-04-16,delivered,web,133.97
973287,16599,2025-06-24,delivered,web,238.96
791658,48803,2025-10-08,delivered,mobile_app,815.48
891041,78317,2025-03-09,returned,web,182.99
739513,34294,2025-04-23,delivered,web,1199.97
620420,71939,2025-12-09,delivered,web,129.95
997065,63662,2025-07-23,cancelled,mobile_app,353.95
635064,31804,2025-04-23,shipped,marketplace,890.72
998193,11211,2025-10-07,processing,mobile_app,70.42
572359,26767,2025-02-21,shipped,web,189.95
543794,99358,2025-10-16,delivered,mobile_app,119.89
530694,26223,2025-08-01,delivered,mobile_app,182.99
650078,28525,2025-09-21,processing,web,828.09
642221,47151,2025-04-06,delivered,mobile_app,202.83
687606,12047,2025-12-22,delivered,mobile_app,618.82
925799,15056,2025-12-25,delivered,mobile_app,303.96
985452,45735,2025-06-24,delivered,mobile_app,147.85
551153,43151,2025-11-19,delivered,mobile_app,16.49
866565,65622,2025-12-25,delivered,mobile_app,1130.58
626618,59374,2025-07-21,processing,marketplace,440.87
819297,29206,2025-02-14,delivered,mobile_app,283.96
652404,18361,2025-10-01,delivered,web,325.98
959538,91399,2025-12-19,delivered,web,10.99
749785,11555,2025-08-26,delivered,mobile_app,109.98
572009,41433,2025-04-05,delivered,web,947.92
838623,10786,2025-01-04,delivered,mobile_app,222.43
654904,82399,2025-09-20,delivered,web,44.97
525344,27266,2025-05-09,shipped,web,658.46
892429,93023,2025-01-14,processing,web,239.91
950046,42636,2025-11-28,cancelled,web,225.94
823199,57922,2025-06-11,shipped,web,1148.9
505917,71669,2025-08-13,shipped,marketplace,585.76
870572,37152,2025-02-09,shipped,web,125.98
653502,93023,2025-04-03,delivered,web,111.92
647621,93195,2025-11-25,delivered,mobile_app,169.97
508034,31880,2025-09-28,delivered,web,652.92
505940,36934,2025-05-16,delivered,mobile_app,152.96
841087,76689,2025-12-23,delivered,web,248.97
717643,37149,2025-11-21,delivered,web,138.84
595731,99446,2025-07-10,cancelled,marketplace,207.68
966493,45419,2025-02-07,delivered,marketplace,178.93
682937,22624,2025-04-22,shipped,web,376.93
520422,51533,2025-01-19,shipped,web,155.97
735937,58944,2025-01-20,delivered,web,134.75
531302,46965,2025-12-24,delivered,mobile_app,549.75
689923,50642,2025-06-11,delivered,web,163.97
767850,21792,2025-08-18,delivered,mobile_app,31.95
957902,17439,2025-06-25,returned,mobile_app,125.82
738132,58152,2025-05-25,delivered,web,302.34
781267,76627,2025-03-19,delivered,web,775.74
644140,51529,2025-04-03,delivered,web,219.9
853805,12138,2025-11-15,delivered,mobile_app,81.96
926388,55690,2025-10-07,delivered,mobile_app,508.68
675317,71669,2025-01-22,cancelled,web,419.9
724428,14873,2025-12-23,delivered,mobile_app,8.99
983743,93038,2025-05-28,delivered,web,575.79
617035,40401,2025-12-01,delivered,marketplace,65.97
861368,29404,2025-08-04,delivered,web,256.44
900626,78078,2025-07-18,delivered,web,37.99
722507,18361,2025-10-26,shipped,marketplace,83.47
519978,90629,2025-05-11,cancelled,mobile_app,113.97
684507,58213,2025-03-23,delivered,mobile_app,310.87
598399,84912,2025-12-12,delivered,mobile_app,131.48
855288,59592,2025-12-23,shipped,mobile_app,20.99
852636,41796,2025-11-18,delivered,mobile_app,640.45
679708,75470,2025-03-20,delivered,web,522.9
507304,50706,2025-05-01,delivered,marketplace,90.89
506717,76771,2025-09-19,cancelled,mobile_app,1614.28
863397,21751,2025-10-09,delivered,web,83.46
529280,81688,2025-02-02,cancelled,mobile_app,907.39
729842,20559,2025-12-01,delivered,mobile_app,791.65
947013,21648,2025-11-13,delivered,web,366.97
985631,50202,2025-07-13,delivered,mobile_app,177.99
909591,51093,2025-07-10,shipped,mobile_app,318.73
796194,43330,2025-03-20,processing,web,516.92
996121,40547,2025-03-14,cancelled,web,308.45
914418,89536,2025-08-07,delivered,web,420.96
771035,84211,2025-11-20,delivered,mobile_app,286.79
593906,58944,2025-06-08,delivered,mobile_app,613.32
588329,17439,2025-12-16,shipped,mobile_app,496.97
650578,71019,2025-08-15,delivered,web,76.97
608381,15380,2025-11-14,processing,mobile_app,326.89
531814,24019,2025-10-09,delivered,web,505.95
875610,50602,2025-07-24,shipped,marketplace,21.95
533348,91399,2025-11-18,delivered,mobile_app,824.9
787716,31534,2025-06-20,delivered,web,124.84
661420,86369,2025-06-04,shipped,web,208.47
892262,55690,2025-12-11,shipped,marketplace,292.33
913364,53430,2025-09-02,processing,mobile_app,54.85
604044,34787,2025-03-23,delivered,marketplace,430.92
742139,89554,2025-02-12,delivered,mobile_app,2677.01
854092,19591,2025-08-03,delivered,mobile_app,119.89
684841,36656,2025-08-17,delivered,mobile_app,256.97
644625,50551,2025-06-12,delivered,marketplace,30.99
942811,81395,2025-12-20,delivered,mobile_app,29.95
783738,52814,2025-11-06,delivered,web,93.98
807714,93989,2025-04-23,cancelled,web,291.78
656098,18457,2025-12-06,delivered,marketplace,212.74
554752,34746,2025-12-05,delivered,web,37.84
583575,83394,2025-12-25,delivered,mobile_app,381.87
689239,64029,2025-12-25,delivered,web,256.91
805602,42325,2025-12-25,cancelled,mobile_app,427.96
801106,68365,2025-12-12,delivered,mobile_app,482.92
677140,74501,2025-10-07,delivered,mobile_app,124.75
798459,78237,2025-09-13,delivered,mobile_app,13.47
928486,61255,2025-09-23,delivered,web,592.86
693233,51627,2025-03-24,delivered,web,146.92
834335,72987,2025-11-22,delivered,web,89.89
862134,31559,2025-12-27,delivered,marketplace,507.68
585507,21022,2025-11-21,shipped,web,64.97
596765,27560,2025-04-07,delivered,web,191.79
900747,99446,2025-12-11,delivered,mobile_app,526.45
838639,68365,2025-11-24,delivered,mobile_app,1132.7
570930,72340,2025-11-23,cancelled,mobile_app,227.83
535251,80156,2025-11-08,delivered,web,44.95
568529,16099,2025-12-03,delivered,web,176.88
834255,23297,2025-04-03,delivered,web,78.99
887038,53430,2025-10-25,delivered,mobile_app,406.88
884938,46298,2025-05-07,delivered,web,217.95
671302,63358,2025-09-12,delivered,mobile_app,177.99
917544,27665,2025-04-07,delivered,mobile_app,357.87
902223,10032,2025-11-16,delivered,web,907.78
550466,95031,2025-11-17,delivered,mobile_app,313.89
674532,80819,2025-06-02,delivered,web,63.98
708491,34262,2025-09-09,delivered,web,193.94
618911,60458,2025-12-21,delivered,web,78.84
609480,20860,2025-12-05,delivered,web,51.44
842781,91399,2025-09-03,delivered,web,7.95
654080,87428,2025-12-21,delivered,web,148.92
781897,73980,2025-10-11,delivered,mobile_app,381.96
993506,24600,2025-01-12,delivered,web,9.95
535370,83404,2025-04-28,delivered,mobile_app,85.93
762808,40800,2025-11-23,delivered,mobile_app,21.0
513218,31559,2025-10-03,processing,mobile_app,563.94
812811,70259,2025-10-27,returned,mobile_app,373.92
779332,40448,2025-12-13,delivered,marketplace,54.94
862389,88498,2025-11-27,delivered,marketplace,101.94
537033,90427,2025-12-19,delivered,web,241.97
894996,74442,2025-01-28,delivered,web,111.96
605950,19213,2025-09-21,processing,web,235.93
621747,37954,2025-10-20,shipped,web,321.94
745245,30325,2025-05-05,delivered,mobile_app,41.98
857164,93155,2025-04-26,delivered,web,254.48
507715,77019,2025-11-03,delivered,mobile_app,451.91
684100,44410,2025-05-11,delivered,mobile_app,131.84
963631,41802,2025-04-06,delivered,web,35.9
947684,83305,2025-10-16,delivered,mobile_app,388.77
954792,50277,2025-03-21,delivered,mobile_app,25.99
626058,22700,2025-06-25,delivered,mobile_app,115.97
869954,63909,2025-10-04,delivered,mobile_app,422.92
772795,86189,2025-01-12,delivered,marketplace,155.92
668591,70448,2025-11-18,delivered,mobile_app,238.9
594453,48584,2025-09-21,delivered,mobile_app,560.88
622761,49859,2025-06-01,shipped,mobile_app,292.35
923441,78087,2025-11-03,delivered,mobile_app,332.33
973688,93023,2025-11-01,delivered,mobile_app,198.89
614092,20559,2025-09-17,delivered,web,175.88
801828,78715,2025-03-17,delivered,web,489.97
616005,83565,2025-11-23,delivered,mobile_app,187.96
808938,56385,2025-10-05,delivered,mobile_app,190.48
685509,57807,2025-04-26,delivered,web,190.99
506275,40673,2025-12-15,delivered,mobile_app,81.79
716824,22700,2025-03-18,delivered,mobile_app,204.7
586528,10117,2025-12-07,cancelled,mobile_app,560.16
844718,71269,2025-01-06,delivered,mobile_app,56.97
903085,43406,2025-09-24,delivered,mobile_app,633.85
715813,47386,2025-08-07,delivered,web,1069.87
649148,85477,2025-05-25,delivered,web,256.99
817904,61954,2025-09-16,delivered,mobile_app,641.18
589808,45294,2025-05-25,delivered,mobile_app,22.99
608682,67056,2025-10-21,delivered,marketplace,318.95
697209,25037,2025-12-25,delivered,web,48.44
760115,43429,2025-11-13,returned,web,66.93
501854,87669,2025-11-18,delivered,mobile_app,138.97
644719,30459,2025-08-09,delivered,mobile_app,136.89
759629,21470,2025-05-24,delivered,mobile_app,197.94
652411,35963,2025-09-16,cancelled,web,258.96
950753,36535,2025-02-02,delivered,mobile_app,449.88
887566,37839,2025-03-03,delivered,mobile_app,143.47
777816,95801,2025-09-02,cancelled,mobile_app,161.91
828383,94844,2025-03-07,delivered,web,193.96
525737,43363,2025-04-04,delivered,web,126.84
920005,97953,2025-05-11,shipped,mobile_app,428.29
833225,68219,2025-06-25,delivered,web,92.94
597292,64609,2025-07-04,shipped,mobile_app,372.94
508275,97643,2025-05-24,shipped,mobile_app,155.96
847456,73839,2025-02-04,delivered,web,421.97
878835,35732,2025-09-12,shipped,web,18.99
706707,69590,2025-12-25,delivered,mobile_app,225.45
761451,44536,2025-10-28,delivered,mobile_app,314.95
865365,25286,2025-08-13,delivered,web,107.97
676162,88028,2025-07-28,delivered,web,272.97
714195,50943,2025-06-04,returned,web,394.74
624250,37743,2025-12-13,delivered,web,81.94
549498,74717,2025-05-05,shipped,web,278.91
630405,46145,2025-07-26,delivered,web,390.44
749962,74291,2025-11-28,delivered,mobile_app,1932.75
741942,24965,2025-03-01,returned,web,9.99
922911,74393,2025-06-09,delivered,web,4015.32
511410,96543,2025-06-22,cancelled,web,294.94
834779,40143,2025-04-20,delivered,mobile_app,15.99
718165,43538,2025-09-28,delivered,web,473.92
787975,77095,2025-12-17,delivered,mobile_app,178.99
959038,73302,2025-12-06,delivered,mobile_app,93.98
873716,91793,2025-07-09,delivered,web,528.82
671064,31559,2025-08-14,shipped,web,220.75
582087,72987,2025-01-03,cancelled,mobile_app,672.84
710053,23267,2025-07-09,delivered,mobile_app,95.99
667763,39564,2025-09-06,delivered,web,455.35
737884,21708,2025-08-16,delivered,mobile_app,81.98
861260,21022,2025-06-05,delivered,mobile_app,463.89
507551,16036,2025-08-15,delivered,mobile_app,112.98
651865,71107,2025-10-11,delivered,mobile_app,405.99
880266,51931,2025-09-06,delivered,marketplace,402.22
914857,45419,2025-10-08,returned,web,277.98
975380,52192,2025-04-13,shipped,marketplace,298.46
706514,33311,2025-11-24,delivered,web,388.84
761556,24515,2025-09-01,shipped,marketplace,569.96
693522,14388,2025-01-06,delivered,mobile_app,57.48
937962,84211,2025-11-23,delivered,marketplace,183.98
705984,80139,2025-03-17,delivered,mobile_app,476.35
738333,17611,2025-04-05,delivered,marketplace,107.47
807968,43872,2025-02-09,delivered,mobile_app,95.98
819157,29619,2025-12-25,processing,mobile_app,695.9
531274,62010,2025-08-13,shipped,web,200.91
647456,24673,2025-04-08,delivered,mobile_app,40.39
967355,88088,2025-03-26,delivered,mobile_app,190.4
917633,29794,2025-11-17,returned,mobile_app,149.46
797799,21104,2025-11-12,delivered,web,36.49
698332,58897,2025-06-26,shipped,mobile_app,106.99
716707,17736,2025-07-08,returned,web,288.81
584466,76627,2025-11-28,delivered,marketplace,304.84
689787,25608,2025-05-26,processing,mobile_app,375.28
914060,90629,2025-03-12,cancelled,mobile_app,441.2
510307,15380,2025-12-11,delivered,web,472.48
905324,83394,2025-12-04,delivered,mobile_app,179.95
549238,95200,2025-12-25,delivered,web,203.92
500224,66975,2025-06-07,shipped,web,292.9
533709,76771,2025-10-06,processing,web,175.99
546542,60032,2025-10-20,delivered,mobile_app,139.86
986677,63302,2025-10-09,cancelled,mobile_app,302.86
947268,21476,2025-11-13,delivered,web,524.27
593780,89446,2025-05-03,processing,mobile_app,511.91
661669,94711,2025-06-28,delivered,mobile_app,181.76
566204,92903,2025-02-23,delivered,web,77.68
915009,60968,2025-01-09,shipped,web,964.94
931944,70785,2025-09-25,delivered,mobile_app,203.96
766297,25934,2025-12-28,shipped,web,509.68
685263,87023,2025-08-26,returned,mobile_app,102.88
814276,14045,2025-03-08,delivered,web,485.83
579854,38776,2025-11-03,cancelled,web,260.98
752990,62324,2025-03-03,delivered,mobile_app,15.99
535683,86873,2025-01-08,delivered,web,92.93
863042,65728,2025-03-08,delivered,web,607.94
520875,49493,2025-09-07,delivered,web,151.7
963239,17374,2025-08-10,delivered,mobile_app,127.94
848153,58432,2025-11-25,cancelled,web,223.97
726431,20915,2025-10-17,delivered,marketplace,156.88
542089,85268,2025-11-11,delivered,mobile_app,463.72
732270,64273,2025-04-20,processing,mobile_app,348.36
538769,52192,2025-04-20,delivered,marketplace,238.87
935093,23274,2025-11-18,delivered,mobile_app,119.94
615944,92326,2025-03-22,delivered,web,244.84
718731,48293,2025-01-14,cancelled,mobile_app,202.98
829187,20915,2025-10-22,cancelled,marketplace,137.97
515860,15074,2025-08-19,returned,mobile_app,597.88
796958,94576,2025-04-08,delivered,mobile_app,914.95
591481,54011,2025-09-08,processing,mobile_app,62.99
932809,24363,2025-10-02,processing,web,348.4
709813,15671,2025-01-22,delivered,mobile_app,234.87
722399,88195,2025-07-12,delivered,web,398.94
559284,80139,2025-04-23,delivered,marketplace,970.26
578666,62557,2025-06-28,delivered,web,62.94
540368,15473,2025-09-16,delivered,web,98.0
560477,91499,2025-08-28,delivered,web,44.99
505533,22704,2025-11-17,delivered,marketplace,233.87
806413,93990,2025-07-28,delivered,web,749.95
821261,31804,2025-06-16,delivered,marketplace,1300.9
619998,76771,2025-09-23,delivered,mobile_app,916.39
737160,50642,2025-01-01,delivered,web,412.78
976222,97531,2025-03-26,delivered,mobile_app,109.98
601016,74533,2025-06-09,returned,mobile_app,149.87
984572,44612,2025-11-21,delivered,mobile_app,90.97
784420,64972,2025-11-28,delivered,mobile_app,173.92
999522,48725,2025-12-01,delivered,marketplace,39.99
570629,42995,2025-06-18,cancelled,web,185.29
538506,73975,2025-12-22,delivered,mobile_app,618.86
884075,38247,2025-05-20,shipped,mobile_app,468.89
685599,37888,2025-07-26,shipped,mobile_app,249.75
855442,35555,2025-12-15,delivered,mobile_app,363.94
883227,76255,2025-07-12,delivered,web,262.96
898202,79830,2025-09-04,delivered,web,304.78
964489,37212,2025-06-07,delivered,web,70.95
857084,90710,2025-12-14,delivered,marketplace,217.98
879911,10501,2025-11-18,delivered,web,489.89
626357,11811,2025-04-02,delivered,web,390.89
979367,90173,2025-06-03,delivered,mobile_app,141.96
929117,58944,2025-02-06,shipped,mobile_app,41.99
508076,45419,2025-09-10,delivered,web,562.89
635094,39640,2025-05-26,delivered,marketplace,265.93
539128,43151,2025-12-14,delivered,web,36.99
708643,34989,2025-11-03,shipped,web,240.72
533558,45874,2025-07-07,delivered,web,128.92
756620,41802,2025-10-28,delivered,web,480.28
809608,83517,2025-05-13,delivered,mobile_app,191.88
576779,37743,2025-06-25,shipped,mobile_app,63.94
643018,22741,2025-01-27,delivered,mobile_app,64.9
559828,55826,2025-11-04,delivered,web,1056.94
737267,39351,2025-03-14,delivered,marketplace,205.49
548245,87990,2025-10-15,delivered,mobile_app,273.97
766007,43515,2025-07-06,delivered,web,218.88
853598,66580,2025-05-27,shipped,web,190.91
917916,42875,2025-05-05,cancelled,mobile_app,136.88
914562,88985,2025-08-24,processing,marketplace,379.84
893977,39351,2025-10-22,delivered,mobile_app,84.89
852166,14873,2025-10-01,delivered,web,632.81
757398,81886,2025-02-20,shipped,web,178.99
601114,40187,2025-06-07,delivered,mobile_app,1066.93
516788,29666,2025-03-07,delivered,web,114.37
696488,81674,2025-11-05,delivered,mobile_app,231.93
625655,27266,2025-10-28,delivered,web,172.97
827662,10430,2025-11-23,delivered,web,211.95
744959,71149,2025-03-20,delivered,mobile_app,602.86
584275,61255,2025-02-11,delivered,mobile_app,204.47
693310,69552,2025-07-28,cancelled,web,391.94
983655,24638,2025-03-01,delivered,marketplace,375.96
955807,21022,2025-12-21,cancelled,mobile_app,405.91
661477,57922,2025-03-27,processing,mobile_app,82.99
642772,50046,2025-09-28,delivered,marketplace,485.65
807879,28930,2025-09-18,shipped,web,141.89
693075,97994,2025-04-16,delivered,mobile_app,120.97
585476,34277,2025-10-11,delivered,web,591.43
676017,13302,2025-04-03,delivered,mobile_app,98.93
837311,32490,2025-10-22,returned,mobile_app,548.75
704704,18121,2025-01-10,delivered,web,145.97
852182,27687,2025-03-05,delivered,web,199.74
652925,31880,2025-10-08,shipped,web,41.99
664353,23493,2025-04-23,cancelled,mobile_app,798.83
677170,65661,2025-12-24,delivered,web,245.88
623301,63882,2025-03-11,delivered,mobile_app,209.79
844021,45283,2025-08-22,delivered,mobile_app,265.81
972199,81688,2025-11-03,delivered,web,297.98
798648,10117,2025-11-06,delivered,web,278.75
717564,51452,2025-10-21,returned,marketplace,52.98
997445,22624,2025-09-27,delivered,mobile_app,163.97
963323,94702,2025-07-08,delivered,web,107.0
954264,77743,2025-05-17,delivered,web,287.93
932815,89997,2025-06-12,delivered,web,188.97
965308,86189,2025-02-06,returned,mobile_app,111.95
961928,71269,2025-04-20,delivered,marketplace,55.98
932994,16617,2025-03-09,delivered,web,261.94
664268,38426,2025-07-25,shipped,web,49.85
922592,83394,2025-12-06,delivered,marketplace,11.49
584488,47786,2025-05-16,delivered,mobile_app,522.93
785670,90734,2025-02-15,delivered,mobile_app,337.96
978878,72214,2025-12-04,delivered,web,836.89
881687,20828,2025-05-05,delivered,mobile_app,97.98
565058,41130,2025-06-06,delivered,marketplace,58.99
623251,85007,2025-05-16,delivered,mobile_app,893.73
877608,41172,2025-01-19,delivered,web,144.9
995186,11751,2025-10-11,returned,web,435.75
837420,65622,2025-08-06,delivered,web,201.99
921068,95160,2025-09-26,delivered,marketplace,255.96
914749,57550,2025-10-28,shipped,mobile_app,310.95
606043,21395,2025-03-04,shipped,mobile_app,191.45
585077,26215,2025-08-25,delivered,mobile_app,47.99
663332,11694,2025-04-07,delivered,web,409.95
759672,83310,2025-04-03,delivered,web,246.4
599021,88068,2025-07-02,delivered,mobile_app,504.37
746186,75116,2025-08-13,delivered,web,52.94
595060,20513,2025-09-08,delivered,web,211.91
743404,88088,2025-09-11,delivered,marketplace,173.82
860518,39502,2025-06-24,delivered,web,105.95
586057,49859,2025-08-14,returned,web,94.9
958396,53455,2025-03-15,delivered,web,342.97
618814,46918,2025-11-03,delivered,web,149.98
753037,89358,2025-06-27,delivered,web,152.93
941557,39114,2025-08-24,delivered,web,137.95
837377,85666,2025-12-28,delivered,mobile_app,222.9
824671,78715,2025-01-12,delivered,mobile_app,53.95
670234,73274,2025-04-14,delivered,web,163.74
565958,98998,2025-11-21,shipped,web,468.76
547457,87938,2025-11-13,delivered,web,86.99
643717,16387,2025-10-22,delivered,mobile_app,240.98
530173,34139,2025-12-13,delivered,web,198.88
611353,45668,2025-04-16,delivered,web,88.46
655611,66975,2025-04-15,returned,mobile_app,253.91
734573,53293,2025-01-20,delivered,marketplace,732.87
646911,86375,2025-03-08,delivered,web,19.99
994205,85062,2025-04-09,delivered,web,1142.88
913548,16568,2025-08-04,shipped,mobile_app,224.78
715890,49493,2025-12-05,delivered,mobile_app,203.98
852448,58690,2025-08-15,delivered,web,403.96
593819,17854,2025-11-15,delivered,web,375.93
640761,75960,2025-01-24,returned,mobile_app,25.9
909104,33481,2025-03-12,delivered,web,206.92
631326,15674,2025-10-13,delivered,web,71.99
774991,10032,2025-08-21,delivered,web,7.99
726604,94292,2025-04-05,delivered,web,122.89
793094,44452,2025-08-05,delivered,mobile_app,165.89
915000,21470,2025-12-24,delivered,mobile_app,53.98
721700,49273,2025-10-25,delivered,web,116.41
849792,86782,2025-10-14,delivered,marketplace,205.88
888118,40187,2025-07-21,delivered,mobile_app,683.38
686513,15702,2025-05-14,delivered,mobile_app,53.88
595285,96279,2025-07-20,delivered,mobile_app,439.78
852470,82787,2025-11-19,delivered,web,768.43
838922,18457,2025-05-09,delivered,mobile_app,242.96
512822,83373,2025-12-26,delivered,web,1246.92
521435,34668,2025-12-08,cancelled,web,9.99
861079,68365,2025-05-24,delivered,web,370.45
867318,75486,2025-04-08,delivered,mobile_app,567.89
927500,85357,2025-03-07,delivered,mobile_app,135.98
785212,36656,2025-09-02,delivered,mobile_app,229.67
928642,73302,2025-11-09,delivered,web,9.99
784630,31607,2025-09-27,delivered,web,100.42
973567,16432,2025-11-16,delivered,mobile_app,338.98
655873,67895,2025-09-06,delivered,marketplace,597.41
711182,44410,2025-05-03,delivered,web,99.95
919861,72846,2025-03-17,delivered,mobile_app,74.99
914321,72979,2025-03-25,delivered,web,917.83
885093,34465,2025-09-28,delivered,web,263.96
554849,17596,2025-12-05,cancelled,mobile_app,95.49
852759,87474,2025-11-19,delivered,web,58.98
718089,60968,2025-01-18,delivered,web,97.98
570062,62179,2025-10-04,delivered,web,61.99
617940,57185,2025-09-21,shipped,web,38.9
803652,96279,2025-03-15,delivered,mobile_app,521.33
634313,95275,2025-07-17,delivered,web,322.45
890784,95983,2025-02-19,delivered,mobile_app,230.92
921883,68371,2025-08-22,delivered,web,91.96
813418,95275,2025-11-04,delivered,web,8.95
570141,73673,2025-02-18,delivered,mobile_app,68.95
501283,72603,2025-05-09,delivered,mobile_app,86.83
970588,83310,2025-10-02,cancelled,mobile_app,196.28
638556,59900,2025-11-10,delivered,mobile_app,341.9
745193,89997,2025-07-17,delivered,marketplace,275.8
604902,46567,2025-12-10,delivered,marketplace,42.44
540835,73927,2025-02-15,delivered,mobile_app,222.98
735817,86478,2025-06-14,delivered,marketplace,196.89
843896,15380,2025-01-17,delivered,web,148.9
761793,97643,2025-08-22,delivered,web,192.93
672079,65209,2025-04-02,delivered,web,94.95
649391,10891,2025-06-15,delivered,mobile_app,411.89
514547,30114,2025-12-17,delivered,mobile_app,73.96
775155,57807,2025-07-19,cancelled,web,169.96
504089,85182,2025-10-09,delivered,marketplace,43.99
562089,85390,2025-06-06,returned,mobile_app,162.79
704761,40448,2025-04-09,delivered,mobile_app,8.99
718477,86844,2025-03-24,delivered,web,84.75
604098,91499,2025-10-28,processing,marketplace,226.91
598878,45756,2025-09-21,delivered,web,374.75
726033,38776,2025-10-16,delivered,web,534.84
834100,20889,2025-12-03,shipped,mobile_app,587.83
776207,65622,2025-03-11,shipped,marketplace,272.91
656744,34535,2025-08-10,processing,web,836.12
770094,84514,2025-07-03,delivered,marketplace,295.92
917586,40198,2025-01-11,delivered,mobile_app,62.95
549746,22357,2025-05-10,delivered,web,277.45
862112,15534,2025-08-11,delivered,mobile_app,11.49
859138,33311,2025-08-09,delivered,mobile_app,301.82
833899,77019,2025-12-28,shipped,web,189.93
871610,39160,2025-04-28,delivered,web,148.75
665203,15074,2025-03-07,delivered,mobile_app,127.95
911974,26767,2025-11-20,delivered,web,194.98
840789,11072,2025-11-20,processing,web,73.98
604369,69582,2025-11-20,delivered,web,305.95
613376,52091,2025-07-19,delivered,mobile_app,60.94
665747,25395,2025-12-24,delivered,mobile_app,204.41
891793,24141,2025-07-22,delivered,mobile_app,321.96
663950,73659,2025-10-04,shipped,mobile_app,307.88
537899,68365,2025-12-03,delivered,mobile_app,20.48
848929,66546,2025-05-07,cancelled,web,22.99
780778,21113,2025-12-13,shipped,mobile_app,77.98
964079,20307,2025-05-25,delivered,mobile_app,140.94
707721,87428,2025-06-02,delivered,web,289.94
773799,15380,2025-02-27,cancelled,mobile_app,328.0
601491,25037,2025-10-11,processing,mobile_app,406.84
990480,34804,2025-12-10,delivered,marketplace,136.34
763448,39640,2025-04-16,delivered,mobile_app,77.97
839309,11988,2025-08-01,shipped,mobile_app,33.95
517682,63297,2025-04-18,delivered,mobile_app,126.97
728258,74533,2025-09-16,delivered,web,955.9
624056,85390,2025-02-05,delivered,marketplace,134.44
872815,14009,2025-10-06,processing,mobile_app,90.89
932835,61693,2025-10-24,cancelled,mobile_app,2369.13
996680,82622,2025-07-07,delivered,mobile_app,996.52
580820,22773,2025-08-08,delivered,mobile_app,1594.75
952791,49273,2025-12-28,delivered,web,68.44
655117,58862,2025-11-12,delivered,web,264.8
652989,16172,2025-08-20,cancelled,web,205.9
704739,90710,2025-11-08,delivered,web,75.94
810089,82872,2025-08-19,returned,web,675.91
729233,80317,2025-06-18,delivered,marketplace,77.99
559512,22748,2025-10-17,delivered,web,63.97
952617,73570,2025-04-08,delivered,mobile_app,226.96
683701,52857,2025-11-19,returned,web,53.99
909626,10985,2025-02-08,delivered,web,177.98
689545,77235,2025-02-25,cancelled,mobile_app,537.91
533260,61129,2025-08-16,returned,web,309.22
712349,87938,2025-11-26,delivered,mobile_app,232.94
836467,93023,2025-03-25,delivered,marketplace,28.99
854635,36535,2025-12-02,delivered,web,430.18
561642,60950,2025-03-14,delivered,web,27.48
549921,39627,2025-12-25,delivered,web,225.91
582302,31565,2025-11-10,delivered,web,33.94
876099,34294,2025-08-02,delivered,mobile_app,26.99
898244,41004,2025-07-01,delivered,web,259.96
980488,20941,2025-12-19,delivered,mobile_app,41.99
910857,93038,2025-12-01,delivered,mobile_app,71.99
878623,58629,2025-11-14,delivered,web,111.93
669765,80903,2025-02-03,delivered,mobile_app,187.96
778415,71669,2025-06-14,delivered,web,444.48
520071,47386,2025-11-16,delivered,web,489.81
697873,75960,2025-10-08,delivered,mobile_app,40.98
834897,80190,2025-05-13,delivered,mobile_app,373.27
594388,22700,2025-10-10,processing,mobile_app,28.49
820090,92366,2025-05-09,delivered,mobile_app,44.95
795287,34066,2025-10-18,delivered,web,81.93
767705,10664,2025-03-15,processing,web,294.69
541584,13772,2025-11-12,shipped,web,662.89
941019,49523,2025-03-23,shipped,marketplace,762.92
571390,20915,2025-12-15,processing,web,33.49
846339,90777,2025-11-12,returned,mobile_app,104.8
633180,21395,2025-03-03,delivered,web,116.94
840081,75837,2025-11-03,delivered,web,107.93
535429,53542,2025-10-03,delivered,web,232.85
867111,58213,2025-08-02,delivered,mobile_app,390.89
837821,47191,2025-09-13,delivered,mobile_app,526.99
946428,46662,2025-11-25,cancelled,web,625.82
816324,53263,2025-08-04,cancelled,marketplace,107.97
582387,97051,2025-08-07,shipped,mobile_app,238.98
653341,13309,2025-08-23,delivered,mobile_app,101.92
941751,15214,2025-01-18,delivered,web,406.88
968684,36371,2025-10-06,delivered,mobile_app,106.99
947843,60032,2025-03-27,delivered,mobile_app,170.95
940398,90045,2025-07-02,delivered,mobile_app,93.98
502349,51035,2025-09-08,delivered,web,1368.62
531494,53849,2025-07-26,delivered,web,229.45
891873,48981,2025-02-24,delivered,web,477.41
527704,71099,2025-12-04,shipped,mobile_app,15.99
750430,22704,2025-09-01,shipped,marketplace,72.97
580487,51533,2025-07-26,delivered,web,82.89
779269,24673,2025-06-27,delivered,mobile_app,303.45
677731,15560,2025-11-10,delivered,mobile_app,54.99
610694,17611,2025-07-02,delivered,web,422.88
527505,21476,2025-10-09,cancelled,mobile_app,208.49
777973,41461,2025-08-19,delivered,web,234.89
736025,90775,2025-08-19,delivered,web,139.92
877075,82340,2025-08-15,delivered,mobile_app,89.99
891741,77095,2025-03-19,processing,web,471.68
548280,70999,2025-10-19,delivered,mobile_app,233.87
512230,91745,2025-06-23,delivered,web,592.97
723675,65371,2025-03-27,delivered,web,95.98
982191,46645,2025-09-02,delivered,mobile_app,84.94
879954,89358,2025-12-08,delivered,web,155.85
599523,69825,2025-11-28,cancelled,web,107.9
873614,35652,2025-07-19,delivered,mobile_app,223.44
655879,22748,2025-04-14,delivered,marketplace,778.47
975434,25631,2025-07-23,delivered,web,242.27
523224,15380,2025-03-06,cancelled,web,532.84
601006,16568,2025-02-24,returned,mobile_app,104.93
649827,75913,2025-06-19,delivered,web,87.97
801943,43363,2025-01-24,delivered,mobile_app,109.98
929733,26219,2025-12-27,delivered,mobile_app,64.89
988936,82341,2025-12-21,delivered,web,584.24
609568,17736,2025-08-22,delivered,web,216.83
814892,32770,2025-11-09,delivered,web,221.95
687047,69582,2025-10-06,delivered,marketplace,12.98
603413,29619,2025-12-25,delivered,mobile_app,1423.96
597673,27665,2025-10-28,cancelled,mobile_app,275.85
640205,65295,2025-10-01,processing,mobile_app,12.99
885949,77235,2025-04-04,delivered,web,158.47
659792,46567,2025-03-13,delivered,web,51.96
886124,61783,2025-05-20,delivered,marketplace,443.59
657154,69582,2025-10-11,delivered,web,962.71
607763,69552,2025-01-06,delivered,web,366.89
761702,97262,2025-08-10,delivered,mobile_app,132.88
733455,83026,2025-04-11,delivered,marketplace,313.94
981349,96118,2025-09-25,delivered,mobile_app,108.96
548013,79641,2025-12-16,delivered,mobile_app,20.95
655775,24965,2025-12-27,delivered,marketplace,540.37
645165,12047,2025-11-28,returned,mobile_app,163.89
858541,72331,2025-11-27,delivered,mobile_app,318.9
942856,97261,2025-09-05,delivered,mobile_app,731.23
583460,55437,2025-11-22,delivered,web,154.97
838356,44985,2025-01-26,delivered,marketplace,368.97
926683,90710,2025-08-01,delivered,web,616.97
718358,51670,2025-11-25,cancelled,web,523.39
862163,29588,2025-12-26,delivered,web,189.96
678739,69582,2025-10-23,delivered,mobile_app,296.99
837490,35240,2025-10-18,delivered,web,1822.88
574978,40800,2025-10-15,delivered,mobile_app,221.92
898755,67567,2025-03-13,shipped,marketplace,102.89
805465,75116,2025-07-16,delivered,web,182.99
948065,23747,2025-12-23,delivered,web,56.95
705392,83047,2025-06-06,delivered,mobile_app,1662.3
726985,97994,2025-11-12,delivered,web,229.98
639423,93195,2025-08-12,delivered,mobile_app,291.89
914008,75837,2025-09-05,delivered,mobile_app,52.99
530802,27440,2025-11-28,delivered,mobile_app,245.21
939112,80819,2025-03-25,delivered,mobile_app,212.88
746245,76828,2025-09-20,delivered,mobile_app,296.76
534881,96206,2025-01-28,processing,marketplace,1064.72
969513,42077,2025-10-01,shipped,web,95.96
626889,18256,2025-11-03,processing,marketplace,551.95
520340,53960,2025-12-06,delivered,marketplace,216.98
626551,76188,2025-09-23,delivered,web,796.87
549059,96116,2025-02-12,delivered,web,259.8
694460,36205,2025-05-06,delivered,marketplace,492.92
894717,70560,2025-11-22,delivered,web,146.95
767375,68737,2025-10-21,cancelled,mobile_app,351.98
887967,98584,2025-02-22,delivered,mobile_app,629.98
870969,85581,2025-03-12,delivered,marketplace,45.98
680016,79114,2025-04-26,returned,web,246.94
829555,86189,2025-05-16,delivered,mobile_app,266.29
694330,82716,2025-10-04,cancelled,mobile_app,127.8
639444,58362,2025-08-13,delivered,mobile_app,251.96
541393,15560,2025-12-10,delivered,marketplace,352.76
853820,38635,2025-09-07,delivered,marketplace,177.29
961944,23493,2025-10-23,delivered,mobile_app,958.73
668872,45292,2025-03-03,delivered,web,31.98
716406,52944,2025-03-20,delivered,web,570.91
976597,97552,2025-11-09,delivered,web,31.98
823093,51533,2025-10-14,delivered,mobile_app,986.43
500846,73714,2025-07-15,delivered,mobile_app,13.99
591401,57807,2025-09-04,delivered,mobile_app,318.95
607114,89446,2025-02-26,cancelled,web,159.97
905096,48809,2025-12-21,delivered,marketplace,53.85
521192,96664,2025-04-15,delivered,web,166.48
683374,48435,2025-11-06,delivered,mobile_app,38.98
680031,71607,2025-09-08,processing,web,478.41
636914,53951,2025-06-04,delivered,web,127.42
613516,78684,2025-02-20,delivered,web,105.9
980447,83932,2025-10-23,processing,web,3444.19
937805,37743,2025-08-25,delivered,web,13.99
894136,80819,2025-01-11,delivered,mobile_app,67.98
578889,97434,2025-09-13,delivered,mobile_app,513.93
606510,79129,2025-11-10,delivered,web,340.92
719165,88258,2025-07-21,delivered,mobile_app,39.99
748760,53364,2025-01-07,delivered,mobile_app,354.9
698719,26216,2025-03-03,delivered,web,129.98
614565,11179,2025-07-09,delivered,mobile_app,300.73
685348,16617,2025-04-28,delivered,mobile_app,1160.91
788002,59069,2025-12-10,delivered,mobile_app,107.98
655051,59140,2025-12-07,delivered,web,260.88
989761,63737,2025-09-28,delivered,web,285.75
882067,19903,2025-02-14,delivered,web,333.94
599173,53455,2025-07-26,cancelled,mobile_app,48.95
764458,58874,2025-12-11,delivered,web,76.94
541506,46567,2025-07-15,delivered,web,67.97
535099,53754,2025-10-20,delivered,mobile_app,112.93
799744,91745,2025-05-09,delivered,web,230.24
651974,76153,2025-06-09,delivered,mobile_app,306.95
774090,89182,2025-05-06,delivered,mobile_app,656.32
793188,66580,2025-09-02,cancelled,marketplace,340.86
868778,78994,2025-02-15,delivered,mobile_app,16.95
512179,83441,2025-12-17,delivered,mobile_app,749.49
671719,73046,2025-06-11,shipped,web,251.78
739313,77606,2025-09-05,cancelled,web,227.92
837718,81234,2025-06-25,delivered,web,638.42
787830,91498,2025-06-26,delivered,mobile_app,58.0
983077,71099,2025-11-02,cancelled,mobile_app,78.97
995157,94292,2025-11-14,delivered,mobile_app,114.84
830716,20513,2025-02-25,delivered,mobile_app,505.84
883829,64009,2025-03-15,delivered,web,682.96
946513,17736,2025-04-15,delivered,marketplace,134.96
992368,92366,2025-03-08,shipped,mobile_app,93.89
934670,42875,2025-09-17,delivered,web,281.94
912941,97392,2025-04-10,cancelled,web,44.49
713701,93646,2025-08-11,shipped,web,186.93
657753,20915,2025-03-20,delivered,web,66.89
789823,10032,2025-09-10,delivered,web,356.37
844943,28276,2025-01-11,delivered,web,40.49
776028,83342,2025-08-13,shipped,web,177.85
734855,29619,2025-09-24,delivered,mobile_app,30.95
818253,24273,2025-11-03,delivered,mobile_app,427.96
953156,85095,2025-03-05,processing,mobile_app,151.93
572731,58045,2025-11-07,shipped,mobile_app,327.87
694752,66440,2025-06-15,processing,marketplace,109.92
583307,44240,2025-09-01,shipped,mobile_app,1274.26
782757,43363,2025-12-16,delivered,web,35.95
628820,68260,2025-11-03,delivered,web,78.48
762543,98339,2025-09-08,delivered,web,190.94
584970,17033,2025-12-23,delivered,mobile_app,659.36
685715,78099,2025-12-24,delivered,mobile_app,232.8
725562,96755,2025-04-06,delivered,web,14.95
584147,31546,2025-01-11,processing,marketplace,308.73
905901,62983,2025-09-14,delivered,mobile_app,315.86
791863,46918,2025-12-15,delivered,mobile_app,237.91
864568,36934,2025-11-09,delivered,web,547.96
997346,71175,2025-04-08,returned,marketplace,351.9
628230,15674,2025-09-01,delivered,web,31.95
849529,16454,2025-07-14,delivered,web,432.82
563575,72979,2025-03-03,delivered,mobile_app,94.79
615814,58874,2025-01-05,delivered,mobile_app,245.0
960987,59107,2025-12-28,delivered,web,210.89
974581,68366,2025-07-27,delivered,mobile_app,604.38
766332,42992,2025-05-28,delivered,mobile_app,254.95
617022,63767,2025-03-24,delivered,mobile_app,173.36
666200,10162,2025-06-11,delivered,marketplace,290.88
763769,60349,2025-05-19,delivered,web,157.73
584814,69366,2025-10-11,delivered,marketplace,172.29
865676,40419,2025-10-02,delivered,mobile_app,53.48
721537,50277,2025-12-23,delivered,marketplace,83.94
821722,10536,2025-12-19,delivered,marketplace,905.87
918832,96539,2025-10-12,delivered,web,774.25
555811,50649,2025-11-16,delivered,mobile_app,472.34
853394,39794,2025-05-13,delivered,web,168.95
611035,51093,2025-01-13,delivered,mobile_app,1296.84
712844,53966,2025-06-24,shipped,marketplace,27.9
991978,47113,2025-11-18,delivered,mobile_app,40.95
598173,85928,2025-03-20,delivered,marketplace,380.89
644630,41461,2025-07-10,delivered,mobile_app,85.89
521505,70999,2025-11-04,delivered,web,274.93
532277,68365,2025-11-18,delivered,web,67.95
609430,35240,2025-12-04,delivered,mobile_app,397.94
875058,70999,2025-04-18,delivered,mobile_app,160.85
858672,41802,2025-05-25,delivered,mobile_app,435.94
635460,17634,2025-09-11,delivered,mobile_app,236.97
814482,82787,2025-09-23,delivered,web,7.99
862598,90734,2025-11-16,delivered,mobile_app,557.92
975760,60670,2025-02-21,delivered,marketplace,289.75
516791,62412,2025-03-22,delivered,mobile_app,632.31
762869,19032,2025-11-07,processing,web,139.98
578019,17736,2025-11-15,cancelled,web,166.94
886138,17854,2025-01-10,cancelled,web,888.92
632546,96279,2025-10-08,returned,web,279.89
864290,84211,2025-02-13,delivered,web,178.92
924354,23030,2025-10-17,cancelled,marketplace,579.92
939595,83047,2025-03-22,delivered,mobile_app,191.48
761269,31559,2025-12-25,shipped,web,121.45
727131,47936,2025-11-02,processing,marketplace,155.83
757657,26142,2025-05-07,delivered,marketplace,117.98
873578,23030,2025-02-07,delivered,mobile_app,581.73
839515,18256,2025-10-12,delivered,mobile_app,249.86
752511,93999,2025-07-11,delivered,mobile_app,107.96
696163,23702,2025-12-20,delivered,mobile_app,143.8
543998,27704,2025-06-02,delivered,web,261.96
850017,26216,2025-05-20,shipped,mobile_app,603.86
611363,28913,2025-09-23,delivered,web,91.98
688327,31607,2025-04-08,returned,web,415.99
800929,29678,2025-12-25,delivered,web,147.96
529078,29666,2025-05-18,delivered,web,40.99
514626,65622,2025-12-08,delivered,web,104.98
581890,34044,2025-05-24,delivered,mobile_app,369.94
523816,25539,2025-10-02,delivered,mobile_app,927.86
998186,10274,2025-10-06,shipped,mobile_app,65.98
911180,32907,2025-11-17,shipped,mobile_app,852.92
777018,26793,2025-07-12,delivered,web,437.86
545132,15380,2025-07-15,delivered,marketplace,776.9
595957,65886,2025-05-03,shipped,mobile_app,18.95
921405,70930,2025-12-03,delivered,marketplace,192.89
954518,37099,2025-06-26,delivered,web,1124.85
855648,83697,2025-12-10,shipped,web,394.87
656287,30521,2025-08-28,delivered,mobile_app,50.97
981121,22704,2025-06-06,delivered,web,297.98
984529,17634,2025-09-07,delivered,web,296.8
861360,87669,2025-11-12,delivered,marketplace,116.86
774224,43103,2025-01-08,delivered,mobile_app,314.93
531147,93023,2025-04-16,delivered,mobile_app,65.94
539412,40804,2025-08-27,shipped,mobile_app,12.99
872038,16617,2025-11-08,delivered,web,685.92
924652,97865,2025-09-05,delivered,web,1232.69
654160,71979,2025-06-04,delivered,mobile_app,133.84
513871,47396,2025-12-28,delivered,mobile_app,34.95
573801,74765,2025-11-17,delivered,web,131.95
642630,43330,2025-12-18,processing,mobile_app,33.94
874470,50277,2025-12-23,shipped,mobile_app,212.77
548510,38674,2025-04-04,delivered,marketplace,43.98
901880,85182,2025-05-11,delivered,web,122.85
526137,67895,2025-10-14,delivered,web,37.45
783129,64563,2025-10-10,processing,mobile_app,551.33
872000,75477,2025-05-05,delivered,mobile_app,906.74
783650,99082,2025-09-24,returned,web,314.98
954275,56278,2025-11-11,delivered,web,349.96
584232,18417,2025-07-03,processing,mobile_app,41.93
975848,72596,2025-11-09,delivered,web,285.89
553853,88026,2025-09-17,delivered,mobile_app,68.94
932508,32655,2025-10-04,delivered,mobile_app,692.94
982908,21547,2025-05-14,delivered,web,126.6
835000,27440,2025-04-07,shipped,mobile_app,62.97
602136,40035,2025-11-03,delivered,mobile_app,254.74
676607,54726,2025-02-03,delivered,web,131.92
529356,47321,2025-08-28,delivered,web,24.0
768753,85390,2025-10-01,returned,web,191.84
776320,30459,2025-12-11,delivered,web,199.43
640475,50551,2025-12-03,delivered,mobile_app,143.43
778222,73958,2025-01-08,processing,mobile_app,297.9
960071,17736,2025-12-01,delivered,mobile_app,129.93
518015,58752,2025-10-21,returned,web,808.89
920327,41622,2025-03-13,delivered,web,48.89
706706,34668,2025-09-14,delivered,marketplace,128.98
804255,49060,2025-12-22,delivered,web,50.88
757882,46567,2025-08-08,delivered,mobile_app,482.21
708676,63662,2025-10-02,delivered,web,429.83
900193,97552,2025-04-04,delivered,mobile_app,183.38
843700,70259,2025-12-04,delivered,web,117.93
637327,31519,2025-01-13,delivered,marketplace,353.95
511710,15473,2025-11-12,delivered,mobile_app,375.82
808205,51373,2025-04-14,delivered,web,265.95
739493,70954,2025-02-02,delivered,mobile_app,37.48
579269,92366,2025-12-03,delivered,marketplace,108.84
631865,27958,2025-05-16,returned,mobile_app,449.96
549345,68219,2025-12-22,shipped,mobile_app,26.99
961588,51811,2025-10-16,delivered,marketplace,456.95
567088,72518,2025-01-24,shipped,mobile_app,226.85
683757,45903,2025-05-13,delivered,web,454.4
560620,78237,2025-11-27,shipped,mobile_app,69.47
587369,94950,2025-07-24,delivered,web,231.46
969724,23577,2025-09-02,delivered,mobile_app,267.9
990778,85390,2025-02-23,delivered,web,110.7
559030,71672,2025-08-22,delivered,web,189.98
617855,41802,2025-11-03,delivered,mobile_app,447.94
824428,20941,2025-01-03,shipped,mobile_app,74.94
608871,47386,2025-12-27,delivered,web,408.93
883671,84577,2025-10-24,delivered,mobile_app,151.98
903549,86365,2025-05-02,delivered,mobile_app,17.98
650588,97897,2025-10-03,delivered,mobile_app,19.99
551492,34535,2025-04-05,delivered,web,35.97
984541,76771,2025-10-21,delivered,web,156.89
835128,51702,2025-10-09,delivered,web,73.98
663713,55690,2025-03-16,delivered,mobile_app,164.97
687371,12573,2025-09-09,shipped,marketplace,171.96
742287,43441,2025-12-16,shipped,mobile_app,87.97
543393,96279,2025-01-27,returned,mobile_app,89.99
541581,26219,2025-01-01,delivered,web,737.89
891309,40419,2025-03-18,processing,web,139.96
700226,92756,2025-12-01,delivered,mobile_app,234.72
571407,34139,2025-09-16,delivered,web,225.94
979459,37743,2025-02-28,delivered,mobile_app,130.97
802630,80819,2025-04-26,delivered,mobile_app,80.89
714828,89358,2025-11-24,delivered,mobile_app,109.94
961605,18734,2025-09-04,delivered,web,88.98
688239,86189,2025-10-08,cancelled,mobile_app,74.99
705382,65861,2025-12-27,delivered,web,827.9
536355,90573,2025-06-12,delivered,mobile_app,848.48
963676,15593,2025-04-23,shipped,web,246.93
805958,73068,2025-01-10,delivered,web,346.31
910163,31534,2025-06-01,delivered,web,213.9
723304,19741,2025-11-23,returned,marketplace,245.97
881819,37962,2025-12-24,delivered,mobile_app,83.89
720337,71446,2025-09-18,delivered,marketplace,258.95
618901,21751,2025-03-19,delivered,web,553.94
967294,85703,2025-07-07,shipped,mobile_app,482.91
554159,16432,2025-12-14,delivered,marketplace,243.96
611558,16511,2025-12-09,delivered,marketplace,237.22
849023,57640,2025-11-16,delivered,mobile_app,139.97
958305,53951,2025-12-13,delivered,web,189.9
628658,81911,2025-11-27,delivered,web,87.95
793123,83595,2025-12-07,delivered,mobile_app,531.91
586747,83394,2025-11-26,delivered,mobile_app,436.92
566696,51241,2025-12-17,shipped,marketplace,252.92
581425,51085,2025-02-11,returned,web,650.34
676571,39991,2025-06-03,delivered,mobile_app,1324.67
999164,96664,2025-11-01,delivered,web,344.99
584727,45292,2025-09-04,delivered,web,16.0
605350,49859,2025-12-10,delivered,web,311.98
816304,32494,2025-02-20,delivered,mobile_app,140.97
809147,47386,2025-05-11,delivered,web,451.78
505463,59140,2025-03-12,delivered,web,230.94
712375,48079,2025-12-20,delivered,web,186.39
531805,84211,2025-11-01,delivered,mobile_app,869.9
883191,86189,2025-06-14,delivered,web,311.9
617121,58535,2025-11-10,shipped,web,134.85
968174,70259,2025-03-15,delivered,mobile_app,810.9
648811,36181,2025-12-26,processing,mobile_app,246.73
664764,95624,2025-05-17,delivered,mobile_app,238.96
973416,11378,2025-12-04,processing,mobile_app,35.44
710186,88258,2025-10-10,delivered,marketplace,56.89
517613,35651,2025-12-24,delivered,mobile_app,71.94
509786,34262,2025-11-25,delivered,web,301.95
834552,28913,2025-08-01,delivered,mobile_app,708.39
543122,52016,2025-03-01,delivered,web,170.93
981370,83394,2025-11-26,returned,marketplace,155.92
847149,19591,2025-05-13,delivered,mobile_app,380.91
678477,41802,2025-09-15,delivered,mobile_app,218.7
604373,46040,2025-06-10,delivered,web,995.79
659593,17456,2025-07-04,delivered,web,51.98
881097,16178,2025-01-15,delivered,mobile_app,107.98
526603,27373,2025-12-06,delivered,web,302.91
550659,15074,2025-11-24,delivered,mobile_app,807.7
848867,79152,2025-07-28,delivered,web,421.77
837989,96539,2025-09-11,delivered,mobile_app,46.95
699739,52075,2025-02-25,delivered,web,342.76
824283,90168,2025-05-27,cancelled,mobile_app,232.77
958481,13272,2025-11-19,delivered,mobile_app,231.96
838676,77902,2025-01-14,shipped,mobile_app,146.99
727584,73274,2025-04-09,delivered,mobile_app,84.97
742511,99817,2025-12-13,delivered,marketplace,156.98
862072,13309,2025-12-02,processing,web,167.98
615779,81234,2025-12-11,delivered,mobile_app,252.44
826074,39097,2025-09-16,delivered,mobile_app,330.93
680869,53849,2025-12-28,delivered,mobile_app,87.96
922217,84942,2025-09-10,shipped,mobile_app,163.96
862739,77019,2025-01-14,delivered,web,216.94
923788,97310,2025-04-14,delivered,web,454.73
937397,18195,2025-11-08,delivered,mobile_app,29.9
975670,71269,2025-05-09,delivered,web,256.97
945497,66835,2025-05-05,delivered,web,8.95
650690,11751,2025-07-28,delivered,mobile_app,23.99
614537,40143,2025-09-24,delivered,mobile_app,408.88
737001,31559,2025-01-01,delivered,mobile_app,243.77
899341,34508,2025-03-16,delivered,web,62.95
507731,70999,2025-11-16,delivered,marketplace,133.33
681560,30786,2025-06-26,delivered,web,202.94
676178,63528,2025-01-13,delivered,web,729.96
649278,15380,2025-02-04,delivered,web,259.87
607053,84217,2025-12-18,delivered,mobile_app,159.93
910400,72476,2025-12-25,delivered,marketplace,149.98
861960,46286,2025-02-08,delivered,web,384.96
726488,52363,2025-12-25,shipped,web,166.8
845212,83026,2025-12-28,delivered,mobile_app,382.58
655111,51849,2025-12-10,cancelled,mobile_app,316.46
627210,68957,2025-06-27,delivered,web,109.95
721978,73570,2025-12-22,delivered,mobile_app,52.99
755082,39072,2025-04-16,delivered,mobile_app,26.99
835507,81620,2025-10-09,delivered,marketplace,95.99
828007,39495,2025-05-22,delivered,mobile_app,133.89
895632,68818,2025-01-18,cancelled,marketplace,289.45
615072,95192,2025-09-22,delivered,mobile_app,130.93
661949,88028,2025-10-28,delivered,web,665.66
743445,16423,2025-11-07,delivered,mobile_app,248.89
808298,89358,2025-12-22,delivered,marketplace,217.88
952503,37644,2025-12-26,delivered,mobile_app,30.99
788897,40804,2025-12-10,delivered,mobile_app,646.72
539706,81886,2025-11-27,delivered,web,128.91
645062,67007,2025-09-18,delivered,mobile_app,238.85
628668,88068,2025-12-13,delivered,mobile_app,1075.84
545337,92007,2025-10-07,delivered,marketplace,250.96
511905,61189,2025-12-18,delivered,web,79.47
629878,66997,2025-03-24,delivered,web,74.88
570339,69977,2025-02-10,delivered,mobile_app,678.81
649297,91982,2025-06-04,delivered,mobile_app,266.87
884865,86189,2025-10-05,delivered,web,299.97
655509,17759,2025-11-22,delivered,web,623.96
772672,94547,2025-12-03,delivered,mobile_app,213.98
737807,51425,2025-11-10,delivered,mobile_app,67.98
873440,43872,2025-09-11,delivered,mobile_app,175.92
614438,52163,2025-10-12,delivered,web,41.99
762142,92843,2025-10-20,delivered,web,435.45
560038,82787,2025-12-23,processing,marketplace,217.91
913316,94833,2025-04-22,delivered,mobile_app,124.91
711712,61889,2025-11-14,processing,web,69.98
953333,41231,2025-01-12,delivered,marketplace,201.91
591889,34668,2025-03-07,returned,mobile_app,194.49
694452,84213,2025-04-11,delivered,mobile_app,110.48
971344,13875,2025-12-06,shipped,web,143.91
860116,60675,2025-06-23,cancelled,web,43.98
558247,31559,2025-01-24,shipped,web,105.95
523028,17831,2025-10-21,processing,web,280.33
940352,39708,2025-04-06,delivered,mobile_app,145.44
728783,90734,2025-11-22,delivered,mobile_app,29.98
632765,38463,2025-10-17,delivered,mobile_app,81.9
671603,40804,2025-02-03,processing,mobile_app,521.38
884000,84749,2025-09-08,delivered,web,77.98
911739,91982,2025-06-23,delivered,web,84.48
857006,15702,2025-02-24,returned,mobile_app,185.92
571162,73419,2025-06-24,processing,mobile_app,103.96
723224,68737,2025-03-11,delivered,web,216.95
975253,90734,2025-12-07,delivered,web,190.96
832725,77095,2025-12-27,delivered,mobile_app,169.4
962789,42444,2025-12-11,delivered,mobile_app,278.81
812735,38463,2025-08-01,delivered,mobile_app,33.49
982628,55690,2025-09-06,delivered,marketplace,115.87
628905,98359,2025-12-23,delivered,mobile_app,89.91
980498,74533,2025-09-13,delivered,mobile_app,40.95
888413,92622,2025-01-08,shipped,web,309.97
598792,83047,2025-12-19,processing,web,266.92
897883,59374,2025-08-02,delivered,mobile_app,613.91
533018,89446,2025-11-28,delivered,mobile_app,36.85
902980,52016,2025-12-19,shipped,mobile_app,222.9
997440,86335,2025-11-23,delivered,mobile_app,214.41
534682,96279,2025-12-04,cancelled,mobile_app,106.98
578095,64324,2025-12-27,returned,web,308.43
919035,53287,2025-04-05,delivered,web,500.28
751021,98359,2025-11-10,delivered,web,731.83
789850,63302,2025-12-08,delivered,web,7.99
834728,35240,2025-08-25,cancelled,marketplace,346.94
543955,18195,2025-10-02,cancelled,mobile_app,108.92
778723,35501,2025-01-23,delivered,web,106.84
767001,19877,2025-06-07,delivered,mobile_app,35.99
836738,65886,2025-12-23,delivered,mobile_app,348.89
830026,39502,2025-12-20,delivered,web,117.89
757819,85558,2025-10-13,returned,mobile_app,77.98
771685,81529,2025-05-21,delivered,web,577.9
992947,11592,2025-03-24,delivered,mobile_app,146.97
716175,73673,2025-05-28,delivered,mobile_app,27.99
898212,84418,2025-03-25,delivered,web,561.43
718775,88068,2025-02-22,delivered,mobile_app,203.41
731000,60649,2025-10-14,shipped,web,845.89
558427,53455,2025-05-08,delivered,mobile_app,294.43
661390,79673,2025-01-21,delivered,web,116.94
526606,92366,2025-08-09,delivered,web,126.43
566844,43151,2025-10-10,shipped,web,157.4
592689,88996,2025-11-19,delivered,marketplace,100.47
757296,59069,2025-10-27,returned,web,77.97
814548,51533,2025-05-02,delivered,web,177.99
987803,81674,2025-03-25,delivered,mobile_app,183.92
679685,85477,2025-04-01,delivered,web,371.48
692649,82777,2025-12-01,returned,mobile_app,108.98
645073,67895,2025-07-24,delivered,web,560.75
822791,74354,2025-04-14,returned,web,61.88
907733,25190,2025-11-28,delivered,mobile_app,15.99
549328,94281,2025-02-17,delivered,mobile_app,248.48
915152,34915,2025-07-13,delivered,web,258.75
707446,52477,2025-09-28,delivered,mobile_app,317.96
995154,41609,2025-04-03,delivered,web,671.93
850338,15952,2025-05-12,delivered,web,108.99
971206,79873,2025-12-12,delivered,web,382.41
643369,71912,2025-08-20,delivered,mobile_app,34.48
864628,60649,2025-07-13,delivered,marketplace,828.35
967169,88587,2025-04-25,delivered,mobile_app,71.9
637095,31880,2025-11-28,delivered,mobile_app,533.96
654049,95718,2025-03-10,delivered,web,92.45
983343,53849,2025-11-05,delivered,web,349.76
994204,18361,2025-05-11,delivered,marketplace,866.95
618882,14388,2025-08-17,delivered,web,40.98
736294,95275,2025-03-25,processing,web,140.97
961594,98359,2025-11-06,delivered,marketplace,39.95
590946,91271,2025-04-19,delivered,mobile_app,558.39
547577,94264,2025-09-06,delivered,mobile_app,200.97
882317,60349,2025-02-22,shipped,web,381.74
856582,18017,2025-02-15,delivered,marketplace,25.99
607445,58045,2025-01-16,delivered,web,133.97
788161,74393,2025-11-25,processing,web,179.69
629170,85182,2025-07-21,cancelled,mobile_app,189.88
749107,21840,2025-07-06,shipped,mobile_app,560.25
516753,71838,2025-12-21,delivered,web,45.98
958762,97994,2025-10-07,delivered,mobile_app,111.87
523533,68219,2025-07-17,returned,mobile_app,22.99
848535,96180,2025-08-15,delivered,mobile_app,292.95
767324,93708,2025-11-25,delivered,mobile_app,159.28
628061,90734,2025-12-24,delivered,web,68.94
872982,93744,2025-07-17,delivered,mobile_app,260.93
902720,97044,2025-01-04,delivered,mobile_app,257.94
785606,34262,2025-12-16,delivered,marketplace,109.93
788047,94950,2025-05-22,delivered,web,244.78
758083,96584,2025-09-07,delivered,web,527.88
963410,21308,2025-10-12,delivered,web,378.36
953228,73673,2025-04-15,delivered,mobile_app,357.17
689409,99379,2025-08-04,delivered,mobile_app,164.91
602844,85409,2025-04-01,delivered,marketplace,58.98
579401,98346,2025-09-02,delivered,mobile_app,456.95
814832,56071,2025-12-13,delivered,web,678.91
904912,63612,2025-04-01,cancelled,web,627.86
936541,95275,2025-05-25,delivered,mobile_app,267.74
972680,93023,2025-02-23,delivered,web,209.92
854216,14868,2025-06-04,delivered,web,181.94
984402,30325,2025-08-14,delivered,mobile_app,24.99
598318,73302,2025-04-28,returned,web,161.83
975564,25631,2025-09-01,shipped,mobile_app,178.84
510143,39073,2025-02-13,delivered,marketplace,18.99
801003,76153,2025-09-15,delivered,mobile_app,652.44
581029,50613,2025-12-20,delivered,web,880.89
841671,79641,2025-09-13,returned,marketplace,21.99
984441,63427,2025-07-01,delivered,mobile_app,175.87
675361,59183,2025-02-28,delivered,web,133.98
541765,65493,2025-08-11,processing,mobile_app,337.97
924274,25395,2025-10-15,delivered,mobile_app,474.95
869549,70448,2025-12-18,delivered,web,183.94
937146,85088,2025-04-23,delivered,mobile_app,1124.85
881357,85558,2025-11-02,delivered,mobile_app,255.94
779126,66751,2025-04-10,delivered,web,582.94
667657,93241,2025-05-03,delivered,web,381.96
609711,81886,2025-01-06,delivered,web,213.97
714790,69308,2025-05-25,delivered,mobile_app,55.98
879581,95983,2025-04-15,delivered,web,337.96
718345,34645,2025-11-09,delivered,marketplace,159.47
768190,41802,2025-04-20,delivered,marketplace,387.35
549494,22624,2025-02-03,delivered,mobile_app,15.99
897333,42325,2025-09-02,delivered,web,456.79
745165,94292,2025-02-04,delivered,web,260.98
586013,28975,2025-11-26,delivered,mobile_app,350.45
546322,37743,2025-12-06,delivered,mobile_app,879.84
976289,50602,2025-12-14,delivered,web,86.97
647212,88564,2025-04-04,delivered,web,137.88
629768,89997,2025-10-24,delivered,web,635.82
875520,72987,2025-08-02,shipped,web,10.99
814865,50644,2025-07-01,delivered,mobile_app,549.75
622685,18457,2025-09-10,returned,mobile_app,457.93
580008,83769,2025-10-12,delivered,web,579.89
876244,72862,2025-03-14,delivered,mobile_app,18.99
901701,34262,2025-12-21,delivered,mobile_app,418.92
636858,81917,2025-05-22,delivered,web,181.85
895907,48435,2025-11-11,delivered,web,478.94
688750,52363,2025-06-18,delivered,mobile_app,52.95
722312,90168,2025-08-24,cancelled,mobile_app,40.85
721236,69307,2025-07-18,delivered,marketplace,32.48
688109,25460,2025-03-15,delivered,web,9.95
871907,22353,2025-09-14,cancelled,web,448.0
981655,72078,2025-09-06,delivered,web,84.98
612814,36356,2025-01-25,delivered,web,434.94
533560,46965,2025-04-08,delivered,web,589.83
697064,33859,2025-11-04,delivered,mobile_app,124.97
693505,74291,2025-04-04,delivered,marketplace,772.84
847472,52420,2025-11-06,delivered,web,223.81
766272,38933,2025-10-17,delivered,web,385.94
627120,71607,2025-08-16,delivered,marketplace,96.99
875346,78684,2025-11-14,delivered,mobile_app,563.73
684663,40198,2025-03-21,delivered,web,75.39
757932,32994,2025-12-03,delivered,web,297.93
646540,80317,2025-12-23,returned,mobile_app,14.99
720607,20941,2025-08-14,delivered,marketplace,350.92
666403,12047,2025-03-15,delivered,mobile_app,372.46
984836,70999,2025-08-26,delivered,marketplace,245.77
977323,55437,2025-10-16,shipped,web,307.58
901748,84776,2025-12-13,processing,web,79.95
534597,67550,2025-06-01,delivered,mobile_app,112.48
885583,38537,2025-12-04,delivered,web,129.98
991084,75642,2025-01-21,delivered,web,149.96
507613,52138,2025-09-23,delivered,mobile_app,154.97
886907,53542,2025-01-05,shipped,marketplace,192.99
895535,17736,2025-04-28,delivered,web,79.98
565471,17854,2025-02-19,delivered,mobile_app,393.99
545496,46040,2025-04-22,delivered,marketplace,376.95
584808,69612,2025-12-13,delivered,mobile_app,39.99
883206,24600,2025-05-07,delivered,web,1226.93
945699,71939,2025-08-17,delivered,marketplace,372.7
783089,41242,2025-05-14,shipped,mobile_app,95.49
838967,21792,2025-03-02,delivered,mobile_app,479.89
908385,21547,2025-12-20,delivered,mobile_app,65.93
899461,91417,2025-09-24,delivered,web,524.82
819900,92903,2025-05-27,delivered,marketplace,42.99
756181,66125,2025-12-03,delivered,marketplace,234.9
871728,84164,2025-10-04,delivered,mobile_app,223.76
789833,15702,2025-11-02,delivered,mobile_app,170.94
844981,97612,2025-04-17,delivered,mobile_app,123.96
529535,86782,2025-10-14,shipped,mobile_app,207.95
824624,69325,2025-09-18,delivered,web,672.0
987571,26223,2025-11-16,delivered,marketplace,495.95
565665,79526,2025-02-27,returned,marketplace,105.48
878559,34890,2025-07-21,delivered,mobile_app,366.42
797813,92707,2025-05-12,delivered,web,849.86
746327,11635,2025-03-19,delivered,web,169.89
625833,99817,2025-02-16,delivered,web,504.79
835013,33505,2025-07-09,delivered,web,84.94
704120,64970,2025-08-20,shipped,mobile_app,804.89
663571,85451,2025-03-02,shipped,mobile_app,65.48
596226,52091,2025-09-22,processing,web,119.99
698765,85088,2025-11-09,processing,mobile_app,751.92
621486,47256,2025-03-16,delivered,mobile_app,131.8
642163,43151,2025-02-11,delivered,web,68.95
589513,22773,2025-08-03,returned,mobile_app,254.91
676472,63358,2025-04-01,delivered,marketplace,1327.84
877095,71672,2025-09-26,delivered,marketplace,125.98
967076,40205,2025-05-15,delivered,marketplace,35.98
732683,37954,2025-11-15,delivered,web,337.93
605791,94973,2025-11-02,delivered,web,345.95
823579,82787,2025-11-21,delivered,mobile_app,52.48
619777,65371,2025-09-24,delivered,web,746.85
810197,81419,2025-11-12,cancelled,mobile_app,279.32
851944,24600,2025-02-11,returned,mobile_app,229.43
850960,24868,2025-01-17,delivered,web,178.99
993105,61243,2025-06-14,delivered,web,189.94
658177,67281,2025-05-19,cancelled,web,139.46
915799,10205,2025-04-22,delivered,mobile_app,513.89
618591,54451,2025-03-20,cancelled,mobile_app,65.47
938325,78237,2025-10-27,delivered,web,305.95
882825,47386,2025-12-21,delivered,marketplace,914.84
960602,39073,2025-02-23,shipped,mobile_app,96.99
617709,43103,2025-03-27,shipped,web,275.91
796884,51670,2025-08-08,delivered,mobile_app,34.47
753412,89926,2025-06-19,delivered,web,254.97
607291,22597,2025-09-26,delivered,mobile_app,95.99
596351,86818,2025-08-22,delivered,mobile_app,536.8
966382,85088,2025-03-13,delivered,marketplace,969.95
854197,28898,2025-08-17,delivered,mobile_app,193.78
976855,29077,2025-12-11,delivered,mobile_app,305.97
903996,92644,2025-11-07,delivered,mobile_app,338.95
589931,56447,2025-11-28,delivered,web,324.41
989540,85182,2025-12-06,delivered,mobile_app,386.81
983386,86375,2025-09-09,shipped,mobile_app,290.95
716643,88905,2025-12-06,processing,web,665.84
896086,45419,2025-09-09,delivered,mobile_app,510.88
608989,99700,2025-04-13,delivered,web,27.99
748259,61822,2025-04-07,delivered,web,400.42
982352,36561,2025-01-15,shipped,mobile_app,57.99
572855,24965,2025-04-17,cancelled,marketplace,149.93
552322,71669,2025-10-20,delivered,mobile_app,462.9
631776,25539,2025-12-25,delivered,mobile_app,290.97
838057,96543,2025-04-19,delivered,web,46.99
852063,78192,2025-11-22,delivered,web,159.9
673989,18734,2025-10-10,delivered,web,328.0
642068,49763,2025-12-18,delivered,web,1705.42
982407,23267,2025-10-03,returned,web,35.99
911565,72987,2025-10-27,delivered,mobile_app,57.99
553372,72974,2025-12-01,returned,web,46.94
654824,22510,2025-11-02,delivered,web,336.9
893607,83697,2025-02-05,delivered,mobile_app,474.84
684670,11096,2025-12-03,delivered,mobile_app,322.33
740775,27266,2025-11-20,delivered,marketplace,123.45
868999,93744,2025-05-13,delivered,mobile_app,418.96
593460,95275,2025-06-26,delivered,mobile_app,75.47
599888,35852,2025-03-07,delivered,web,102.44
895457,25631,2025-12-14,delivered,mobile_app,526.95
542102,94288,2025-01-22,processing,web,688.44
606761,84102,2025-01-16,delivered,web,27.99
594642,66246,2025-12-13,processing,web,36.99
753489,85095,2025-11-03,shipped,web,27.99
687279,12567,2025-02-22,delivered,mobile_app,201.42
960885,50706,2025-05-03,shipped,mobile_app,129.97
685769,89257,2025-03-10,delivered,marketplace,325.36
824966,71165,2025-09-18,delivered,mobile_app,67.94
910947,39640,2025-02-21,cancelled,web,59.99
545118,36535,2025-12-22,delivered,mobile_app,153.87
781103,50551,2025-11-05,delivered,web,155.95
677511,50229,2025-11-27,delivered,web,121.97
845068,46145,2025-01-13,delivered,web,244.39
763124,19903,2025-07-05,delivered,mobile_app,144.42
603134,86189,2025-11-18,delivered,mobile_app,160.86
584165,11211,2025-08-12,delivered,web,57.44
561541,72596,2025-06-09,delivered,mobile_app,208.92
501241,87428,2025-07-28,delivered,web,219.79
680033,24638,2025-08-08,delivered,mobile_app,143.96
721013,60044,2025-03-09,delivered,web,284.77
658669,62221,2025-09-23,delivered,web,18.99
799974,78621,2025-06-14,delivered,mobile_app,375.88
715738,52697,2025-09-24,delivered,mobile_app,262.42
588426,10387,2025-11-25,delivered,mobile_app,81.94
853164,50551,2025-03-12,delivered,mobile_app,132.91
622169,78123,2025-02-02,delivered,web,114.94
621548,52192,2025-01-08,delivered,mobile_app,540.8
711268,95182,2025-02-24,delivered,mobile_app,357.98
562232,68365,2025-12-02,delivered,web,126.73
515448,35555,2025-01-18,shipped,mobile_app,1056.4
994058,74501,2025-04-02,delivered,mobile_app,64.93
912019,35240,2025-10-04,delivered,mobile_app,284.91
551680,76259,2025-05-17,delivered,mobile_app,140.45
735761,52192,2025-06-12,cancelled,marketplace,139.98
885721,92843,2025-11-23,delivered,web,173.97
563718,15953,2025-11-15,delivered,marketplace,410.93
926713,29538,2025-12-21,delivered,web,223.38
922603,79902,2025-10-01,delivered,web,659.92
767936,24019,2025-05-10,shipped,mobile_app,27.99
582179,96828,2025-09-03,processing,web,510.92
973553,31419,2025-01-10,delivered,web,92.93
798361,50642,2025-12-09,cancelled,web,35.95
738842,56354,2025-12-03,delivered,marketplace,38.95
712166,24965,2025-08-27,delivered,web,161.37
648132,69582,2025-07-20,delivered,web,1063.39
682239,58432,2025-04-09,delivered,web,250.94
581006,24559,2025-12-02,delivered,web,192.45
642493,12047,2025-11-07,delivered,web,9.99
642680,28975,2025-10-16,delivered,mobile_app,862.92
709260,21508,2025-08-20,delivered,mobile_app,200.95
831408,30786,2025-07-18,delivered,web,88.95
884031,17736,2025-11-14,delivered,mobile_app,97.45
545290,40187,2025-10-04,delivered,mobile_app,57.94
872721,81673,2025-12-07,returned,web,221.97
670158,18417,2025-11-05,delivered,mobile_app,483.91
759560,13875,2025-11-23,delivered,web,589.84
864743,71269,2025-05-17,delivered,mobile_app,932.34
912034,91990,2025-08-02,returned,web,560.42
823610,89182,2025-04-09,delivered,web,375.82
990455,82340,2025-11-14,returned,mobile_app,44.98
998874,46145,2025-02-09,delivered,web,500.42
517067,10725,2025-08-01,shipped,mobile_app,124.96
996898,37644,2025-11-08,delivered,mobile_app,22.94
625118,73995,2025-11-21,delivered,mobile_app,75.99
841846,69308,2025-06-27,delivered,mobile_app,84.94
892992,27704,2025-02-18,delivered,web,214.95
569417,41242,2025-08-26,delivered,mobile_app,157.98
563304,19903,2025-04-24,delivered,mobile_app,77.99
615448,45900,2025-08-06,delivered,mobile_app,144.41
911117,66751,2025-05-22,delivered,web,63.48
702355,55563,2025-05-06,delivered,mobile_app,353.0
733764,83866,2025-12-04,delivered,web,496.93
835823,61129,2025-07-07,delivered,marketplace,258.83
922723,15952,2025-11-12,delivered,mobile_app,175.99
718675,48803,2025-11-10,shipped,mobile_app,143.98
850757,50602,2025-05-24,delivered,mobile_app,262.98
901080,63781,2025-12-18,delivered,mobile_app,534.89
941809,90734,2025-04-09,delivered,web,298.93
996223,21470,2025-08-20,delivered,web,48.95
939430,47321,2025-12-24,delivered,mobile_app,136.79
583086,23192,2025-04-10,delivered,marketplace,407.94
986432,57663,2025-01-27,processing,mobile_app,91.94
685640,76188,2025-05-13,delivered,mobile_app,65.94
908402,62931,2025-10-25,delivered,web,287.97
905765,95801,2025-11-22,delivered,web,167.87
946784,53542,2025-01-16,delivered,mobile_app,168.99
575492,20559,2025-08-10,delivered,web,176.92
751260,71213,2025-02-19,delivered,mobile_app,494.37
635346,63882,2025-03-13,delivered,mobile_app,410.97
697063,37462,2025-04-12,delivered,web,437.87
599059,21155,2025-12-11,shipped,marketplace,513.87
764995,24975,2025-08-19,cancelled,web,1107.89
936122,46145,2025-10-07,delivered,web,122.74
695812,16599,2025-09-21,delivered,mobile_app,41.98
969697,84211,2025-07-13,delivered,mobile_app,153.8
524672,92644,2025-11-20,delivered,mobile_app,255.96
923043,63737,2025-09-05,delivered,marketplace,91.48
832338,84102,2025-12-12,delivered,mobile_app,12.0
634984,49929,2025-03-08,delivered,web,1263.74
602333,48992,2025-10-20,delivered,marketplace,15.99
519425,79826,2025-03-14,delivered,web,284.68
897721,83517,2025-12-23,delivered,web,392.86
608164,81886,2025-02-15,delivered,marketplace,33.48
608668,95394,2025-03-17,delivered,web,368.92
554773,51627,2025-11-10,delivered,web,425.89
687210,28975,2025-11-24,delivered,mobile_app,559.95
754099,13504,2025-11-02,delivered,mobile_app,515.78
951147,61954,2025-12-18,delivered,web,303.94
622250,75947,2025-11-06,returned,web,151.75
813279,92843,2025-02-13,delivered,web,1186.83
786312,46918,2025-12-22,delivered,web,119.95
977798,13371,2025-10-10,delivered,web,299.89
811384,13005,2025-07-18,shipped,web,22.99
546125,33350,2025-08-19,delivered,web,19.95
635426,90573,2025-02-25,shipped,mobile_app,371.98
627569,77037,2025-08-24,delivered,mobile_app,360.24
762498,78317,2025-08-09,delivered,mobile_app,350.89
929380,13272,2025-10-09,shipped,mobile_app,694.95
783619,82872,2025-02-06,shipped,mobile_app,225.83
702609,51373,2025-01-04,delivered,web,661.78
582860,97324,2025-01-16,delivered,mobile_app,164.48
900417,77493,2025-03-28,delivered,web,7.99
850770,80819,2025-12-28,delivered,web,275.88
703052,42992,2025-08-20,delivered,mobile_app,103.92
758626,62412,2025-09-15,delivered,mobile_app,88.98
653606,31559,2025-09-22,delivered,marketplace,95.49
629744,21912,2025-12-11,delivered,mobile_app,43.96
885905,87023,2025-01-25,delivered,web,81.98
575671,21104,2025-11-24,returned,mobile_app,302.48
852375,71669,2025-08-12,processing,marketplace,19.99
567153,73913,2025-07-26,delivered,mobile_app,83.85
634348,83394,2025-03-09,shipped,web,988.37
740195,88742,2025-08-09,delivered,mobile_app,1155.04
903270,28913,2025-11-28,processing,marketplace,239.94
784492,77071,2025-06-11,processing,web,214.42
983804,18421,2025-05-20,delivered,web,28.47
591677,30343,2025-11-28,delivered,mobile_app,482.86
833388,58432,2025-05-08,delivered,mobile_app,213.94
827757,97643,2025-05-11,delivered,mobile_app,160.97
804365,91464,2025-12-18,delivered,web,461.91
600083,11988,2025-11-24,delivered,marketplace,149.97
891888,27665,2025-07-09,delivered,mobile_app,27.99
742311,45292,2025-08-22,delivered,mobile_app,30.46
607012,22507,2025-12-12,delivered,web,41.95
566829,83565,2025-12-06,delivered,web,32.99
574664,36590,2025-02-17,delivered,marketplace,360.47
994173,21065,2025-08-04,delivered,web,13.49
689793,17615,2025-12-25,shipped,mobile_app,316.38
870495,70796,2025-12-12,delivered,mobile_app,532.95
822076,75019,2025-08-25,delivered,web,155.99
869624,93023,2025-08-24,delivered,marketplace,247.38
515154,84317,2025-07-27,shipped,mobile_app,63.99
642391,32720,2025-08-14,delivered,mobile_app,48.97
550852,12671,2025-09-09,delivered,mobile_app,863.88
600147,81423,2025-07-13,delivered,web,164.0
661721,16099,2025-05-18,cancelled,web,154.48
822265,85302,2025-12-27,delivered,mobile_app,553.91
839916,91793,2025-10-28,delivered,web,21.99
822020,21476,2025-08-17,returned,web,297.97
929808,73068,2025-04-11,shipped,web,241.88
634320,11751,2025-05-14,delivered,marketplace,21.95
701907,53263,2025-03-13,delivered,web,18.99
716941,51241,2025-03-14,delivered,marketplace,66.94
534231,10786,2025-03-24,delivered,mobile_app,737.7
947722,59422,2025-05-07,delivered,mobile_app,2284.92
903105,94950,2025-11-05,delivered,mobile_app,53.94
717949,60349,2025-12-27,delivered,mobile_app,92.8
692263,27687,2025-05-17,delivered,web,271.96
613981,59382,2025-09-18,shipped,mobile_app,253.93
690603,88593,2025-02-05,delivered,web,91.96
878166,43151,2025-01-16,delivered,mobile_app,387.94
762637,53455,2025-07-18,delivered,web,287.94
543426,18457,2025-03-27,delivered,web,656.8
724844,43363,2025-08-07,delivered,web,117.98
755199,74533,2025-08-08,delivered,mobile_app,406.93
929038,53754,2025-11-28,delivered,mobile_app,395.8
836004,34465,2025-10-07,delivered,mobile_app,43.96
605758,36533,2025-12-12,delivered,web,179.47
543554,18296,2025-01-09,delivered,mobile_app,41.44
796555,76153,2025-02-27,delivered,mobile_app,381.96
765083,56667,2025-11-17,delivered,web,88.89
779543,87023,2025-08-26,delivered,web,133.88
690942,12126,2025-04-19,delivered,mobile_app,217.97
603386,53263,2025-09-01,delivered,marketplace,167.44
894916,63354,2025-03-21,returned,web,144.96
686301,40109,2025-03-20,delivered,web,157.75
564338,58213,2025-10-08,delivered,web,331.44
537267,65468,2025-11-07,returned,web,190.75
512595,71149,2025-11-20,shipped,mobile_app,260.93
728818,28913,2025-01-24,delivered,web,11.49
550920,34066,2025-10-23,delivered,web,54.95
702855,83394,2025-05-17,returned,web,468.75
515495,88985,2025-11-16,delivered,marketplace,138.97
956365,13272,2025-10-07,delivered,mobile_app,89.96
611396,37675,2025-02-18,delivered,mobile_app,22.99
818428,57663,2025-05-22,delivered,mobile_app,583.86
589570,18195,2025-08-09,delivered,web,40.95
787309,74501,2025-09-23,delivered,web,406.84
775284,78317,2025-02-07,processing,web,197.98
877816,83517,2025-03-26,delivered,mobile_app,104.94
620970,10205,2025-06-19,delivered,mobile_app,195.4
748773,41796,2025-12-05,delivered,mobile_app,547.87
652778,13005,2025-12-11,processing,marketplace,8.99
744990,77071,2025-06-18,delivered,web,139.98
634663,98142,2025-11-22,delivered,marketplace,63.99
771552,11211,2025-07-26,delivered,web,395.91
917429,44410,2025-10-28,delivered,web,98.47
824915,15593,2025-12-18,shipped,web,634.46
505962,55325,2025-12-24,delivered,web,51.95
570442,22969,2025-12-22,delivered,web,598.8
553480,85390,2025-04-14,delivered,mobile_app,85.38
799941,30933,2025-11-21,delivered,mobile_app,171.96
915615,48861,2025-09-04,delivered,mobile_app,309.93
696132,36592,2025-11-25,delivered,mobile_app,43.98
762801,89577,2025-11-15,delivered,web,230.99
654411,45953,2025-06-06,delivered,marketplace,563.88
576212,22892,2025-10-02,delivered,mobile_app,281.95
933837,20559,2025-11-01,delivered,mobile_app,35.99
800205,25539,2025-11-02,shipped,mobile_app,302.69
597324,91399,2025-07-11,delivered,mobile_app,594.9
808385,21912,2025-01-19,delivered,mobile_app,166.98
989754,22751,2025-03-15,shipped,web,52.97
661679,63737,2025-11-15,delivered,web,417.94
622347,39351,2025-02-03,delivered,marketplace,76.8
696501,76153,2025-02-10,delivered,marketplace,173.97
582076,13875,2025-09-01,returned,mobile_app,604.88
844597,86818,2025-06-14,delivered,mobile_app,386.74
522059,73068,2025-08-03,delivered,web,67.9
710127,92756,2025-05-03,delivered,web,76.96
802938,30724,2025-12-26,delivered,web,23.98
650406,37212,2025-12-06,delivered,marketplace,113.97
803590,18038,2025-07-06,shipped,web,350.69
849942,83590,2025-11-02,delivered,mobile_app,234.95
594490,32477,2025-09-17,cancelled,mobile_app,696.89
959914,48861,2025-11-03,delivered,web,399.99
924894,10501,2025-01-22,delivered,mobile_app,91.98
720176,22892,2025-07-14,delivered,web,161.9
782633,17596,2025-09-25,delivered,web,298.97
830163,71761,2025-01-15,delivered,marketplace,159.95
525848,69120,2025-03-13,delivered,mobile_app,144.92
897816,72603,2025-05-21,delivered,web,568.92
576822,49096,2025-05-25,delivered,mobile_app,929.94
819448,31735,2025-03-11,delivered,mobile_app,119.89
963653,60968,2025-05-23,delivered,mobile_app,430.4
991871,50513,2025-10-21,delivered,web,757.76
628914,51533,2025-05-03,delivered,web,90.9
893385,23192,2025-12-02,delivered,mobile_app,21.99
777868,25688,2025-07-08,delivered,mobile_app,556.92
923523,17596,2025-10-11,delivered,mobile_app,154.92
875265,36356,2025-10-22,delivered,web,487.88
761983,77902,2025-09-28,cancelled,web,53.95
892470,86873,2025-04-28,shipped,web,893.81
576455,32770,2025-11-25,shipped,web,402.75
516330,30472,2025-04-13,delivered,mobile_app,246.97
527330,46298,2025-03-16,delivered,web,374.95
747041,82716,2025-09-09,delivered,mobile_app,203.97
959708,39564,2025-12-09,delivered,web,634.94
773328,84182,2025-10-04,processing,web,136.99
510732,30933,2025-07-19,delivered,marketplace,517.94
581276,47151,2025-08-02,delivered,mobile_app,285.97
662122,72561,2025-10-15,delivered,mobile_app,42.99
682666,49763,2025-03-16,delivered,mobile_app,170.76
719653,94281,2025-03-17,cancelled,mobile_app,402.83
511135,35314,2025-03-11,shipped,web,155.93
854628,11988,2025-11-22,delivered,web,295.91
729314,52038,2025-11-03,delivered,mobile_app,115.98
883382,16099,2025-12-04,delivered,marketplace,363.92
638938,86873,2025-02-27,delivered,mobile_app,104.84
838226,57922,2025-04-07,delivered,web,96.97
602767,78237,2025-08-26,delivered,web,8.95
574853,48981,2025-03-25,delivered,mobile_app,8.95
597084,50642,2025-10-25,returned,web,145.84
655701,83342,2025-12-12,cancelled,mobile_app,383.91
504463,75960,2025-02-16,delivered,web,147.93
717407,76153,2025-11-01,cancelled,mobile_app,80.97
920903,76708,2025-10-23,delivered,mobile_app,246.83
918146,98822,2025-12-23,processing,web,507.73
982526,50613,2025-07-19,delivered,web,38.99
830392,92066,2025-09-25,delivered,marketplace,177.99
835768,17969,2025-01-22,processing,marketplace,167.64
980505,16036,2025-12-08,delivered,mobile_app,248.87
868403,64029,2025-08-12,processing,mobile_app,240.91
866497,50004,2025-10-13,delivered,web,463.91
716208,98012,2025-12-05,delivered,web,213.99
963843,13260,2025-01-08,delivered,mobile_app,63.94
615700,97261,2025-11-28,shipped,mobile_app,64.92
564930,28525,2025-12-10,shipped,mobile_app,364.49
674033,90045,2025-05-25,delivered,marketplace,315.35
983347,34542,2025-09-16,delivered,marketplace,77.98
831054,66125,2025-09-10,cancelled,mobile_app,178.97
693514,89554,2025-03-09,delivered,mobile_app,76.94
530451,75116,2025-03-16,delivered,mobile_app,448.42
613383,11433,2025-06-05,processing,mobile_app,107.0
889964,47191,2025-04-05,returned,mobile_app,60.98
852074,79152,2025-04-18,shipped,web,457.89
867377,79139,2025-07-21,delivered,mobile_app,49.98
900237,32211,2025-01-15,delivered,mobile_app,242.78
817080,44659,2025-10-14,delivered,web,94.95
847407,72974,2025-01-14,shipped,web,565.91
844412,17439,2025-06-21,delivered,marketplace,211.96
933176,90045,2025-08-28,delivered,web,266.74
997216,76771,2025-01-04,shipped,mobile_app,77.99
615813,90710,2025-09-03,cancelled,web,319.42
760573,63302,2025-03-23,processing,web,13.44
667224,16387,2025-04-16,delivered,web,388.39
537649,58874,2025-10-27,delivered,mobile_app,356.98
966707,16172,2025-12-05,delivered,web,710.98
776668,44410,2025-11-07,delivered,web,26.99
873364,67007,2025-11-24,delivered,mobile_app,113.99
962853,20771,2025-10-10,shipped,web,355.82
556501,73937,2025-07-07,returned,mobile_app,128.97
989457,93744,2025-04-27,shipped,web,293.93
535804,72561,2025-04-18,delivered,marketplace,100.46
661968,37962,2025-10-02,processing,marketplace,481.73
721835,86873,2025-03-22,delivered,marketplace,578.94
657011,92756,2025-03-03,delivered,mobile_app,441.94
799322,65759,2025-11-08,delivered,mobile_app,353.94
900243,48992,2025-10-23,delivered,mobile_app,282.95
910408,36289,2025-09-24,processing,web,185.97
610583,98142,2025-05-02,delivered,web,25.99
684886,82230,2025-04-27,delivered,web,624.99
953526,29964,2025-09-06,delivered,web,185.9
542686,19903,2025-04-15,delivered,mobile_app,34.95
920561,21800,2025-05-25,delivered,mobile_app,634.87
974316,55840,2025-04-11,delivered,web,183.98
943748,79460,2025-07-13,delivered,mobile_app,889.69
612961,32615,2025-06-15,delivered,web,20.99
895687,34927,2025-09-15,shipped,marketplace,352.91
516242,14222,2025-03-20,delivered,web,29.9
758830,51241,2025-12-16,delivered,web,788.89
921561,48950,2025-04-01,delivered,web,98.99
938804,53455,2025-12-07,delivered,web,153.8
658437,34231,2025-07-11,delivered,mobile_app,296.75
563950,53407,2025-05-08,delivered,mobile_app,284.92
786848,97643,2025-05-26,delivered,web,125.98
846837,74363,2025-07-05,delivered,web,87.96
586607,82341,2025-02-28,processing,mobile_app,286.89
787126,15774,2025-09-21,delivered,web,192.95
873848,50513,2025-07-28,delivered,web,200.96
983113,51670,2025-12-25,delivered,web,309.41
512216,17736,2025-05-10,shipped,web,353.91
754290,81803,2025-02-01,delivered,web,199.96
596077,66313,2025-11-12,delivered,mobile_app,70.99
996040,64029,2025-05-23,shipped,mobile_app,84.99
919750,13371,2025-12-22,delivered,web,409.32
661194,25608,2025-06-16,delivered,mobile_app,104.4
873009,88028,2025-03-03,delivered,mobile_app,200.88
657771,28898,2025-11-28,cancelled,mobile_app,359.58
682382,78866,2025-03-23,delivered,mobile_app,124.98
904322,58045,2025-06-24,delivered,web,527.78
706775,96180,2025-12-15,delivered,mobile_app,285.9
853880,50551,2025-04-19,delivered,mobile_app,246.97
886421,51085,2025-10-05,delivered,web,227.9
668399,75642,2025-11-09,delivered,web,101.99
989029,27188,2025-12-22,delivered,marketplace,151.97
779703,48725,2025-12-04,delivered,mobile_app,215.91
864497,36934,2025-03-02,delivered,web,592.74
748387,48981,2025-06-21,delivered,mobile_app,289.93
864482,17067,2025-10-25,delivered,web,319.85
646141,86668,2025-06-02,cancelled,mobile_app,747.45
936206,21476,2025-05-20,shipped,mobile_app,111.96
563263,24965,2025-08-14,delivered,mobile_app,27.99
513618,28136,2025-11-04,shipped,web,753.9
744415,88455,2025-10-14,delivered,marketplace,100.95
595009,28276,2025-05-05,delivered,mobile_app,127.95
665832,16036,2025-06-09,delivered,web,227.95
680913,90807,2025-05-08,cancelled,mobile_app,7.99
597982,41802,2025-06-13,delivered,mobile_app,47.95
715447,68219,2025-12-08,delivered,web,68.94
651385,75913,2025-07-20,shipped,marketplace,200.38
519434,58045,2025-09-10,delivered,web,116.84
534557,26926,2025-12-19,delivered,mobile_app,67.95
668111,94213,2025-09-12,delivered,marketplace,572.94
646754,78123,2025-05-06,delivered,web,65.96
514177,41433,2025-07-14,delivered,web,33.95
534509,93989,2025-10-16,delivered,mobile_app,221.95
713472,82997,2025-02-28,delivered,mobile_app,249.8
524637,92644,2025-05-14,delivered,web,303.84
553467,14388,2025-11-22,delivered,mobile_app,173.84
501735,65741,2025-12-18,delivered,mobile_app,151.96
921484,62179,2025-03-03,delivered,mobile_app,83.9
579205,63302,2025-02-27,delivered,web,19.47
978355,13247,2025-11-27,shipped,mobile_app,278.37
840519,59400,2025-03-17,delivered,web,139.81
609282,21047,2025-07-23,delivered,mobile_app,427.81
724229,29383,2025-02-19,delivered,web,210.47
938826,36535,2025-10-01,delivered,marketplace,252.97
805766,61243,2025-06-18,delivered,mobile_app,138.8
581748,59592,2025-01-13,returned,web,99.93
805116,93517,2025-10-25,delivered,web,347.85
761286,50602,2025-07-10,delivered,mobile_app,460.94
546311,51192,2025-01-06,delivered,web,301.69
955398,11378,2025-07-08,delivered,web,271.95
856695,94603,2025-09-13,delivered,marketplace,191.82
961785,56004,2025-12-09,delivered,web,338.91
843869,43151,2025-07-05,delivered,web,142.97
968898,68445,2025-12-01,shipped,mobile_app,52.47
907025,73714,2025-11-05,delivered,web,79.8
699589,54384,2025-12-09,cancelled,mobile_app,231.35
615128,53508,2025-08-20,processing,mobile_app,134.9
882063,21708,2025-06-17,delivered,mobile_app,90.94
883431,40448,2025-05-07,delivered,marketplace,275.88
970627,35732,2025-03-01,delivered,mobile_app,259.41
929598,92843,2025-12-27,delivered,mobile_app,209.46
513569,59069,2025-10-15,cancelled,mobile_app,509.32
955620,31076,2025-09-21,delivered,marketplace,40.99
667924,27687,2025-05-27,delivered,mobile_app,141.99
670816,46225,2025-11-24,delivered,mobile_app,43.98
520675,41130,2025-03-24,delivered,web,200.94
803870,62960,2025-11-06,cancelled,marketplace,194.9
919646,34066,2025-11-04,delivered,marketplace,142.99
547265,55522,2025-10-13,delivered,mobile_app,219.98
852732,81803,2025-08-02,delivered,web,197.95
859131,56004,2025-12-02,delivered,marketplace,799.93
847044,42992,2025-11-16,delivered,web,314.91
802860,73302,2025-11-20,delivered,web,383.75
548484,24500,2025-08-22,delivered,web,496.96
813859,66125,2025-11-12,returned,mobile_app,63.43
590485,64494,2025-01-17,delivered,web,1393.49
985914,43330,2025-09-22,delivered,web,118.92
682000,15702,2025-11-21,processing,mobile_app,159.95
616402,34066,2025-11-22,delivered,web,931.4
583290,87707,2025-08-05,delivered,mobile_app,80.83
627924,53966,2025-09-28,delivered,mobile_app,111.93
655088,57400,2025-05-01,delivered,mobile_app,51.44
820663,70838,2025-11-04,delivered,web,434.97
791074,73760,2025-01-04,delivered,mobile_app,66.93
691030,68219,2025-11-28,delivered,mobile_app,10.99
535431,83769,2025-02-18,processing,web,413.38
740872,94264,2025-08-22,processing,mobile_app,86.93
727911,66751,2025-02-17,delivered,web,825.69
723177,86335,2025-08-02,delivered,web,26.99
620968,97687,2025-02-07,delivered,mobile_app,308.9
800233,10985,2025-06-06,delivered,web,189.95
740544,27188,2025-04-05,cancelled,mobile_app,237.99
623196,48861,2025-06-26,delivered,web,390.83
840763,88068,2025-11-14,cancelled,web,156.96
734363,75927,2025-05-17,delivered,web,196.8
536807,63781,2025-12-04,delivered,mobile_app,529.87
549640,22357,2025-03-01,cancelled,web,400.9
796255,42992,2025-10-17,delivered,web,99.48
772504,73119,2025-08-22,delivered,marketplace,682.92
694426,71669,2025-12-15,delivered,web,18.95
948966,96086,2025-03-08,shipped,web,62.88
929304,90775,2025-03-28,delivered,marketplace,181.88
909037,40672,2025-12-21,delivered,mobile_app,304.91
669521,33350,2025-05-27,delivered,web,100.89
756208,17067,2025-04-22,shipped,web,75.98
550715,41622,2025-07-25,cancelled,web,71.47
501198,19903,2025-04-14,delivered,mobile_app,155.99
552613,40347,2025-12-10,delivered,mobile_app,117.88
503059,96539,2025-05-22,delivered,web,306.9
967105,47598,2025-12-04,delivered,marketplace,112.85
738812,43151,2025-02-18,delivered,mobile_app,311.96
547523,21476,2025-08-10,delivered,marketplace,28.99
652349,18850,2025-04-16,cancelled,web,333.95
813878,69505,2025-09-23,processing,mobile_app,8.95
989629,20771,2025-05-02,shipped,web,14.95
799293,68445,2025-09-25,delivered,mobile_app,349.44
611596,81674,2025-11-07,delivered,mobile_app,366.92
892552,17854,2025-11-05,delivered,web,28.98
776169,11555,2025-10-16,processing,web,44.49
873703,51627,2025-11-25,delivered,marketplace,130.97
545335,70259,2025-04-19,delivered,web,336.89
936896,40448,2025-04-23,delivered,mobile_app,95.49
909454,24580,2025-02-23,delivered,mobile_app,261.85
871292,30259,2025-11-08,delivered,web,256.35
633011,78087,2025-11-16,delivered,mobile_app,40.94
514395,46662,2025-12-08,shipped,web,191.98
959625,58673,2025-04-09,delivered,web,90.98
743514,43103,2025-08-10,delivered,web,643.75
523225,35555,2025-05-04,delivered,web,133.93
858331,65521,2025-02-15,delivered,web,127.89
715328,28930,2025-12-22,cancelled,mobile_app,193.81
970886,52697,2025-02-08,returned,web,92.95
951155,45283,2025-10-16,delivered,mobile_app,62.93
704312,50202,2025-11-08,delivered,web,652.9
655327,62225,2025-03-27,delivered,mobile_app,408.46
949851,79114,2025-07-05,delivered,web,96.93
639336,82340,2025-01-28,delivered,web,161.85
992238,43330,2025-06-15,delivered,marketplace,131.96
664263,13302,2025-12-05,shipped,mobile_app,213.82
889178,37212,2025-11-10,shipped,mobile_app,58.0
866264,37045,2025-12-20,processing,web,364.96
848393,74501,2025-11-06,delivered,web,552.84
720735,24965,2025-02-08,processing,web,661.93
562345,44240,2025-12-12,delivered,mobile_app,83.93
792947,52038,2025-03-09,delivered,mobile_app,27.99
905403,48809,2025-11-05,delivered,web,380.7
644490,18850,2025-12-21,delivered,mobile_app,504.71
550523,31565,2025-08-05,delivered,mobile_app,61.98
550622,49929,2025-11-24,delivered,mobile_app,197.95
581749,34464,2025-10-09,delivered,web,468.95
595911,24363,2025-05-05,shipped,mobile_app,302.97
605960,87057,2025-03-05,delivered,web,387.79
834917,35963,2025-09-09,processing,web,427.99
649256,71838,2025-05-28,delivered,marketplace,389.85
821677,93990,2025-08-27,delivered,web,207.93
519708,80139,2025-12-20,delivered,marketplace,613.71
778229,70999,2025-10-19,delivered,web,241.97
745983,68365,2025-07-03,delivered,mobile_app,210.99
649390,62960,2025-06-02,delivered,mobile_app,248.81
573359,87428,2025-05-24,delivered,web,71.99
652937,24500,2025-01-09,delivered,web,791.88
637530,98892,2025-07-12,delivered,web,106.9
653563,19032,2025-09-08,cancelled,web,110.89
826980,83373,2025-04-11,shipped,mobile_app,56.93
789278,89926,2025-08-18,delivered,mobile_app,581.94
670435,29678,2025-04-06,delivered,mobile_app,14.95
663659,15811,2025-04-25,delivered,web,119.37
551960,94711,2025-03-24,delivered,marketplace,307.8
587797,73927,2025-12-27,delivered,web,201.99
634306,42978,2025-05-27,delivered,web,379.4
716408,78994,2025-04-25,delivered,web,108.39
678432,41328,2025-05-13,delivered,web,99.95
969441,84102,2025-12-11,delivered,web,260.91
504942,34231,2025-05-12,delivered,web,453.72
714112,77902,2025-10-03,delivered,mobile_app,451.85
602671,47710,2025-03-19,delivered,web,468.97
961972,29383,2025-07-03,delivered,web,350.87
826046,21476,2025-01-01,returned,web,40.89
939590,81886,2025-10-01,delivered,mobile_app,20.99
509457,63456,2025-04-10,delivered,web,337.92
992243,66313,2025-11-19,delivered,web,83.98
656055,88379,2025-12-25,delivered,web,24.0
922058,95486,2025-07-28,delivered,web,728.96
669192,17655,2025-08-26,shipped,web,384.44
909008,85558,2025-10-03,delivered,mobile_app,65.98
783728,43363,2025-11-15,delivered,marketplace,120.98
760495,95983,2025-06-25,delivered,web,32.94
843538,24049,2025-12-04,delivered,web,335.86
827220,80948,2025-04-09,delivered,web,26.99
688944,81886,2025-03-04,shipped,marketplace,185.96
845664,97643,2025-12-12,delivered,web,30.99
553335,40109,2025-12-26,delivered,mobile_app,858.92
765958,43515,2025-11-22,delivered,mobile_app,56.94
935951,98012,2025-11-22,delivered,mobile_app,88.33
954236,21470,2025-11-14,delivered,mobile_app,644.87
962690,22700,2025-06-06,delivered,web,138.95
834605,66751,2025-11-19,returned,web,50.99
873375,93520,2025-05-06,shipped,mobile_app,19.98
985466,88068,2025-01-10,delivered,mobile_app,251.96
582003,80147,2025-09-04,returned,mobile_app,275.4
796981,64886,2025-09-13,delivered,mobile_app,382.93
680110,28151,2025-12-03,delivered,web,342.93
969217,79873,2025-12-05,shipped,web,147.43
588280,55915,2025-04-10,delivered,mobile_app,357.69
505389,19591,2025-09-26,returned,mobile_app,222.94
991568,86396,2025-06-25,delivered,web,819.45
998879,53532,2025-03-28,returned,web,135.91
631174,86782,2025-02-04,returned,web,551.95
644950,39866,2025-12-08,delivered,web,120.97
665373,80139,2025-10-23,delivered,web,89.89
646848,50644,2025-06-02,delivered,web,272.98
751803,62179,2025-12-04,delivered,web,327.42
886805,22741,2025-07-25,delivered,web,318.95
859500,80139,2025-06-25,delivered,marketplace,350.93
770228,72693,2025-09-22,delivered,mobile_app,148.93
714442,50777,2025-05-13,cancelled,marketplace,126.96
990396,85007,2025-04-20,delivered,mobile_app,619.4
670134,10664,2025-05-27,delivered,mobile_app,231.87
934214,69875,2025-03-18,shipped,marketplace,645.84
583893,78087,2025-12-02,delivered,mobile_app,108.85
504297,69582,2025-12-17,delivered,web,268.87
966453,72078,2025-04-12,delivered,mobile_app,247.96
583519,34568,2025-03-08,delivered,marketplace,728.87
968253,73677,2025-11-26,delivered,web,259.98
595473,58822,2025-05-19,delivered,marketplace,336.93
741840,72214,2025-05-08,delivered,mobile_app,86.97
751959,81886,2025-04-25,delivered,web,342.85
950461,65886,2025-04-14,delivered,marketplace,188.46
557540,98346,2025-01-07,shipped,mobile_app,21.99
620274,46567,2025-09-26,delivered,web,288.87
894481,74686,2025-09-05,returned,marketplace,135.94
708057,54086,2025-08-24,delivered,web,56.95
860687,78866,2025-12-24,returned,mobile_app,478.79
633065,27326,2025-03-18,returned,mobile_app,171.99
515385,40800,2025-10-16,delivered,mobile_app,167.94
770306,94833,2025-08-12,shipped,web,183.94
776024,34294,2025-06-17,returned,mobile_app,1532.92
670114,18457,2025-03-16,delivered,web,41.96
789791,53321,2025-02-22,shipped,web,261.88
849971,33350,2025-03-23,delivered,web,463.78
909314,46549,2025-11-25,delivered,web,1118.89
589854,79526,2025-06-01,delivered,marketplace,109.44
542360,15380,2025-11-07,delivered,mobile_app,167.48
871645,27704,2025-12-14,shipped,web,247.97
705556,69077,2025-04-11,delivered,marketplace,49.98
528885,51241,2025-10-21,delivered,web,20.95
709085,14718,2025-12-16,delivered,web,96.89
988954,24673,2025-01-04,returned,web,103.94
933926,21476,2025-08-18,delivered,marketplace,728.42
882018,21010,2025-08-21,delivered,web,94.89
624439,92622,2025-02-13,delivered,mobile_app,137.98
690967,82399,2025-04-18,delivered,web,32.99
829028,87381,2025-05-15,delivered,marketplace,361.42
812096,11096,2025-07-03,shipped,web,81.98
522301,23747,2025-07-07,shipped,mobile_app,114.97
723556,74765,2025-09-11,delivered,web,162.94
632916,39073,2025-12-22,delivered,web,277.91
521765,60649,2025-06-26,delivered,marketplace,320.86
773973,60242,2025-12-26,delivered,web,571.25
792177,70838,2025-07-22,delivered,web,87.99
993939,64682,2025-07-28,delivered,web,220.97
863698,38463,2025-01-01,shipped,web,21.98
533495,27665,2025-09-04,delivered,mobile_app,302.97
637684,20964,2025-08-03,delivered,mobile_app,118.84
860748,50004,2025-11-14,delivered,mobile_app,379.9
937106,46298,2025-11-04,delivered,mobile_app,59.95
950348,34465,2025-06-05,delivered,mobile_app,494.94
879178,16387,2025-12-23,delivered,web,134.97
848709,73819,2025-06-12,delivered,marketplace,130.98
618612,65661,2025-11-16,delivered,web,264.99
842949,33311,2025-02-18,delivered,mobile_app,661.91
598867,97322,2025-12-16,delivered,web,682.38
853419,60621,2025-03-08,delivered,web,197.96
694879,78078,2025-11-15,delivered,web,105.96
523106,98012,2025-06-10,delivered,mobile_app,327.95
954565,66546,2025-12-27,delivered,mobile_app,146.94
964149,98589,2025-05-14,shipped,marketplace,729.85
544831,67007,2025-03-01,processing,mobile_app,82.0
802880,52818,2025-12-13,delivered,web,63.94
729175,59382,2025-05-28,delivered,marketplace,252.98
794926,11433,2025-09-07,cancelled,mobile_app,70.99
768869,81022,2025-11-10,delivered,marketplace,31.97
977270,72603,2025-11-04,delivered,web,79.95
740309,40419,2025-04-23,delivered,mobile_app,542.45
830362,95658,2025-12-25,delivered,mobile_app,787.7
602464,66796,2025-11-24,cancelled,web,150.94
884198,35651,2025-03-04,delivered,web,501.75
962391,42992,2025-11-22,cancelled,marketplace,322.87
698501,31559,2025-08-28,delivered,mobile_app,385.46
546058,99127,2025-12-15,processing,mobile_app,406.4
571696,42444,2025-04-22,delivered,mobile_app,251.87
853327,99817,2025-05-25,delivered,marketplace,533.33
689034,15671,2025-04-03,delivered,web,888.79
984137,17033,2025-12-06,delivered,web,602.23
808182,24019,2025-02-22,delivered,web,47.95
528047,83310,2025-05-14,delivered,web,128.47
705707,52697,2025-06-16,delivered,mobile_app,389.96
539375,45283,2025-09-15,delivered,marketplace,515.74
690922,40143,2025-11-06,delivered,mobile_app,404.94
725628,44612,2025-12-01,delivered,web,152.88
894354,83047,2025-06-16,delivered,mobile_app,16.0
664739,35852,2025-07-24,delivered,web,306.43
612813,77037,2025-11-01,returned,mobile_app,63.8
722166,77095,2025-06-15,delivered,marketplace,983.92
546185,95486,2025-09-07,delivered,web,874.79
636566,40448,2025-06-01,delivered,mobile_app,126.49
909209,95169,2025-10-19,delivered,mobile_app,64.49
542027,11378,2025-09-07,delivered,mobile_app,245.73
884387,80147,2025-11-03,delivered,web,165.96
527808,73937,2025-11-04,delivered,web,56.44
753357,65371,2025-10-18,cancelled,mobile_app,397.91
856613,10764,2025-06-05,shipped,web,1142.99
883850,70796,2025-10-24,delivered,mobile_app,450.79
983412,72603,2025-07-21,processing,marketplace,147.98
543204,88985,2025-01-13,delivered,web,186.97
954703,13262,2025-07-11,delivered,web,2440.18
997137,45292,2025-03-23,delivered,mobile_app,452.87
546583,84164,2025-11-03,cancelled,mobile_app,154.95
859551,49060,2025-10-08,processing,web,44.98
757175,50642,2025-07-26,shipped,mobile_app,894.95
848708,42992,2025-09-25,delivered,web,89.94
684848,24559,2025-01-10,delivered,mobile_app,465.47
727473,16178,2025-09-09,cancelled,web,894.95
735204,93237,2025-02-23,delivered,mobile_app,232.41
797299,14370,2025-09-27,processing,mobile_app,45.95
773890,80156,2025-11-20,delivered,mobile_app,223.96
921406,31519,2025-09-22,delivered,marketplace,124.97
576107,80819,2025-01-21,returned,mobile_app,328.0
805781,41403,2025-03-08,returned,web,220.92
714109,43527,2025-08-22,delivered,web,281.88
854139,80903,2025-07-11,cancelled,web,42.99
976814,23919,2025-05-17,delivered,marketplace,203.94
952897,19568,2025-03-27,delivered,mobile_app,731.95
979132,75947,2025-10-21,delivered,mobile_app,558.96
560882,59428,2025-01-08,delivered,web,104.97
771942,34044,2025-04-25,processing,mobile_app,1515.93
628605,84853,2025-08-28,delivered,mobile_app,1098.99
875477,32907,2025-12-26,delivered,web,71.97
647343,60455,2025-11-14,delivered,mobile_app,105.98
510281,74826,2025-09-01,shipped,mobile_app,34.94
967596,27171,2025-02-02,delivered,web,827.95
514960,96118,2025-06-07,processing,mobile_app,139.43
592602,95801,2025-05-13,delivered,mobile_app,591.35
627317,83047,2025-09-01,delivered,web,77.99
562937,29501,2025-03-25,delivered,marketplace,1070.73
788402,94833,2025-06-22,delivered,mobile_app,150.42
541251,47342,2025-06-13,delivered,web,184.97
552814,84912,2025-11-25,delivered,mobile_app,16.98
716405,33940,2025-11-13,delivered,mobile_app,780.49
976070,54747,2025-02-03,delivered,web,191.97
764748,61954,2025-04-01,delivered,mobile_app,826.37
806191,18858,2025-12-27,delivered,marketplace,907.73
562521,86873,2025-04-04,delivered,mobile_app,23.99
519519,47105,2025-10-15,delivered,web,318.45
593597,54916,2025-10-12,delivered,mobile_app,1070.91
740963,72088,2025-08-25,delivered,web,310.95
640951,53614,2025-09-08,delivered,web,79.97
867422,38463,2025-03-20,delivered,web,25.9
694646,50551,2025-11-04,shipped,web,221.39
983979,16008,2025-05-11,processing,mobile_app,103.99
878446,83394,2025-09-15,shipped,marketplace,165.96
591179,70962,2025-09-06,delivered,web,1297.68
796990,29404,2025-03-26,delivered,web,275.88
742805,71939,2025-12-10,delivered,web,92.97
503942,93845,2025-11-26,delivered,mobile_app,49.0
646809,21113,2025-08-09,delivered,web,269.94
708594,40187,2025-01-25,returned,web,351.73
588046,25395,2025-02-15,delivered,web,75.98
593982,52091,2025-04-06,delivered,web,320.45
893774,24049,2025-04-04,delivered,mobile_app,138.24
827297,79873,2025-12-24,delivered,web,506.93
572580,59069,2025-11-13,delivered,marketplace,248.38
641246,70962,2025-02-03,returned,web,74.47
963162,80403,2025-11-21,shipped,mobile_app,330.91
856698,61783,2025-11-09,delivered,mobile_app,60.39
989928,86189,2025-01-06,delivered,mobile_app,289.92
616807,23001,2025-10-01,delivered,web,47.99
946733,75863,2025-12-25,processing,mobile_app,959.84
726850,51425,2025-11-23,delivered,marketplace,254.94
738475,72987,2025-04-14,delivered,web,45.89
684062,60675,2025-08-19,delivered,marketplace,283.92
752680,48762,2025-03-22,delivered,marketplace,57.99
682989,27188,2025-11-07,processing,web,495.96
590193,52091,2025-11-07,cancelled,marketplace,461.58
714043,47689,2025-02-27,delivered,web,540.94
738920,63456,2025-04-12,delivered,mobile_app,128.46
996657,69015,2025-05-18,delivered,web,101.84
717279,90427,2025-04-16,returned,mobile_app,89.96
741211,26767,2025-03-28,delivered,mobile_app,101.98
593488,78087,2025-05-10,delivered,mobile_app,29.95
541779,95486,2025-12-14,delivered,web,57.98
574341,16126,2025-10-16,cancelled,mobile_app,195.86
718593,55325,2025-02-02,delivered,mobile_app,16.95
558547,32994,2025-01-11,returned,mobile_app,709.94
563870,97643,2025-07-05,delivered,mobile_app,209.92
862700,33318,2025-12-22,delivered,web,487.42
947108,38463,2025-11-28,delivered,mobile_app,925.93
735923,55690,2025-12-10,delivered,mobile_app,417.84
609382,79902,2025-10-14,delivered,web,20.99
768902,80502,2025-07-16,delivered,marketplace,169.88
586157,93517,2025-10-27,shipped,web,103.95
575599,79526,2025-08-20,delivered,web,361.98
600686,45292,2025-03-08,shipped,web,60.98
734843,21912,2025-05-19,delivered,mobile_app,64.79
704635,28525,2025-08-25,delivered,mobile_app,261.95
760531,77019,2025-09-24,delivered,web,171.98
828261,79902,2025-04-23,shipped,mobile_app,142.92
859563,52697,2025-02-12,delivered,web,231.88
959371,80252,2025-07-23,delivered,web,589.74
931998,81087,2025-07-20,delivered,web,147.99
642624,64009,2025-05-25,shipped,mobile_app,41.98
641752,28276,2025-11-12,delivered,mobile_app,522.87
969155,36533,2025-09-24,delivered,web,371.93
576486,46965,2025-09-04,delivered,web,500.85
705898,72974,2025-03-04,processing,web,113.89
529980,81673,2025-10-12,processing,marketplace,54.46
540432,96064,2025-11-16,delivered,web,456.81
938899,42444,2025-02-14,cancelled,web,183.47
565121,15380,2025-05-11,delivered,web,616.43
896510,18417,2025-08-20,delivered,web,48.89
828846,87428,2025-04-20,delivered,marketplace,262.93
926517,51931,2025-06-21,processing,mobile_app,101.99
673818,22700,2025-05-01,processing,web,202.98
809354,90925,2025-09-06,delivered,mobile_app,269.95
869606,98589,2025-11-15,delivered,mobile_app,144.77
560263,63456,2025-05-17,delivered,web,1952.88
669665,59315,2025-11-06,shipped,mobile_app,131.96
565702,62960,2025-02-10,delivered,web,223.97
940284,85088,2025-05-15,delivered,web,286.84
987484,82341,2025-03-19,cancelled,mobile_app,109.98
855992,97953,2025-12-06,cancelled,web,694.9
504833,63923,2025-03-11,shipped,mobile_app,431.65
560379,25608,2025-09-01,shipped,web,445.78
739081,35027,2025-04-07,delivered,web,1058.63
540619,73659,2025-11-23,shipped,mobile_app,45.99
791173,45900,2025-01-21,processing,mobile_app,389.85
505084,20915,2025-11-01,delivered,web,21.99
584901,82765,2025-11-04,delivered,mobile_app,71.99
711028,50062,2025-04-19,delivered,marketplace,132.98
847662,52697,2025-12-24,delivered,web,1123.74
651076,86668,2025-03-14,delivered,web,80.99
610111,55929,2025-11-06,delivered,web,106.34
956154,50847,2025-06-16,delivered,web,74.85
843139,34401,2025-10-10,delivered,web,481.86
648401,43151,2025-11-14,cancelled,web,101.99
778875,90708,2025-09-15,delivered,mobile_app,203.99
758744,30114,2025-06-05,delivered,mobile_app,179.97
908793,19651,2025-09-11,delivered,web,318.89
613692,63767,2025-04-13,delivered,mobile_app,138.85
857021,47386,2025-05-11,shipped,mobile_app,255.85
692670,36181,2025-11-27,delivered,marketplace,81.84
710076,88088,2025-06-13,delivered,marketplace,231.94
580210,59183,2025-12-12,delivered,mobile_app,749.42
852432,36535,2025-08-21,delivered,web,293.9
903694,75477,2025-07-03,delivered,web,753.91
593212,48079,2025-12-25,delivered,mobile_app,220.92
656128,66465,2025-11-22,delivered,marketplace,365.98
662404,11378,2025-12-04,delivered,web,224.94
643330,96584,2025-06-08,delivered,mobile_app,98.99
974364,26219,2025-08-20,delivered,web,164.97
934215,10430,2025-01-24,delivered,marketplace,78.85
662860,36371,2025-12-27,shipped,mobile_app,149.85
915275,15380,2025-02-28,delivered,web,271.81
747647,59586,2025-02-21,delivered,web,70.95
659962,93023,2025-11-24,delivered,mobile_app,443.59
724941,93980,2025-01-13,delivered,mobile_app,463.76
707036,81688,2025-10-01,delivered,web,45.99
534762,76299,2025-12-25,cancelled,mobile_app,152.97
690403,67895,2025-08-14,delivered,web,269.85
664224,58213,2025-11-19,delivered,web,390.36
768717,93513,2025-04-09,delivered,mobile_app,339.88
977340,83394,2025-08-05,delivered,marketplace,107.88
650441,72314,2025-12-22,delivered,mobile_app,286.38
929424,98998,2025-10-24,delivered,web,2296.72
822483,88531,2025-04-04,shipped,mobile_app,498.91
585989,10162,2025-12-15,delivered,mobile_app,488.9
909826,83769,2025-02-10,delivered,mobile_app,560.82
664415,83565,2025-12-09,delivered,web,1017.37
818642,90022,2025-04-16,cancelled,mobile_app,183.0
862590,13875,2025-02-17,delivered,web,77.9
969466,40365,2025-01-06,processing,mobile_app,865.7
943654,48971,2025-10-28,shipped,mobile_app,117.98
721107,19337,2025-09-02,delivered,mobile_app,836.87
504920,31559,2025-03-04,delivered,mobile_app,40.47
926852,32658,2025-06-23,delivered,marketplace,48.93
687894,24019,2025-06-23,delivered,mobile_app,43.95
938800,98751,2025-12-23,shipped,web,301.34
879191,15214,2025-04-27,delivered,mobile_app,83.93
551135,78158,2025-12-16,delivered,web,286.89
619562,19715,2025-11-06,delivered,web,865.82
978669,68205,2025-08-07,delivered,mobile_app,739.91
555820,84942,2025-08-18,delivered,mobile_app,691.78
962363,79902,2025-05-19,delivered,mobile_app,219.9
793807,54576,2025-12-27,delivered,mobile_app,298.74
577626,97643,2025-03-19,returned,web,128.87
955682,58782,2025-11-25,shipped,mobile_app,191.98
692772,33311,2025-06-11,delivered,mobile_app,18.95
606241,24965,2025-05-21,delivered,mobile_app,202.89
820879,17097,2025-11-10,shipped,marketplace,155.97
632164,44536,2025-10-20,shipped,marketplace,161.91
597023,72088,2025-03-17,processing,marketplace,81.44
944747,53849,2025-11-26,shipped,web,517.39
881323,98764,2025-06-23,delivered,mobile_app,186.38
836956,28913,2025-12-14,delivered,mobile_app,285.36
780756,83394,2025-02-03,delivered,marketplace,695.81
921880,86873,2025-07-18,delivered,web,78.95
551832,96279,2025-08-06,delivered,mobile_app,56.9
553630,86873,2025-10-21,delivered,web,223.97
605128,17456,2025-03-21,delivered,mobile_app,349.79
813352,15579,2025-12-08,delivered,web,186.9
787832,69773,2025-07-17,delivered,mobile_app,284.85
761876,80147,2025-04-13,delivered,marketplace,357.88
516786,14781,2025-04-01,shipped,mobile_app,96.97
741857,13930,2025-10-23,delivered,web,65.98
614080,99446,2025-12-22,shipped,web,39.99
782917,33505,2025-12-12,delivered,mobile_app,322.35
566300,93513,2025-08-14,delivered,web,415.65
736232,88531,2025-07-02,delivered,mobile_app,367.94
698822,43330,2025-12-06,delivered,marketplace,26.98
780256,48992,2025-08-26,delivered,mobile_app,468.94
561451,74291,2025-09-09,delivered,mobile_app,700.39
851994,31565,2025-12-18,delivered,marketplace,72.98
724337,25342,2025-04-06,shipped,marketplace,231.94
801063,22055,2025-11-10,delivered,marketplace,43.98
986462,77235,2025-04-15,delivered,marketplace,362.94
553198,62931,2025-09-15,delivered,web,16.98
943162,76107,2025-08-02,delivered,mobile_app,22.94
610990,85928,2025-09-16,delivered,mobile_app,50.93
700762,71027,2025-11-03,cancelled,mobile_app,395.62
962981,70930,2025-11-20,delivered,web,210.86
802805,23535,2025-03-15,delivered,marketplace,101.49
676523,17655,2025-03-22,delivered,web,262.39
811042,53532,2025-11-25,cancelled,mobile_app,417.97
843613,89926,2025-05-02,delivered,mobile_app,231.94
789960,73937,2025-10-24,shipped,mobile_app,29.95
777832,36934,2025-07-26,delivered,web,75.94
942991,93038,2025-08-01,delivered,mobile_app,298.95
626055,80147,2025-01-01,processing,web,384.87
677417,94576,2025-10-07,delivered,web,361.9
808204,49896,2025-11-05,delivered,web,677.6
675040,39114,2025-06-02,delivered,mobile_app,198.43
610024,62730,2025-06-27,delivered,web,247.45
988557,80819,2025-12-13,delivered,web,29.98
678592,90710,2025-11-03,delivered,mobile_app,44.9
758090,12047,2025-07-02,delivered,mobile_app,27.99
972965,44164,2025-01-09,delivered,mobile_app,130.97
987986,90528,2025-06-18,delivered,web,717.37
529092,80317,2025-05-03,delivered,mobile_app,34.95
926715,20907,2025-11-24,returned,web,420.99
950479,35651,2025-12-17,delivered,mobile_app,21.99
663105,50649,2025-12-05,delivered,web,142.97
924756,72846,2025-08-27,delivered,mobile_app,135.98
576599,60145,2025-03-01,delivered,marketplace,528.79
877850,83404,2025-05-04,delivered,mobile_app,84.47
662307,12886,2025-08-24,returned,mobile_app,233.44
535289,78099,2025-05-17,delivered,mobile_app,122.94
687770,50513,2025-03-15,delivered,web,620.73
593668,28136,2025-02-23,delivered,web,1690.4
584395,21476,2025-10-10,delivered,web,173.87
817167,98359,2025-06-18,delivered,web,193.47
501320,98142,2025-08-12,cancelled,mobile_app,241.95
898404,52420,2025-04-07,delivered,mobile_app,231.94
933169,14775,2025-01-12,cancelled,mobile_app,193.78
942626,88258,2025-09-27,delivered,mobile_app,68.99
880140,36533,2025-05-06,delivered,web,43.98
580779,19423,2025-09-06,delivered,web,174.89
590644,35240,2025-08-14,delivered,web,46.99
799605,89852,2025-03-18,delivered,marketplace,72.89
632030,93744,2025-12-19,delivered,web,190.99
819881,14222,2025-03-24,processing,marketplace,258.81
952120,20915,2025-12-11,delivered,web,201.39
520392,81787,2025-12-04,delivered,web,395.45
935213,65661,2025-01-25,delivered,web,189.98
954744,94863,2025-02-22,delivered,web,34.98
843201,27704,2025-03-03,delivered,web,1045.86
653172,28136,2025-06-25,delivered,mobile_app,33.48
650807,54130,2025-12-15,delivered,mobile_app,719.89
837154,60032,2025-06-14,delivered,marketplace,14.49
864556,14222,2025-10-02,delivered,web,88.85
928055,14045,2025-06-03,delivered,mobile_app,143.93
927456,67056,2025-02-06,delivered,mobile_app,227.82
927696,66751,2025-02-20,delivered,web,120.97
802673,85357,2025-01-24,delivered,web,19.95
641795,31334,2025-10-03,delivered,mobile_app,112.99
629924,18361,2025-01-20,delivered,marketplace,732.96
992821,15380,2025-09-15,returned,mobile_app,155.92
954296,51241,2025-10-02,shipped,web,226.98
718431,75913,2025-04-05,delivered,mobile_app,90.98
528409,83394,2025-08-19,delivered,web,274.94
625328,86782,2025-04-12,cancelled,web,91.96
589074,41231,2025-12-27,delivered,mobile_app,77.98
891839,72561,2025-01-22,delivered,mobile_app,459.88
957290,53293,2025-04-21,cancelled,mobile_app,61.95
788856,63875,2025-10-18,delivered,marketplace,165.69
619289,56083,2025-01-26,cancelled,web,175.93
904103,66975,2025-11-09,delivered,mobile_app,241.87
736073,37099,2025-06-12,delivered,marketplace,410.39
552518,82938,2025-12-10,delivered,mobile_app,334.71
718530,52192,2025-12-07,delivered,mobile_app,309.97
710102,26216,2025-09-10,processing,mobile_app,153.42
623754,60903,2025-11-21,delivered,mobile_app,200.47
641579,14005,2025-12-19,delivered,web,560.77
695225,66751,2025-10-14,delivered,web,50.0
733290,98798,2025-09-02,delivered,web,373.41
577347,10664,2025-02-25,delivered,marketplace,80.94
903323,94702,2025-11-24,delivered,mobile_app,209.42
820070,73093,2025-12-09,delivered,marketplace,383.79
870124,36561,2025-01-22,delivered,web,201.75
903241,51035,2025-09-07,delivered,mobile_app,392.99
505190,97884,2025-08-18,delivered,mobile_app,230.87
540168,88587,2025-02-25,shipped,mobile_app,274.97
545393,66192,2025-06-22,delivered,marketplace,102.93
625537,70723,2025-05-07,delivered,mobile_app,18.99
848579,83047,2025-05-25,returned,mobile_app,195.95
516362,84569,2025-08-17,delivered,mobile_app,376.96
711946,46567,2025-04-01,delivered,web,670.82
725719,11935,2025-04-16,delivered,web,451.48
766986,63302,2025-06-23,delivered,web,210.78
662088,29383,2025-11-22,shipped,web,344.87
537518,87197,2025-10-04,delivered,web,92.97
878027,21547,2025-07-26,delivered,web,129.96
768102,23493,2025-11-25,delivered,marketplace,686.91
804076,83342,2025-12-28,delivered,mobile_app,856.86
904005,68566,2025-10-01,delivered,mobile_app,475.94
919695,54977,2025-05-22,delivered,web,878.97
977843,90734,2025-11-12,cancelled,web,177.95
929164,28498,2025-08-21,delivered,mobile_app,630.89
592530,72979,2025-11-26,delivered,web,431.89
905697,48597,2025-10-25,delivered,mobile_app,1536.91
801742,34535,2025-01-13,delivered,marketplace,314.99
599189,11694,2025-01-24,delivered,web,210.24
811196,53254,2025-07-27,shipped,web,69.99
979257,26788,2025-04-16,shipped,mobile_app,56.97
554942,71099,2025-09-10,delivered,web,178.46
831911,68282,2025-11-03,delivered,mobile_app,314.81
744128,97994,2025-12-09,processing,mobile_app,344.95
836507,90734,2025-07-28,cancelled,mobile_app,555.94
680701,72987,2025-12-14,processing,mobile_app,377.96
924505,55929,2025-11-17,delivered,mobile_app,91.92
906188,26767,2025-03-14,processing,mobile_app,231.97
901991,42147,2025-11-14,delivered,marketplace,234.72
939276,95355,2025-08-25,cancelled,web,762.82
990851,66751,2025-08-27,delivered,mobile_app,135.48
742628,70412,2025-02-18,delivered,mobile_app,84.97
817539,31880,2025-10-19,delivered,mobile_app,154.95
874871,89852,2025-03-06,delivered,mobile_app,36.94
853830,26223,2025-01-14,cancelled,web,229.96
806903,72562,2025-12-04,delivered,mobile_app,353.71
583499,31546,2025-10-04,delivered,web,528.87
562518,24600,2025-05-17,delivered,web,303.89
539352,24638,2025-10-08,shipped,web,113.91
637673,87057,2025-06-13,delivered,web,179.9
998137,21912,2025-11-06,shipped,web,2090.28
926409,41172,2025-09-04,returned,mobile_app,68.84
937914,83026,2025-12-22,delivered,marketplace,105.98
686527,18256,2025-06-20,delivered,web,20.97
879669,20915,2025-03-24,shipped,mobile_app,243.75
734852,65209,2025-12-20,delivered,web,1455.13
710423,41231,2025-06-22,delivered,mobile_app,481.99
939479,48511,2025-01-26,delivered,web,15.99
758368,91804,2025-03-06,shipped,mobile_app,613.87
796177,29794,2025-12-07,delivered,web,50.74
523697,17655,2025-03-08,shipped,web,238.9
633192,41461,2025-11-12,delivered,web,47.98
613824,31735,2025-12-15,processing,mobile_app,491.35
652770,53754,2025-03-18,delivered,marketplace,44.94
598119,75913,2025-06-03,delivered,mobile_app,212.94
658644,74363,2025-01-22,cancelled,mobile_app,569.93
580033,80139,2025-10-10,returned,mobile_app,450.94
651780,51931,2025-04-15,delivered,mobile_app,432.38
949380,19568,2025-09-08,delivered,web,193.94
740802,74478,2025-08-01,delivered,mobile_app,10.95
616773,13262,2025-09-19,delivered,web,81.37
567950,17615,2025-05-25,processing,web,374.91
648221,36306,2025-03-04,shipped,marketplace,897.8
501214,47151,2025-02-28,delivered,web,83.8
832853,78684,2025-10-14,delivered,marketplace,463.29
746917,76671,2025-05-12,shipped,mobile_app,639.88
935751,71431,2025-12-15,delivered,web,152.45
947965,61189,2025-12-16,delivered,marketplace,867.45
881734,97610,2025-08-09,delivered,mobile_app,42.99
936228,47689,2025-02-19,delivered,mobile_app,175.93
814765,61405,2025-01-28,delivered,mobile_app,118.92
744031,88455,2025-12-05,delivered,web,29.96
707742,51241,2025-04-21,processing,web,39.9
520529,20860,2025-06-01,delivered,mobile_app,285.41
856096,66751,2025-09-03,delivered,web,288.92
884993,77507,2025-10-16,delivered,web,287.83
874852,89452,2025-01-08,delivered,marketplace,687.94
591176,43538,2025-10-13,delivered,mobile_app,407.77
701542,65521,2025-09-13,delivered,mobile_app,119.88
633695,52477,2025-08-26,cancelled,web,602.89
565732,21870,2025-06-22,delivered,mobile_app,546.95
956827,92622,2025-11-19,delivered,mobile_app,331.94
843968,44240,2025-05-11,delivered,web,247.91
936445,60181,2025-12-23,processing,mobile_app,1890.9
812191,54747,2025-03-01,delivered,mobile_app,582.77
657922,85578,2025-06-20,delivered,web,576.43
647119,66483,2025-10-13,delivered,mobile_app,480.46
868441,92007,2025-08-18,processing,web,903.33
765175,56179,2025-09-15,delivered,web,108.49
777506,56385,2025-01-13,delivered,web,208.49
503437,34535,2025-12-14,delivered,mobile_app,391.93
501154,59382,2025-06-25,delivered,mobile_app,390.35
833754,86335,2025-07-23,cancelled,mobile_app,1095.37
757384,15380,2025-11-19,delivered,web,15.99
534985,78078,2025-03-15,delivered,mobile_app,57.45
576886,67895,2025-10-03,shipped,mobile_app,218.93
619551,11694,2025-11-20,delivered,mobile_app,239.97
817618,63781,2025-08-07,delivered,mobile_app,142.41
652305,39866,2025-08-01,delivered,mobile_app,86.98
704640,91399,2025-01-09,delivered,marketplace,61.98
639346,97310,2025-05-01,delivered,mobile_app,175.94
732069,95684,2025-12-03,delivered,web,19.98
933769,45903,2025-08-25,processing,mobile_app,295.91
508787,15473,2025-10-06,delivered,mobile_app,317.43
572208,53818,2025-04-19,delivered,mobile_app,247.41
539386,96993,2025-04-08,delivered,web,323.6
710210,73673,2025-04-02,delivered,web,535.66
530506,94264,2025-04-09,cancelled,mobile_app,294.88
704496,15674,2025-02-16,shipped,web,279.93
822496,37099,2025-07-09,shipped,web,746.89
556496,90708,2025-03-01,shipped,web,1022.41
805776,73302,2025-10-27,delivered,web,477.47
655649,49859,2025-07-21,delivered,mobile_app,60.98
962278,86873,2025-04-07,returned,web,1009.78
510892,71019,2025-10-09,delivered,web,136.93
825328,74533,2025-07-22,delivered,mobile_app,32.97
678460,11694,2025-10-21,delivered,mobile_app,477.89
515367,51533,2025-09-12,delivered,mobile_app,104.97
913655,27021,2025-05-08,delivered,web,390.87
917612,47564,2025-05-15,delivered,web,471.35
940731,22624,2025-10-28,cancelled,marketplace,54.98
634917,83047,2025-03-13,cancelled,marketplace,125.9
899700,35953,2025-11-13,delivered,marketplace,732.91
754769,76771,2025-03-19,delivered,mobile_app,60.75
714715,40547,2025-09-25,returned,web,85.9
631154,94018,2025-06-28,delivered,mobile_app,194.97
506531,10387,2025-01-25,delivered,web,415.9
530006,68365,2025-04-14,delivered,mobile_app,720.32
897416,22357,2025-07-02,delivered,web,448.95
816428,51811,2025-07-23,delivered,web,629.98
923852,57107,2025-12-07,delivered,mobile_app,4.49
622546,21476,2025-11-04,delivered,web,874.9
831108,64682,2025-07-11,cancelled,web,149.94
796835,44452,2025-04-09,delivered,web,53.99
629315,94603,2025-03-13,delivered,marketplace,57.99
653569,82381,2025-01-11,delivered,web,596.88
942283,50277,2025-12-22,delivered,web,139.44
503309,31559,2025-08-19,delivered,web,209.75
809465,77493,2025-06-12,delivered,web,157.82
749998,66060,2025-03-16,delivered,mobile_app,131.96
629105,43530,2025-09-22,delivered,marketplace,1309.9
756476,60968,2025-11-07,delivered,web,22.98
585470,83310,2025-11-03,returned,marketplace,111.93
676908,40651,2025-07-08,delivered,web,123.98
868376,19116,2025-12-14,delivered,web,15.98
506229,47113,2025-03-27,delivered,mobile_app,416.92
815539,23493,2025-12-15,delivered,web,523.92
801808,65886,2025-05-18,delivered,web,367.94
902726,15473,2025-11-28,delivered,web,77.46
594993,27609,2025-11-11,delivered,mobile_app,292.97
656836,96279,2025-12-09,processing,marketplace,45.99
514566,72987,2025-07-02,delivered,web,23.99
685661,74484,2025-09-19,delivered,marketplace,155.95
613481,94281,2025-06-06,delivered,marketplace,223.96
633092,27021,2025-11-03,returned,mobile_app,331.83
577769,72241,2025-06-20,shipped,mobile_app,314.3
914817,90734,2025-01-06,delivered,mobile_app,47.99
569835,21104,2025-04-08,delivered,web,28.99
889880,69366,2025-05-02,delivered,mobile_app,154.77
692171,92366,2025-01-01,delivered,web,85.99
598434,49523,2025-02-28,delivered,web,276.89
795492,16423,2025-03-17,delivered,web,331.95
515499,78237,2025-11-17,delivered,marketplace,243.89
710112,99477,2025-10-05,shipped,web,224.89
922477,46567,2025-07-04,delivered,mobile_app,760.87
647996,27171,2025-10-17,delivered,marketplace,605.33
978298,95684,2025-05-21,cancelled,web,62.48
846558,69307,2025-12-09,shipped,mobile_app,145.88
953802,13262,2025-02-10,shipped,mobile_app,281.26
651375,80317,2025-12-16,delivered,mobile_app,316.98
872823,43515,2025-12-24,delivered,mobile_app,136.97
945094,96118,2025-09-26,delivered,mobile_app,462.9
939518,36934,2025-05-08,processing,mobile_app,22.99
655137,28276,2025-07-20,delivered,marketplace,95.89
908198,51533,2025-09-07,returned,marketplace,209.85
965807,17655,2025-08-14,shipped,mobile_app,178.48
806859,23467,2025-02-11,returned,mobile_app,167.95
974582,99446,2025-07-28,delivered,web,296.92
533609,12825,2025-01-23,delivered,web,247.38
963566,79139,2025-09-26,delivered,web,122.98
727132,60115,2025-10-26,delivered,web,40.99
844110,81620,2025-08-05,delivered,web,34.94
622975,47191,2025-06-15,delivered,mobile_app,183.0
771057,56004,2025-11-21,delivered,web,295.37
793776,38635,2025-07-11,delivered,mobile_app,43.95
538744,86189,2025-11-06,delivered,web,74.97
955111,23467,2025-05-04,delivered,marketplace,89.75
755002,21912,2025-05-01,delivered,mobile_app,572.97
530172,48826,2025-11-19,delivered,web,498.34
822045,27171,2025-09-13,delivered,mobile_app,272.99
835700,46004,2025-06-01,delivered,marketplace,33.49
748482,13553,2025-12-20,delivered,mobile_app,29.99
655785,15674,2025-12-05,returned,mobile_app,279.95
569039,41802,2025-11-10,shipped,mobile_app,518.93
707974,93717,2025-05-13,shipped,web,657.41
699863,81886,2025-03-28,delivered,mobile_app,235.89
778594,93023,2025-07-19,shipped,marketplace,215.95
763429,78237,2025-07-01,delivered,web,139.39
974667,85558,2025-12-24,cancelled,mobile_app,137.98
825708,10183,2025-02-01,cancelled,web,423.89
506205,48688,2025-09-28,delivered,mobile_app,755.42
728644,43406,2025-01-24,delivered,mobile_app,275.74
712839,22597,2025-06-06,returned,web,88.97
903367,63882,2025-09-24,delivered,web,128.99
890076,78123,2025-09-12,delivered,web,82.92
849960,72561,2025-12-13,shipped,mobile_app,480.51
562423,77037,2025-08-21,delivered,web,355.86
998411,86189,2025-12-19,cancelled,web,232.89
655761,68205,2025-11-19,processing,web,143.98
955062,83517,2025-11-08,delivered,marketplace,196.83
600739,43538,2025-12-23,shipped,web,674.9
778800,40347,2025-05-01,delivered,web,78.94
834932,83394,2025-06-11,delivered,web,116.87
517224,37045,2025-05-07,shipped,web,208.98
682949,87815,2025-03-16,shipped,web,84.92
542563,83399,2025-08-03,delivered,web,366.93
797382,60458,2025-08-07,delivered,mobile_app,535.94
746317,33311,2025-12-12,delivered,mobile_app,227.95
959580,80190,2025-02-18,shipped,web,181.94
541210,75470,2025-01-19,delivered,marketplace,108.93
630666,10183,2025-10-21,delivered,mobile_app,242.41
951533,29134,2025-10-06,delivered,marketplace,1227.84
966573,81886,2025-07-11,shipped,mobile_app,16.95
687477,14774,2025-01-12,delivered,mobile_app,110.47
795652,67567,2025-02-07,delivered,web,986.9
743158,50943,2025-04-05,delivered,web,498.94
762612,53960,2025-04-03,processing,mobile_app,758.82
854686,71305,2025-12-18,processing,web,67.99
608113,63767,2025-10-09,delivered,marketplace,63.46
685051,22969,2025-09-25,delivered,web,245.39
961556,69582,2025-12-26,delivered,mobile_app,83.96
886065,62179,2025-04-16,delivered,web,225.93
571014,79078,2025-04-07,delivered,marketplace,23.99
905160,53754,2025-02-23,delivered,mobile_app,15.99
952866,10205,2025-05-11,delivered,web,1131.21
542929,83026,2025-10-06,delivered,web,252.89
660379,69015,2025-10-28,delivered,mobile_app,608.42
833360,20915,2025-04-02,delivered,marketplace,128.95
725476,29588,2025-05-02,delivered,mobile_app,286.47
740949,96279,2025-05-01,shipped,web,179.8
938174,94264,2025-09-03,delivered,marketplace,253.98
515321,10536,2025-12-16,delivered,mobile_app,1071.26
689525,55690,2025-03-19,delivered,web,267.93
850274,53960,2025-04-07,delivered,mobile_app,115.94
632303,29794,2025-10-01,delivered,marketplace,291.88
516235,36203,2025-06-11,delivered,web,226.9
841437,94702,2025-09-27,delivered,mobile_app,194.97
864942,31534,2025-02-10,delivered,mobile_app,144.93
850924,15734,2025-12-07,delivered,mobile_app,97.45
546306,85007,2025-11-11,delivered,mobile_app,187.97
537021,55700,2025-07-27,delivered,marketplace,215.63
576166,50706,2025-06-26,delivered,web,208.83
569142,46918,2025-12-06,processing,web,149.97
731008,64563,2025-09-16,delivered,web,399.99
687700,21912,2025-01-24,delivered,web,348.95
581347,30786,2025-11-26,delivered,mobile_app,741.3
588189,24273,2025-10-01,returned,mobile_app,129.98
739483,95479,2025-04-08,delivered,mobile_app,41.98
649721,10442,2025-01-13,delivered,web,168.87
958610,63053,2025-03-20,delivered,marketplace,261.97
549924,55563,2025-01-13,delivered,mobile_app,300.69
743301,53455,2025-11-01,delivered,web,825.9
915440,70954,2025-11-20,shipped,web,70.97
819962,36934,2025-05-20,delivered,web,70.99
896932,15639,2025-02-24,delivered,web,20.99
881389,36934,2025-04-17,delivered,mobile_app,152.97
637220,74555,2025-05-21,returned,mobile_app,31.98
943348,44845,2025-10-07,delivered,marketplace,412.88
981139,66483,2025-11-05,delivered,marketplace,137.88
617828,93744,2025-01-02,delivered,marketplace,196.99
822489,48762,2025-09-08,delivered,marketplace,1140.71
694100,70999,2025-02-19,shipped,web,556.91
640603,13262,2025-05-16,delivered,marketplace,379.43
592469,28898,2025-10-14,delivered,web,40.97
592146,38463,2025-10-01,delivered,mobile_app,89.99
946223,12138,2025-12-05,processing,mobile_app,362.84
574648,40434,2025-01-23,delivered,marketplace,639.89
947127,76255,2025-03-06,delivered,web,143.97
709997,87648,2025-03-26,delivered,mobile_app,53.48
530072,96287,2025-12-18,delivered,mobile_app,5.99
534383,25631,2025-12-18,returned,web,41.47
928284,57640,2025-07-04,delivered,web,167.8
794173,71912,2025-01-03,delivered,mobile_app,58.99
954826,21792,2025-12-01,delivered,web,173.87
625331,11751,2025-02-28,returned,mobile_app,258.87
536508,85088,2025-05-08,delivered,marketplace,349.93
792260,56385,2025-03-09,cancelled,mobile_app,209.95
756881,29383,2025-12-22,delivered,marketplace,116.75
623351,24363,2025-09-07,delivered,web,32.48
694306,43406,2025-05-03,delivered,mobile_app,700.87
832852,43013,2025-05-06,delivered,marketplace,92.89
589681,47386,2025-03-15,delivered,marketplace,173.84
731197,24600,2025-11-18,delivered,marketplace,634.95
966750,16387,2025-04-27,delivered,mobile_app,291.83
582681,50365,2025-03-26,delivered,mobile_app,154.75
543834,37948,2025-02-26,delivered,web,506.97
964180,67550,2025-07-06,delivered,mobile_app,145.96
982719,72214,2025-12-02,delivered,mobile_app,269.46
625292,43038,2025-11-05,delivered,web,192.91
766358,31880,2025-12-12,delivered,web,337.93
909426,74657,2025-12-18,delivered,mobile_app,122.98
637367,88498,2025-01-13,processing,mobile_app,69.97
598476,30933,2025-02-25,delivered,mobile_app,35.99
941487,62983,2025-11-18,delivered,web,365.88
857504,70260,2025-04-01,delivered,mobile_app,100.95
561673,47386,2025-06-26,delivered,web,395.94
517223,60458,2025-01-07,delivered,mobile_app,355.86
971757,24500,2025-06-11,delivered,mobile_app,176.9
609299,62179,2025-07-15,delivered,mobile_app,245.46
749499,54010,2025-01-28,delivered,web,65.98
894445,14370,2025-12-04,delivered,mobile_app,234.99
865342,25185,2025-10-03,shipped,mobile_app,1352.79
722821,38204,2025-12-08,delivered,marketplace,1152.79
932374,48435,2025-09-06,delivered,web,795.3
764495,78684,2025-03-24,delivered,mobile_app,240.47
899300,80118,2025-09-25,shipped,web,240.92
689927,12825,2025-11-02,delivered,web,204.96
694937,90710,2025-03-27,delivered,web,258.79
762261,72987,2025-11-21,delivered,web,360.92
787551,15387,2025-09-22,delivered,web,8.99
955749,46145,2025-09-04,shipped,mobile_app,314.96
926073,75477,2025-04-17,delivered,mobile_app,179.95
847468,45309,2025-12-24,delivered,web,481.86
806784,10430,2025-10-20,delivered,web,53.89
887994,90173,2025-07-03,delivered,web,315.97
556370,92012,2025-08-06,delivered,web,26.99
621513,84942,2025-11-07,delivered,mobile_app,143.88
601075,41802,2025-03-08,delivered,web,231.89
644256,98142,2025-04-08,delivered,web,13.99
508739,40448,2025-07-04,processing,mobile_app,127.94
523646,73677,2025-02-03,delivered,web,403.27
888222,80741,2025-06-12,shipped,mobile_app,477.74
594411,36335,2025-05-05,delivered,web,52.98
800622,49896,2025-10-16,shipped,web,193.98
945070,96755,2025-08-10,delivered,mobile_app,826.87
578513,74510,2025-05-25,delivered,web,27.99
872944,63302,2025-10-11,delivered,mobile_app,322.87
556851,43543,2025-08-09,delivered,web,31.95
987412,91804,2025-10-28,delivered,mobile_app,524.92
912225,95718,2025-10-25,delivered,mobile_app,1148.56
653372,27266,2025-09-21,delivered,mobile_app,450.95
617573,78715,2025-12-16,delivered,web,297.36
993289,63528,2025-04-23,cancelled,web,1137.86
726546,86576,2025-03-03,delivered,web,166.92
593962,51241,2025-08-28,shipped,web,176.88
660543,71607,2025-03-17,delivered,web,246.97
608229,15952,2025-03-14,delivered,web,357.37
666472,43501,2025-11-17,cancelled,mobile_app,133.48
941056,16270,2025-12-25,shipped,marketplace,140.75
784136,48992,2025-08-06,delivered,mobile_app,287.86
594985,65622,2025-12-28,cancelled,mobile_app,375.83
589344,11988,2025-01-11,delivered,marketplace,161.97
633930,46066,2025-01-20,delivered,mobile_app,449.95
686860,21308,2025-11-16,returned,web,243.94
561862,93999,2025-07-16,shipped,web,349.88
972986,24559,2025-09-05,delivered,web,509.44
605543,46965,2025-12-14,delivered,web,8.95
724794,77858,2025-11-14,returned,web,493.99
663982,93237,2025-06-24,delivered,mobile_app,543.0
690236,51533,2025-02-10,delivered,web,170.94
986445,10786,2025-02-06,delivered,web,221.39
517681,41609,2025-05-16,cancelled,mobile_app,371.95
947260,41796,2025-12-22,delivered,mobile_app,668.43
650590,98359,2025-11-07,delivered,web,67.8
724412,85558,2025-10-08,delivered,web,500.96
931372,29840,2025-11-19,delivered,web,171.42
796757,80915,2025-12-20,delivered,web,309.98
708623,36203,2025-01-07,delivered,marketplace,536.8
736323,69590,2025-12-08,returned,web,87.96
757600,84942,2025-04-16,delivered,mobile_app,163.96
840391,51835,2025-06-08,shipped,web,329.73
766707,60349,2025-02-27,delivered,mobile_app,177.95
573310,51035,2025-10-14,delivered,web,301.43
870771,14873,2025-06-23,delivered,mobile_app,380.9
647261,91253,2025-08-16,delivered,mobile_app,35.95
993736,36535,2025-10-26,delivered,mobile_app,687.41
879119,90807,2025-10-10,delivered,mobile_app,241.96
912443,86189,2025-03-19,returned,web,158.92
966158,60032,2025-06-20,delivered,web,305.97
854684,21912,2025-11-04,delivered,web,130.49
934863,50613,2025-08-24,delivered,web,201.43
674481,10183,2025-03-02,delivered,marketplace,203.94
505115,87009,2025-06-26,delivered,web,82.97
697277,52697,2025-12-14,delivered,marketplace,91.98
976090,49096,2025-08-26,returned,mobile_app,60.88
925349,25653,2025-12-17,delivered,mobile_app,21.99
698677,37948,2025-10-07,delivered,mobile_app,109.98
678274,85390,2025-06-04,delivered,web,67.34
931286,12671,2025-02-07,delivered,web,459.92
763930,35501,2025-11-25,delivered,web,227.78
694456,76255,2025-11-15,delivered,marketplace,142.97
662888,69307,2025-04-21,delivered,mobile_app,204.94
765379,24600,2025-08-24,delivered,marketplace,571.97
647641,14045,2025-01-18,processing,mobile_app,61.0
975821,74533,2025-03-13,processing,marketplace,25.99
807406,25688,2025-12-20,shipped,web,221.88
829839,16432,2025-10-18,processing,mobile_app,947.39
668428,86189,2025-06-02,shipped,web,554.84
914223,75455,2025-02-23,cancelled,mobile_app,197.98
996658,27440,2025-08-03,processing,mobile_app,35.99
839554,43527,2025-10-14,delivered,mobile_app,166.94
524522,34767,2025-04-21,delivered,mobile_app,63.94
834620,64563,2025-05-18,delivered,web,428.84
852462,78099,2025-11-06,delivered,marketplace,427.88
612054,82622,2025-10-04,delivered,web,283.41
514404,34231,2025-09-06,delivered,mobile_app,269.99
500542,43151,2025-07-28,shipped,marketplace,57.95
520414,87197,2025-09-22,delivered,mobile_app,483.94
596800,77606,2025-03-07,delivered,web,364.85
554603,64494,2025-03-06,delivered,web,318.84
894994,56385,2025-07-16,delivered,mobile_app,52.94
917993,80139,2025-08-18,delivered,marketplace,520.78
825273,61693,2025-07-23,delivered,web,644.74
749444,39627,2025-12-28,delivered,marketplace,561.86
534715,88742,2025-11-27,delivered,web,195.92
779180,28913,2025-02-18,returned,mobile_app,56.85
884721,72987,2025-11-03,delivered,mobile_app,467.98
688621,34277,2025-08-01,delivered,web,539.92
602425,83517,2025-06-20,delivered,mobile_app,757.43
601794,29538,2025-12-04,returned,mobile_app,74.99
732237,94711,2025-11-22,delivered,web,381.94
863745,38463,2025-02-13,shipped,marketplace,100.48
757997,43527,2025-01-07,delivered,web,209.91
961949,55700,2025-12-02,processing,web,95.9
717529,51085,2025-12-25,shipped,web,213.9
921553,10664,2025-10-09,delivered,web,463.92
907766,52091,2025-08-04,delivered,web,67.99
643629,43151,2025-06-28,delivered,web,331.93
920637,81803,2025-09-09,delivered,marketplace,115.93
521651,77235,2025-10-19,delivered,web,734.72
884326,45668,2025-02-04,delivered,mobile_app,485.97
860854,28913,2025-09-08,returned,mobile_app,140.98
866982,37149,2025-11-24,delivered,marketplace,662.94
913291,72862,2025-01-09,delivered,web,392.96
562665,74533,2025-05-01,delivered,web,485.37
531067,83394,2025-02-27,delivered,web,263.93
996374,11751,2025-01-27,returned,web,454.97
636019,75960,2025-08-27,delivered,web,176.97
687893,72340,2025-07-01,delivered,marketplace,204.94
946064,50541,2025-01-15,processing,web,361.83
783559,87669,2025-09-23,cancelled,web,143.93
840726,39073,2025-09-16,delivered,web,249.9
870669,93717,2025-04-09,delivered,marketplace,62.99
761361,97884,2025-10-08,delivered,web,935.33
701214,55474,2025-09-18,delivered,mobile_app,114.91
638416,27171,2025-08-15,cancelled,marketplace,92.94
520788,60903,2025-08-05,delivered,web,494.92
971907,87381,2025-12-12,delivered,mobile_app,152.46
715147,53293,2025-12-21,returned,mobile_app,339.83
854618,95486,2025-06-27,shipped,mobile_app,543.0
796745,18361,2025-08-27,delivered,mobile_app,336.49
720615,72088,2025-09-16,cancelled,marketplace,98.98
897242,21792,2025-03-28,delivered,web,471.69
586856,47341,2025-01-05,delivered,marketplace,121.98
843499,21547,2025-04-10,returned,web,536.46
710562,60968,2025-12-18,delivered,web,105.98
556848,36592,2025-12-08,delivered,mobile_app,839.94
893789,26219,2025-09-11,cancelled,marketplace,9.95
978281,49982,2025-12-18,delivered,mobile_app,828.86
607894,87815,2025-12-18,delivered,web,466.86
998416,15226,2025-11-17,delivered,mobile_app,218.43
705112,69015,2025-12-20,delivered,marketplace,76.99
980473,85088,2025-06-07,delivered,web,737.31
895983,24673,2025-12-25,delivered,mobile_app,549.75
771814,29383,2025-10-10,delivered,web,69.99
628038,85390,2025-08-01,delivered,mobile_app,135.87
521540,65728,2025-04-28,delivered,mobile_app,203.93
747304,52103,2025-09-14,delivered,marketplace,129.36
854295,38869,2025-08-01,delivered,web,641.84
753336,26216,2025-12-03,delivered,web,191.95
726815,23493,2025-12-24,delivered,web,7.99
725328,46909,2025-05-24,delivered,mobile_app,84.75
710168,56278,2025-10-16,delivered,mobile_app,158.98
741614,87669,2025-02-18,delivered,web,125.94
518402,28136,2025-07-04,delivered,mobile_app,109.44
924147,24965,2025-11-27,delivered,web,660.95
910611,69307,2025-10-22,delivered,mobile_app,724.95
720957,33885,2025-12-12,delivered,marketplace,371.93
953874,65741,2025-01-25,processing,mobile_app,713.87
599962,50777,2025-09-28,delivered,mobile_app,421.88
985118,40419,2025-02-26,processing,web,85.98
644210,46567,2025-07-23,delivered,mobile_app,397.74
778761,36535,2025-03-26,delivered,mobile_app,666.49
534684,65521,2025-10-24,delivered,web,389.32
670263,73659,2025-12-28,delivered,web,68.97
633058,29619,2025-05-24,shipped,web,121.75
941942,22597,2025-11-09,delivered,web,123.93
615757,59428,2025-03-01,delivered,web,95.96
798750,64970,2025-11-26,shipped,marketplace,365.75
641101,18256,2025-04-01,delivered,web,289.79
635959,72846,2025-05-07,delivered,mobile_app,544.94
518961,55325,2025-11-14,delivered,mobile_app,175.92
809622,59069,2025-08-19,shipped,web,288.91
807756,10985,2025-06-16,delivered,web,109.46
611540,21308,2025-08-08,delivered,mobile_app,110.95
564087,26788,2025-02-22,delivered,mobile_app,213.98
919811,98892,2025-10-10,delivered,web,38.99
655262,99446,2025-10-08,shipped,marketplace,191.87
778139,34943,2025-12-06,shipped,mobile_app,774.69
710732,10303,2025-09-25,delivered,mobile_app,446.95
901493,20860,2025-05-01,delivered,web,739.82
936364,35240,2025-09-05,delivered,web,273.98
953548,70259,2025-02-18,delivered,web,233.97
502433,24019,2025-03-15,processing,mobile_app,175.89
786978,53542,2025-06-26,delivered,web,665.88
734448,84182,2025-07-23,delivered,marketplace,17.95
646544,54011,2025-01-11,delivered,mobile_app,615.96
741892,23192,2025-01-15,delivered,marketplace,926.9
672484,18256,2025-12-19,delivered,marketplace,237.94
654241,57925,2025-08-24,returned,mobile_app,7.49
948860,33505,2025-05-22,shipped,mobile_app,252.88
991389,27165,2025-08-03,delivered,web,422.95
641855,33859,2025-05-25,delivered,mobile_app,218.47
753633,46769,2025-07-02,cancelled,web,913.19
770767,40198,2025-10-09,cancelled,web,964.92
852828,23577,2025-03-18,processing,mobile_app,367.94
937645,58362,2025-11-17,shipped,mobile_app,122.0
636355,18734,2025-10-10,processing,mobile_app,32.94
961281,94973,2025-11-05,delivered,mobile_app,2066.91
500311,87428,2025-08-08,delivered,web,130.93
951255,28875,2025-04-19,cancelled,web,447.93
575286,28930,2025-12-01,delivered,mobile_app,41.9
892277,45295,2025-11-27,delivered,mobile_app,27.98
964566,21654,2025-02-17,delivered,web,216.94
916113,53951,2025-04-23,delivered,mobile_app,189.95
744188,16178,2025-11-21,delivered,web,233.93
501585,85302,2025-04-21,cancelled,mobile_app,734.35
966694,77019,2025-09-01,shipped,web,397.44
720927,23747,2025-11-18,delivered,web,57.95
989486,40804,2025-11-26,shipped,web,195.85
780928,28498,2025-05-01,delivered,mobile_app,416.84
829907,36561,2025-09-09,delivered,mobile_app,622.98
589599,15473,2025-09-28,delivered,mobile_app,63.47
717273,33885,2025-06-16,shipped,web,53.95
806433,74442,2025-05-06,cancelled,mobile_app,157.96
558017,12047,2025-01-06,delivered,mobile_app,11.95
966372,28930,2025-11-24,delivered,marketplace,189.93
856626,97310,2025-12-24,delivered,mobile_app,94.92
915920,90734,2025-10-04,delivered,mobile_app,183.78
645448,80983,2025-11-06,processing,web,702.18
841663,77590,2025-07-04,delivered,mobile_app,196.74
563440,89997,2025-11-12,shipped,web,314.79
553062,97687,2025-06-06,delivered,web,408.94
587807,82340,2025-12-14,delivered,mobile_app,265.85
635630,60636,2025-07-17,returned,mobile_app,651.74
708309,37045,2025-01-18,delivered,web,122.37
690569,99446,2025-05-13,delivered,marketplace,27.99
962628,20915,2025-11-16,delivered,mobile_app,572.81
704175,58752,2025-09-09,delivered,web,232.92
792530,77235,2025-12-18,delivered,mobile_app,9.99
631624,69284,2025-12-26,delivered,mobile_app,167.47
855125,51670,2025-10-24,delivered,mobile_app,36.98
920727,90427,2025-12-10,delivered,marketplace,314.99
589594,20860,2025-10-24,delivered,mobile_app,59.94
992049,68445,2025-11-07,delivered,mobile_app,103.49
735261,42278,2025-03-28,shipped,mobile_app,113.96
624169,36408,2025-12-05,delivered,marketplace,559.78
923536,11433,2025-09-18,processing,web,171.85
735060,93845,2025-09-14,delivered,web,18.99
764099,48435,2025-09-06,delivered,marketplace,238.95
817314,49859,2025-11-01,cancelled,mobile_app,262.93
962919,80741,2025-04-13,delivered,web,301.46
797622,21792,2025-01-25,delivered,web,38.99
938073,80741,2025-07-25,delivered,web,63.85
628339,64494,2025-07-03,delivered,web,100.98
999055,63737,2025-05-06,delivered,mobile_app,125.98
637106,94576,2025-06-18,delivered,web,56.97
860792,81620,2025-12-11,delivered,marketplace,285.91
765454,65468,2025-04-16,delivered,marketplace,563.94
690125,79129,2025-11-25,delivered,web,747.86
774219,24965,2025-12-04,returned,mobile_app,204.94
780653,56004,2025-08-23,delivered,mobile_app,221.84
900554,24019,2025-09-23,delivered,web,1086.89
507868,35963,2025-12-07,delivered,mobile_app,17.95
823539,87648,2025-03-09,delivered,marketplace,331.89
799911,76153,2025-12-04,shipped,mobile_app,439.43
752854,91878,2025-12-07,delivered,web,308.87
749634,98012,2025-07-20,delivered,mobile_app,266.21
963193,73570,2025-07-12,shipped,mobile_app,199.89
531547,24965,2025-07-19,delivered,marketplace,367.39
792498,89657,2025-11-14,delivered,mobile_app,31.98
527919,42992,2025-01-12,delivered,web,422.92
625016,67895,2025-02-19,delivered,web,80.99
969241,58862,2025-11-19,delivered,web,1080.86
956067,48795,2025-08-03,delivered,marketplace,73.89
783432,42444,2025-08-06,delivered,web,282.19
847765,61693,2025-07-23,processing,mobile_app,561.84
921982,70930,2025-07-20,delivered,web,163.95
638512,21870,2025-02-17,processing,mobile_app,454.94
925315,56395,2025-08-10,delivered,mobile_app,58.99
618742,12047,2025-11-25,delivered,mobile_app,150.45
987305,48446,2025-10-14,processing,mobile_app,931.73
645159,54086,2025-02-28,delivered,web,744.9
774859,21395,2025-07-14,delivered,web,778.91
805609,36590,2025-11-27,shipped,marketplace,212.97
993065,40448,2025-12-16,delivered,web,117.0
649782,30472,2025-11-09,delivered,mobile_app,165.86
815972,51533,2025-02-24,delivered,web,69.99
822190,37176,2025-12-09,shipped,mobile_app,244.95
649683,91399,2025-10-03,cancelled,web,377.95
965087,85068,2025-02-06,delivered,mobile_app,458.4
984392,22154,2025-10-06,processing,web,106.98
585340,82151,2025-09-10,delivered,mobile_app,367.91
895498,82112,2025-11-04,delivered,marketplace,262.43
601519,85182,2025-10-20,delivered,mobile_app,35.99
777457,31534,2025-07-20,shipped,web,6.49
668330,24868,2025-05-16,delivered,mobile_app,257.45
931987,48762,2025-01-20,delivered,web,1427.76
884705,59183,2025-09-12,cancelled,web,143.34
947531,66997,2025-05-11,delivered,web,4.49
661542,40314,2025-05-18,returned,mobile_app,8.98
809588,71912,2025-01-19,delivered,mobile_app,1138.87
972628,60621,2025-12-24,delivered,web,163.93
925917,55915,2025-11-17,cancelled,mobile_app,272.0
884594,61488,2025-08-08,delivered,mobile_app,204.99
592485,98584,2025-04-07,delivered,web,397.86
658761,49848,2025-11-08,delivered,mobile_app,205.96
953457,42995,2025-06-03,delivered,web,237.37
644729,17745,2025-12-10,delivered,mobile_app,1103.67
841746,27439,2025-01-10,delivered,web,646.91
930879,44536,2025-03-18,delivered,web,320.95
965620,81674,2025-09-24,delivered,marketplace,81.93
595381,15639,2025-07-14,delivered,web,159.87
756854,71928,2025-10-16,delivered,web,353.74
975804,26767,2025-06-15,delivered,web,477.44
788870,50277,2025-02-21,delivered,mobile_app,26.99
637848,30325,2025-06-24,delivered,marketplace,239.99
527090,72331,2025-08-25,delivered,marketplace,158.88
711594,90807,2025-02-25,delivered,web,467.94
722811,15734,2025-12-19,delivered,web,23.97
565587,95486,2025-12-03,processing,marketplace,234.42
568241,50613,2025-07-23,delivered,web,21.9
566744,92622,2025-02-03,delivered,web,120.94
729229,33977,2025-11-26,delivered,mobile_app,2289.88
500282,80948,2025-12-03,delivered,mobile_app,168.78
528099,36533,2025-09-04,shipped,mobile_app,59.96
783983,48795,2025-11-01,cancelled,web,15.99
931744,75545,2025-03-20,delivered,web,374.95
925546,25460,2025-10-19,shipped,web,509.96
790381,90807,2025-12-15,delivered,web,1033.36
937751,98764,2025-12-09,returned,web,651.98
918623,69590,2025-11-08,cancelled,mobile_app,68.9
639680,24141,2025-12-11,delivered,web,125.91
640223,68445,2025-06-13,shipped,web,168.92
534763,80819,2025-12-21,delivered,mobile_app,148.87
690875,34989,2025-11-12,delivered,mobile_app,482.81
629914,15849,2025-05-13,delivered,mobile_app,85.98
637771,21395,2025-04-02,delivered,web,248.91
645404,72193,2025-09-11,delivered,web,376.99
886543,30257,2025-06-05,delivered,web,36.98
599609,71939,2025-11-10,shipped,web,1705.84
870309,34294,2025-11-06,delivered,web,761.98
672860,59678,2025-09-22,delivered,web,510.91
694133,91211,2025-11-25,processing,mobile_app,105.0
845085,83342,2025-05-22,shipped,mobile_app,52.98
561825,46567,2025-04-24,delivered,mobile_app,513.85
920062,48069,2025-11-08,cancelled,mobile_app,135.94
600970,42147,2025-09-16,delivered,web,562.38
696071,53960,2025-05-19,delivered,web,8.95
718670,90807,2025-06-24,delivered,web,71.94
841119,36205,2025-11-08,processing,web,167.97
897927,46567,2025-08-21,shipped,web,110.89
708830,21308,2025-10-03,delivered,web,518.91
655473,27687,2025-06-08,delivered,marketplace,324.65
987290,90173,2025-01-02,returned,web,87.48
932803,97643,2025-07-04,delivered,web,931.79
513324,15300,2025-11-14,delivered,web,142.88
579744,10664,2025-06-11,delivered,web,154.89
920832,53542,2025-03-01,delivered,mobile_app,506.95
830304,36535,2025-03-14,returned,web,109.95
710301,77507,2025-10-10,returned,web,67.9
776363,26767,2025-11-02,returned,web,161.42
784993,34746,2025-11-14,delivered,web,399.99
613571,58874,2025-02-15,cancelled,web,318.95
998405,23274,2025-04-06,delivered,web,52.48
606073,52697,2025-02-09,delivered,mobile_app,355.82
660398,49060,2025-05-07,shipped,mobile_app,65.93
554259,10536,2025-05-23,delivered,mobile_app,189.97
761426,92707,2025-11-05,delivered,mobile_app,859.93
641379,78715,2025-05-25,delivered,web,344.43
816558,99817,2025-10-22,shipped,mobile_app,625.47
773999,93687,2025-02-20,delivered,web,161.4
787430,71107,2025-05-06,delivered,web,90.94
949954,73913,2025-02-02,delivered,web,674.9
896725,89358,2025-12-18,delivered,web,30.49
925497,25539,2025-02-23,delivered,web,58.98
860401,24273,2025-08-15,delivered,mobile_app,265.46
920228,34651,2025-12-24,delivered,web,395.94
602047,18850,2025-12-11,delivered,mobile_app,103.97
550381,60269,2025-12-09,returned,marketplace,155.95
530740,20862,2025-01-16,delivered,mobile_app,119.94
809621,77565,2025-01-02,delivered,web,386.91
787493,34907,2025-06-20,delivered,web,363.81
933673,15387,2025-06-20,delivered,mobile_app,63.99
918681,24019,2025-03-16,delivered,marketplace,395.95
752878,48992,2025-01-22,delivered,mobile_app,5.99
849940,11751,2025-11-14,shipped,mobile_app,753.44
558572,61256,2025-12-24,delivered,mobile_app,916.93
602975,20941,2025-07-02,delivered,web,121.73
587434,85558,2025-08-10,delivered,web,1055.36
658484,75923,2025-07-23,delivered,web,104.85
715090,40448,2025-01-13,delivered,mobile_app,823.06
533661,40448,2025-11-27,delivered,mobile_app,222.0
583783,44452,2025-06-02,delivered,mobile_app,35.85
722954,71175,2025-11-12,shipped,web,775.87
660223,77019,2025-01-22,delivered,mobile_app,108.97
505124,98142,2025-10-11,delivered,web,149.98
593238,84186,2025-12-07,delivered,mobile_app,936.68
793340,22748,2025-04-26,returned,mobile_app,237.94
729281,83565,2025-10-28,delivered,mobile_app,636.76
651778,23577,2025-12-15,delivered,web,321.78
810517,46567,2025-08-20,delivered,mobile_app,154.92
608136,36592,2025-11-18,delivered,mobile_app,761.67
756062,90022,2025-02-25,delivered,marketplace,42.98
594609,26219,2025-10-18,delivered,mobile_app,201.38
513226,75947,2025-10-25,delivered,marketplace,328.98
645650,51192,2025-10-14,delivered,web,79.8
937531,95169,2025-10-16,delivered,web,44.99
925449,69948,2025-05-10,delivered,marketplace,734.99
748501,73093,2025-11-06,delivered,mobile_app,15.95
559236,37176,2025-07-11,delivered,web,31.48
994558,43330,2025-03-25,delivered,mobile_app,19.98
822832,38667,2025-12-17,delivered,web,84.99
868507,58213,2025-10-21,delivered,web,401.94
503928,85062,2025-06-26,processing,mobile_app,137.89
768868,58874,2025-06-05,delivered,mobile_app,8.95
673536,60636,2025-01-07,delivered,web,824.44
514665,86189,2025-04-13,delivered,web,395.43
649822,98998,2025-10-17,delivered,mobile_app,463.88
620326,77235,2025-08-20,delivered,mobile_app,723.91
815878,42992,2025-03-08,cancelled,mobile_app,243.72
940100,43501,2025-11-21,delivered,web,125.98
736723,70930,2025-04-23,delivered,web,374.91
609447,88423,2025-10-21,delivered,mobile_app,149.79
991080,65476,2025-11-11,delivered,web,8.99
754994,89577,2025-01-28,delivered,web,118.97
795024,84853,2025-12-18,delivered,web,24.0
571129,49133,2025-01-16,shipped,mobile_app,117.99
591936,42992,2025-03-10,delivered,mobile_app,731.41
921077,65622,2025-08-16,shipped,web,561.39
955585,57640,2025-08-16,delivered,mobile_app,540.67
632028,11935,2025-11-10,delivered,web,428.93
842082,51241,2025-11-17,shipped,mobile_app,49.48
884204,69612,2025-08-28,delivered,web,263.43
686268,35753,2025-02-25,delivered,mobile_app,1015.36
781551,74785,2025-11-11,shipped,web,262.44
853013,56385,2025-08-16,processing,marketplace,12.99
858144,51093,2025-12-17,delivered,web,291.79
577698,64494,2025-09-25,delivered,mobile_app,600.93
659636,85268,2025-11-24,processing,web,182.34
598698,95486,2025-10-27,delivered,mobile_app,190.81
855841,17655,2025-08-01,shipped,web,137.89
535845,68737,2025-09-20,delivered,web,70.99
699788,20862,2025-03-01,returned,mobile_app,424.9
619292,86189,2025-01-20,shipped,web,176.98
736581,15380,2025-08-08,delivered,web,256.83
598170,44659,2025-10-17,delivered,web,163.85
922022,22748,2025-12-08,delivered,mobile_app,336.98
873481,49034,2025-09-11,delivered,web,131.97
942073,49244,2025-12-02,delivered,mobile_app,242.97
601808,33885,2025-05-20,delivered,web,486.84
821302,24696,2025-12-08,delivered,marketplace,343.96
526931,73913,2025-12-24,cancelled,mobile_app,8.99
550683,33880,2025-07-18,delivered,mobile_app,84.99
830661,70412,2025-11-20,delivered,web,17.98
789029,32683,2025-11-16,delivered,mobile_app,447.2
512310,57107,2025-05-07,delivered,mobile_app,365.74
792740,49493,2025-05-21,delivered,web,30.49
622177,60349,2025-05-07,delivered,web,320.46
789874,35722,2025-03-11,delivered,web,35.95
926814,35651,2025-04-22,delivered,mobile_app,93.93
533078,76358,2025-01-28,delivered,web,557.77
659731,81234,2025-11-13,delivered,marketplace,105.98
811869,72974,2025-01-25,delivered,web,83.91
992311,67281,2025-01-21,delivered,marketplace,75.8
871822,42875,2025-03-23,delivered,marketplace,30.99
930494,24965,2025-02-26,delivered,mobile_app,457.68
930779,43406,2025-11-13,delivered,web,533.85
704883,66444,2025-05-01,delivered,mobile_app,86.47
564276,24049,2025-12-17,delivered,mobile_app,211.44
985994,57918,2025-09-16,processing,mobile_app,82.99
531168,81011,2025-01-10,shipped,mobile_app,30.95
782593,33350,2025-07-01,delivered,mobile_app,765.97
572389,60032,2025-10-06,delivered,mobile_app,103.84
512018,87938,2025-09-03,delivered,mobile_app,415.94
897595,13247,2025-11-04,delivered,web,539.94
778135,13262,2025-08-27,delivered,marketplace,28.99
910805,29666,2025-03-04,cancelled,mobile_app,680.98
549794,64682,2025-06-07,delivered,web,236.94
676539,41004,2025-05-13,shipped,mobile_app,255.96
720396,54086,2025-01-24,delivered,mobile_app,342.95
665177,99286,2025-10-24,delivered,mobile_app,323.39
990873,82716,2025-04-02,delivered,mobile_app,311.34
964306,20399,2025-12-27,delivered,marketplace,248.43
555580,56354,2025-05-06,delivered,mobile_app,23.9
880148,47151,2025-01-11,delivered,web,224.0
696117,77999,2025-05-25,delivered,mobile_app,34.95
839813,32907,2025-04-04,delivered,web,325.94
885921,39866,2025-12-15,delivered,web,111.0
917551,89257,2025-07-20,delivered,web,266.96
887587,25589,2025-05-08,delivered,mobile_app,290.91
887110,62612,2025-05-10,delivered,mobile_app,54.48
981839,78087,2025-12-15,processing,web,45.99
796790,13302,2025-12-08,shipped,mobile_app,247.28
744346,16299,2025-08-15,delivered,mobile_app,686.51
606505,92291,2025-03-20,shipped,mobile_app,173.9
859561,17067,2025-08-03,returned,web,31.99
831397,81964,2025-11-04,delivered,mobile_app,305.43
756973,65728,2025-06-18,delivered,web,224.71
966146,58045,2025-09-17,delivered,mobile_app,261.98
516551,23493,2025-11-27,delivered,web,62.99
749502,82546,2025-12-13,delivered,web,455.74
568323,20307,2025-12-05,delivered,marketplace,296.89
930023,77235,2025-09-07,delivered,web,146.94
853240,50644,2025-10-05,delivered,web,286.86
746992,22624,2025-01-28,delivered,web,310.98
579967,45932,2025-05-13,delivered,marketplace,45.99
627040,36535,2025-08-13,delivered,mobile_app,221.96
971804,86576,2025-07-19,processing,mobile_app,293.45
898231,81886,2025-09-15,delivered,web,75.96
786550,99234,2025-12-06,delivered,marketplace,425.95
753499,17374,2025-11-03,delivered,mobile_app,219.96
919252,70796,2025-01-02,delivered,web,135.79
803452,93023,2025-09-24,delivered,web,40.94
500831,21751,2025-06-23,delivered,mobile_app,156.45
969223,53951,2025-12-16,delivered,mobile_app,376.93
888565,83047,2025-09-06,delivered,mobile_app,458.94
995303,97994,2025-03-02,shipped,web,312.96
592920,69948,2025-10-01,delivered,web,282.94
970040,83441,2025-08-19,delivered,web,294.83
999713,68365,2025-12-21,delivered,web,131.44
500433,81674,2025-11-25,delivered,web,297.87
590145,14753,2025-12-21,cancelled,marketplace,527.71
873566,11751,2025-04-04,delivered,web,719.97
642125,88423,2025-12-14,delivered,mobile_app,236.93
712336,22154,2025-02-02,returned,web,42.0
534583,88564,2025-11-22,delivered,web,233.92
822218,75947,2025-05-01,returned,mobile_app,226.94
707120,31559,2025-11-08,delivered,web,307.89
554020,73839,2025-04-27,cancelled,web,473.8
980319,25041,2025-09-07,cancelled,mobile_app,278.35
747982,51192,2025-02-02,delivered,web,109.93
595341,32490,2025-04-21,delivered,web,510.38
926374,86782,2025-05-14,delivered,marketplace,873.89
571413,63882,2025-09-08,delivered,mobile_app,30.95
910561,89442,2025-01-21,delivered,mobile_app,212.71
561323,43038,2025-04-13,delivered,web,232.25
649312,95169,2025-03-25,delivered,mobile_app,142.89
911917,86365,2025-07-19,returned,mobile_app,412.96
667819,47037,2025-03-10,returned,web,379.87
753878,41802,2025-06-15,processing,mobile_app,241.94
641446,55279,2025-04-13,delivered,mobile_app,131.43
838638,34277,2025-10-10,delivered,mobile_app,281.89
604568,53542,2025-01-27,delivered,web,117.98
794434,79152,2025-01-12,returned,marketplace,36.47
675842,69077,2025-07-13,delivered,mobile_app,155.95
564953,17736,2025-03-21,delivered,web,199.47
504993,34668,2025-04-20,delivered,mobile_app,237.45
728986,32479,2025-05-19,delivered,web,698.93
657729,51085,2025-10-22,delivered,mobile_app,99.98
713259,97444,2025-12-03,cancelled,mobile_app,213.41
855379,17611,2025-02-23,delivered,marketplace,219.9
677946,46737,2025-12-14,delivered,web,336.94
987207,31559,2025-12-05,delivered,web,119.96
912177,60621,2025-11-28,delivered,marketplace,79.99
873154,48861,2025-08-06,shipped,web,444.44
692384,59678,2025-04-24,returned,web,83.96
803863,60032,2025-08-07,processing,web,52.99
803260,93845,2025-06-27,delivered,web,143.98
504659,22597,2025-06-22,shipped,mobile_app,42.0
882348,97643,2025-02-06,shipped,mobile_app,273.75
711309,74442,2025-12-16,delivered,mobile_app,697.7
909596,86189,2025-09-24,delivered,marketplace,161.99
628541,79673,2025-05-22,delivered,web,445.93
818225,16519,2025-10-13,delivered,web,362.4
909293,55898,2025-09-12,delivered,web,98.43
606406,33940,2025-11-17,delivered,web,25.9
862254,74555,2025-08-20,delivered,mobile_app,22.99
688050,15674,2025-12-21,shipped,web,425.73
941198,24638,2025-08-11,delivered,marketplace,120.74
552756,16270,2025-03-22,delivered,web,224.97
843977,92843,2025-09-23,delivered,web,201.42
550557,57925,2025-06-24,delivered,marketplace,54.99
571029,66975,2025-08-16,delivered,marketplace,452.85
954858,84776,2025-06-26,delivered,mobile_app,110.42
643237,78192,2025-12-09,delivered,web,166.83
677621,79902,2025-01-02,delivered,marketplace,693.87
709743,70094,2025-05-17,delivered,web,172.84
671115,67382,2025-12-13,delivered,marketplace,132.96
726544,63309,2025-09-20,delivered,marketplace,246.97
908669,71983,2025-03-21,delivered,web,59.84
678347,51670,2025-05-08,delivered,mobile_app,86.97
760727,42995,2025-02-17,delivered,web,281.78
999606,88587,2025-10-05,delivered,web,95.95
649591,40448,2025-04-16,delivered,web,303.83
662069,36592,2025-10-23,delivered,mobile_app,42.99
510108,35076,2025-07-04,shipped,web,206.88
664967,83769,2025-08-01,delivered,mobile_app,36.49
990333,52091,2025-07-12,shipped,web,396.93
735561,80147,2025-05-22,shipped,mobile_app,140.98
528385,88088,2025-10-19,delivered,mobile_app,610.4
762449,19363,2025-01-23,cancelled,mobile_app,326.97
657883,34066,2025-12-02,processing,mobile_app,45.99
627021,66313,2025-02-04,delivered,web,209.22
502831,65886,2025-06-27,delivered,web,148.89
930517,86732,2025-11-05,delivered,web,857.19
647582,16008,2025-09-16,delivered,web,282.92
870868,40448,2025-12-19,shipped,web,158.97
682104,43103,2025-11-13,delivered,web,51.98
702049,98012,2025-09-09,delivered,marketplace,471.46
879574,67895,2025-04-02,shipped,web,43.93
793405,62960,2025-01-24,delivered,mobile_app,61.94
834649,25041,2025-11-20,delivered,mobile_app,192.6
955123,51811,2025-10-24,delivered,mobile_app,333.85
586774,97546,2025-10-16,delivered,marketplace,672.95
972240,71446,2025-05-14,delivered,marketplace,83.96
973827,44410,2025-07-20,delivered,mobile_app,345.87
906991,35953,2025-02-25,cancelled,mobile_app,738.93
692376,74584,2025-02-26,delivered,marketplace,284.94
992165,22700,2025-12-20,delivered,web,213.43
727432,61693,2025-07-12,delivered,mobile_app,136.46
506116,83394,2025-04-06,delivered,mobile_app,190.99
525160,46567,2025-01-25,delivered,web,256.48
911672,97643,2025-03-21,delivered,web,131.96
876746,49896,2025-08-15,delivered,web,211.42
697142,12407,2025-04-28,cancelled,mobile_app,669.56
837237,24638,2025-10-28,delivered,mobile_app,52.99
561893,12047,2025-01-19,shipped,web,297.77
636443,91399,2025-04-18,shipped,mobile_app,73.47
986545,75960,2025-09-05,shipped,marketplace,130.46
906317,65352,2025-02-13,delivered,web,272.89
714076,85217,2025-08-12,delivered,mobile_app,164.93
822730,17634,2025-08-13,cancelled,web,191.8
750221,34088,2025-11-09,delivered,web,278.91
831319,84627,2025-11-14,delivered,mobile_app,745.97
504478,38933,2025-04-12,delivered,mobile_app,530.82
905120,66313,2025-09-04,returned,mobile_app,241.97
872948,85088,2025-10-02,delivered,mobile_app,338.87
693631,89554,2025-11-11,delivered,mobile_app,47.97
799521,53951,2025-10-07,delivered,web,1123.25
575630,69582,2025-10-02,delivered,mobile_app,175.78
594166,21547,2025-09-15,delivered,web,548.22
806146,20862,2025-02-05,delivered,web,20.99
891379,97324,2025-11-03,shipped,web,186.99
522167,55690,2025-06-16,delivered,marketplace,54.98
535117,82340,2025-03-02,delivered,marketplace,161.9
946630,42995,2025-03-26,delivered,web,182.99
967223,73570,2025-03-07,delivered,web,210.96
923729,78715,2025-12-22,delivered,web,10.99
772633,83404,2025-04-25,cancelled,mobile_app,87.9
845849,77493,2025-03-07,processing,web,371.9
724751,76188,2025-04-22,delivered,mobile_app,507.95
742329,10430,2025-06-03,cancelled,web,342.84
680878,74510,2025-12-10,processing,web,151.98
946335,77902,2025-04-18,delivered,mobile_app,68.97
756000,39502,2025-10-07,delivered,mobile_app,164.93
892212,58121,2025-12-22,delivered,web,108.49
813294,60670,2025-06-14,cancelled,web,316.74
710461,16511,2025-10-26,delivered,web,49.99
832463,30786,2025-03-07,delivered,mobile_app,100.93
822049,28151,2025-12-17,delivered,mobile_app,342.66
603828,41622,2025-12-01,delivered,web,47.95
558321,48762,2025-04-17,delivered,web,471.9
853619,52944,2025-06-02,delivered,web,225.37
682437,65209,2025-01-20,delivered,mobile_app,18.99
887127,53263,2025-11-16,delivered,web,287.96
775899,15380,2025-07-14,delivered,marketplace,92.95
865343,60235,2025-10-06,shipped,web,377.47
640546,11507,2025-12-07,delivered,mobile_app,122.73
766767,22154,2025-12-04,delivered,mobile_app,336.91
713754,47710,2025-08-04,delivered,mobile_app,257.83
985649,20915,2025-11-12,delivered,web,14.95
919387,74533,2025-10-26,cancelled,web,225.85
926252,76771,2025-12-07,cancelled,web,123.99
689546,63882,2025-05-12,delivered,mobile_app,321.46
603938,15380,2025-01-13,delivered,mobile_app,163.88
654791,83932,2025-09-09,delivered,marketplace,1555.5
971298,55279,2025-08-12,cancelled,web,41.99
762628,23297,2025-10-26,delivered,mobile_app,147.71
769415,11179,2025-09-11,shipped,web,20.99
503903,41796,2025-10-07,delivered,web,74.99
542335,10582,2025-12-08,cancelled,web,269.9
681684,30372,2025-03-10,delivered,web,31.94
539842,80741,2025-11-24,delivered,mobile_app,132.87
627459,20889,2025-03-19,delivered,web,148.84
852972,71175,2025-09-23,shipped,web,197.45
867863,68024,2025-09-17,delivered,mobile_app,35.99
704034,34474,2025-10-25,returned,web,158.68
684781,54086,2025-01-10,returned,mobile_app,371.34
541903,86567,2025-01-06,delivered,marketplace,309.96
532317,16008,2025-11-23,delivered,web,22.99
839183,30786,2025-06-24,delivered,mobile_app,53.98
614022,61189,2025-11-06,delivered,mobile_app,526.33
604975,94654,2025-01-09,processing,mobile_app,535.79
625083,96755,2025-06-01,delivered,mobile_app,94.44
595774,78271,2025-10-27,returned,web,139.48
767137,61189,2025-06-25,delivered,web,75.94
669951,34083,2025-07-02,delivered,web,20.99
815963,74030,2025-12-02,returned,web,416.92
804965,34044,2025-03-02,delivered,web,22.98
765773,34508,2025-09-05,delivered,marketplace,14.99
712148,78078,2025-11-13,delivered,mobile_app,211.42
526178,84418,2025-11-16,delivered,web,180.99
630010,73504,2025-06-04,delivered,web,79.96
933652,22700,2025-11-10,delivered,mobile_app,113.96
837988,65886,2025-02-26,delivered,marketplace,171.99
807197,87197,2025-07-06,delivered,mobile_app,278.89
557552,76255,2025-06-11,delivered,web,400.31
726941,88028,2025-11-17,delivered,web,309.92
723386,25460,2025-12-06,delivered,web,59.48
699622,10985,2025-06-25,delivered,marketplace,53.39
516278,83394,2025-01-26,delivered,web,78.94
754422,40590,2025-02-23,delivered,web,175.96
827602,39097,2025-01-20,delivered,mobile_app,101.9
948973,26767,2025-04-09,processing,web,227.44
588763,64494,2025-04-12,delivered,web,43.47
752400,41529,2025-03-09,delivered,mobile_app,145.42
853872,48612,2025-05-04,shipped,web,100.82
942562,96539,2025-07-26,delivered,mobile_app,258.42
985753,67764,2025-09-07,delivered,web,26.99
542091,38933,2025-06-25,delivered,web,470.97
711072,59183,2025-10-13,delivered,web,40.99
754176,51835,2025-09-06,delivered,mobile_app,388.0
801930,97262,2025-12-16,delivered,mobile_app,522.95
890130,63781,2025-05-25,delivered,web,267.96
947145,67895,2025-06-28,cancelled,web,604.88
926602,34066,2025-06-21,delivered,web,132.96
952111,80139,2025-09-05,delivered,mobile_app,559.0
932317,35852,2025-04-28,returned,mobile_app,278.76
951971,86818,2025-10-24,delivered,web,972.41
820409,47345,2025-04-10,delivered,mobile_app,187.96
679782,67676,2025-12-18,cancelled,mobile_app,169.95
825029,21065,2025-02-01,delivered,mobile_app,273.7
725797,69582,2025-10-17,delivered,web,277.97
728151,26223,2025-10-27,delivered,marketplace,572.97
703403,25291,2025-06-27,delivered,marketplace,344.45
868386,41231,2025-08-24,delivered,marketplace,16.0
531337,40448,2025-09-04,delivered,mobile_app,1030.77
894950,13643,2025-04-16,delivered,web,171.95
855350,61693,2025-03-28,delivered,web,25.98
841899,15952,2025-01-22,delivered,mobile_app,455.96
821690,26223,2025-10-21,shipped,web,530.7
985140,20862,2025-12-26,delivered,mobile_app,144.94
784154,99817,2025-12-10,delivered,marketplace,46.99
502148,47321,2025-11-23,delivered,mobile_app,335.98
512550,37839,2025-07-21,delivered,web,591.72
701168,95983,2025-11-21,cancelled,web,192.75
546530,77037,2025-07-05,shipped,mobile_app,80.98
796184,94213,2025-10-24,delivered,web,265.99
588211,65759,2025-11-27,delivered,web,62.92
957935,25631,2025-12-16,shipped,mobile_app,403.83
810444,34231,2025-07-20,delivered,mobile_app,94.89
732539,87530,2025-06-25,cancelled,mobile_app,7.95
874033,40198,2025-07-28,delivered,web,10.99
609823,89657,2025-09-11,delivered,mobile_app,95.94
543462,37962,2025-09-27,delivered,web,11.49
876148,29678,2025-05-03,delivered,marketplace,333.83
709682,92012,2025-02-24,delivered,mobile_app,29.94
884784,90427,2025-09-07,delivered,mobile_app,253.91
993131,79139,2025-09-02,returned,mobile_app,152.95
536130,31559,2025-05-19,processing,web,801.79
897872,41802,2025-12-01,delivered,web,270.94
963920,71027,2025-04-19,delivered,web,153.96
837025,28913,2025-07-27,delivered,mobile_app,14.94
985471,45879,2025-11-21,delivered,web,281.44
970713,45754,2025-09-14,delivered,web,231.92
797417,87197,2025-06-10,cancelled,mobile_app,177.9
693493,31559,2025-12-27,shipped,marketplace,349.87
883411,85558,2025-12-16,shipped,mobile_app,77.98
604833,29678,2025-06-18,shipped,web,208.94
662478,23493,2025-11-08,delivered,web,117.91
503152,42946,2025-10-18,delivered,mobile_app,198.96
638834,15707,2025-05-21,delivered,web,449.96
978990,29964,2025-04-21,delivered,mobile_app,500.73
901503,45756,2025-11-09,delivered,web,1222.86
769274,90528,2025-06-26,returned,web,254.34
539060,69308,2025-02-08,delivered,mobile_app,35.95
736597,13262,2025-11-01,delivered,web,376.98
699000,39097,2025-10-11,delivered,marketplace,16.0
612426,37888,2025-11-08,delivered,web,129.92
741353,16270,2025-12-20,delivered,web,402.46
989012,93845,2025-04-25,delivered,mobile_app,47.99
817466,63767,2025-11-27,delivered,mobile_app,141.96
643060,52944,2025-04-15,cancelled,web,484.83
686504,61415,2025-09-24,delivered,mobile_app,396.8
749643,15380,2025-09-01,delivered,web,311.91
819895,63427,2025-05-22,returned,marketplace,296.94
854218,26216,2025-06-18,delivered,marketplace,153.96
842763,45903,2025-12-02,delivered,web,293.74
579163,27341,2025-01-28,delivered,mobile_app,849.69
751626,55826,2025-12-26,delivered,mobile_app,347.42
690122,26216,2025-12-03,delivered,mobile_app,146.98
822689,46965,2025-12-19,delivered,mobile_app,340.95
879254,81911,2025-12-13,delivered,web,207.9
896696,65476,2025-05-06,cancelled,web,277.98
744636,98142,2025-01-11,delivered,web,167.43
561730,58138,2025-05-12,delivered,mobile_app,260.98
815995,89852,2025-11-19,delivered,mobile_app,10.99
805572,15593,2025-12-24,delivered,web,191.94
831733,96279,2025-12-16,delivered,mobile_app,55.99
641097,31565,2025-12-22,delivered,mobile_app,182.99
620679,20559,2025-09-27,delivered,mobile_app,26.97
644058,61569,2025-02-08,delivered,web,452.93
981151,94292,2025-11-06,processing,marketplace,232.46
578339,22964,2025-05-27,delivered,mobile_app,91.89
781973,23192,2025-01-12,delivered,mobile_app,625.9
700638,38443,2025-03-25,returned,web,411.86
582339,12567,2025-11-14,returned,web,427.92
683428,27326,2025-11-21,delivered,mobile_app,442.62
838103,29206,2025-06-11,delivered,mobile_app,399.41
708651,23818,2025-10-02,delivered,marketplace,324.95
715160,97643,2025-03-04,delivered,web,202.93
865530,21751,2025-04-03,shipped,web,69.99
958765,98589,2025-10-20,delivered,web,355.89
916997,82151,2025-10-16,delivered,mobile_app,45.48
701914,72862,2025-05-02,returned,mobile_app,552.92
808762,50375,2025-12-27,returned,web,62.99
811726,97392,2025-07-20,shipped,mobile_app,338.84
967490,45903,2025-09-15,delivered,mobile_app,531.96
979577,64494,2025-11-06,delivered,web,359.82
690906,34066,2025-12-27,delivered,mobile_app,490.89
663732,46549,2025-01-24,delivered,web,95.9
998205,75455,2025-11-22,delivered,marketplace,254.96
682549,50541,2025-12-11,delivered,mobile_app,32.99
623453,92807,2025-03-26,delivered,web,274.39
904475,24600,2025-02-20,shipped,web,156.99
919335,61129,2025-11-08,shipped,web,414.73
639596,63662,2025-07-15,delivered,mobile_app,55.99
616588,41231,2025-06-03,cancelled,web,344.74
591389,21308,2025-01-08,delivered,mobile_app,137.97
705690,71149,2025-08-19,delivered,web,118.96
643044,68260,2025-12-22,processing,mobile_app,195.95
927850,91399,2025-02-14,delivered,marketplace,21.95
623758,58874,2025-10-09,delivered,mobile_app,424.86
630188,95486,2025-08-01,delivered,web,56.95
706660,39804,2025-12-15,delivered,mobile_app,224.49
967507,91378,2025-09-26,delivered,web,109.93
597632,73673,2025-09-21,delivered,web,527.87
521830,34568,2025-09-12,delivered,web,48.96
526968,58045,2025-01-06,delivered,web,43.44
690534,63456,2025-02-21,delivered,web,162.88
595446,35076,2025-07-09,delivered,mobile_app,18.49
573365,51702,2025-08-02,cancelled,mobile_app,197.88
646292,21308,2025-05-15,delivered,mobile_app,65.98
628569,84599,2025-09-07,cancelled,web,158.9
745758,74555,2025-02-02,delivered,web,107.0
826803,91211,2025-07-24,delivered,web,55.99
566283,48584,2025-06-16,delivered,mobile_app,160.83
919278,11811,2025-11-12,delivered,web,340.97
514859,34651,2025-08-03,delivered,mobile_app,192.84
651867,80252,2025-10-18,delivered,mobile_app,320.96
799384,19337,2025-01-28,cancelled,web,108.88
500417,59979,2025-01-26,delivered,web,98.97
531146,60181,2025-01-19,delivered,web,39.99
634975,30472,2025-08-13,delivered,mobile_app,931.3
979487,29794,2025-06-15,delivered,web,33.99
529943,53960,2025-03-16,processing,web,162.34
695152,59678,2025-12-10,delivered,web,155.4
614196,17439,2025-09-11,returned,web,206.92
749053,58432,2025-09-12,processing,web,22.99
750186,57550,2025-06-11,delivered,mobile_app,98.99
590847,23747,2025-09-21,delivered,web,170.86
944184,71912,2025-02-19,delivered,web,441.69
995372,50943,2025-09-15,delivered,mobile_app,122.94
869463,74423,2025-03-07,delivered,web,65.43
989658,21792,2025-07-03,delivered,mobile_app,244.95
672136,58045,2025-12-01,cancelled,web,1765.0
980379,37079,2025-11-22,shipped,web,94.46
586390,24363,2025-03-06,delivered,web,70.99
652235,67218,2025-06-13,delivered,web,242.94
863948,98998,2025-09-19,delivered,mobile_app,628.79
754655,99358,2025-05-25,delivered,web,78.98
578511,17611,2025-08-11,shipped,mobile_app,957.77
746136,86658,2025-10-12,delivered,marketplace,301.42
726288,79078,2025-01-11,delivered,web,252.88
701456,42278,2025-11-23,returned,mobile_app,301.44
850964,18457,2025-03-25,delivered,mobile_app,940.85
582922,71027,2025-11-06,shipped,mobile_app,1285.25
706619,91621,2025-12-12,delivered,web,187.94
528374,77912,2025-04-19,returned,marketplace,30.49
952100,58874,2025-03-19,delivered,mobile_app,131.92
688597,10430,2025-04-11,delivered,web,32.0
729996,24049,2025-09-26,delivered,mobile_app,266.92
819387,50777,2025-07-20,delivered,web,191.98
507523,68737,2025-12-06,delivered,mobile_app,86.93
645777,37962,2025-12-14,delivered,marketplace,99.95
793635,65886,2025-09-07,cancelled,mobile_app,103.91
838615,18421,2025-12-20,delivered,web,254.26
685457,64035,2025-11-10,delivered,marketplace,372.94
695136,53542,2025-10-25,cancelled,mobile_app,87.74
930742,25279,2025-03-25,delivered,mobile_app,171.99
811293,84182,2025-11-01,delivered,mobile_app,100.92
690856,52192,2025-06-19,delivered,web,62.99
733687,22507,2025-07-06,delivered,mobile_app,184.94
883605,95486,2025-08-01,delivered,mobile_app,150.38
759673,26219,2025-07-19,shipped,mobile_app,834.26
992515,98981,2025-08-02,delivered,mobile_app,404.85
881147,66751,2025-10-06,delivered,mobile_app,861.71
747301,24478,2025-10-11,delivered,mobile_app,644.15
802068,21308,2025-01-18,returned,web,352.94
745213,21476,2025-06-14,processing,mobile_app,143.43
506951,10786,2025-05-09,delivered,mobile_app,358.97
842378,20941,2025-11-28,delivered,web,80.97
613850,13309,2025-09-25,delivered,mobile_app,1178.52
797026,91378,2025-06-13,cancelled,web,33.49
766303,52697,2025-12-09,delivered,mobile_app,8.99
514067,30521,2025-03-09,returned,web,122.9
883101,21470,2025-11-06,delivered,web,144.98
857185,89182,2025-10-03,delivered,mobile_app,162.91
861514,96539,2025-02-26,delivered,web,110.98
684635,58629,2025-11-05,delivered,mobile_app,194.81
642692,25631,2025-10-18,delivered,mobile_app,93.9
746991,52814,2025-04-13,delivered,mobile_app,169.46
910737,75116,2025-06-22,delivered,marketplace,327.84
586395,66835,2025-09-11,delivered,mobile_app,871.75
972828,91498,2025-01-24,processing,mobile_app,44.49
625639,77037,2025-11-05,delivered,web,444.92
509077,93241,2025-05-06,delivered,mobile_app,340.8
534653,77095,2025-05-20,delivered,web,1111.67
589729,71983,2025-03-25,shipped,web,59.99
721052,58213,2025-11-24,delivered,web,107.95
507384,69588,2025-12-18,delivered,web,414.9
707434,37743,2025-12-03,delivered,mobile_app,99.99
619723,85558,2025-08-12,delivered,mobile_app,275.65
925949,85088,2025-12-06,delivered,mobile_app,150.87
665595,78684,2025-04-19,delivered,web,313.95
647176,79873,2025-03-26,delivered,web,409.93
795277,55929,2025-12-15,delivered,mobile_app,352.47
676115,50229,2025-10-11,delivered,web,62.99
887304,20307,2025-04-09,delivered,marketplace,65.94
559768,67550,2025-12-08,shipped,web,591.95
715323,41130,2025-01-06,returned,marketplace,11.98
844347,96279,2025-07-10,cancelled,web,47.99
712388,48566,2025-03-01,cancelled,web,229.84
771136,21401,2025-12-18,returned,mobile_app,26.99
755403,64494,2025-03-24,delivered,mobile_app,115.98
740619,81886,2025-10-08,delivered,mobile_app,20.99
904233,50706,2025-09-03,delivered,mobile_app,76.96
704474,60968,2025-11-17,shipped,mobile_app,178.99
748426,63528,2025-10-16,delivered,web,177.95
644647,85062,2025-09-10,delivered,marketplace,217.94
953900,92515,2025-09-13,shipped,mobile_app,82.91
718505,50244,2025-05-08,delivered,web,262.91
675079,49133,2025-02-22,delivered,marketplace,76.94
685544,85268,2025-06-09,delivered,web,11.98
644847,23571,2025-03-28,delivered,mobile_app,188.88
995641,25934,2025-10-14,delivered,marketplace,440.94
977435,47838,2025-11-20,delivered,web,595.87
583157,33880,2025-11-02,delivered,mobile_app,1752.58
736626,89554,2025-01-26,delivered,mobile_app,171.42
600760,93687,2025-07-27,delivered,web,196.0
919701,74555,2025-08-14,delivered,marketplace,205.81
568382,21476,2025-06-26,delivered,marketplace,40.95
674671,86640,2025-05-24,delivered,web,195.96
857663,76107,2025-12-17,delivered,web,155.99
829666,70796,2025-05-25,delivered,mobile_app,876.6
828701,49929,2025-03-23,delivered,marketplace,49.98
584555,83342,2025-06-17,delivered,web,68.99
837253,34927,2025-01-20,delivered,web,402.85
556713,88996,2025-06-20,delivered,mobile_app,359.82
684145,58862,2025-06-24,delivered,marketplace,266.99
918696,37962,2025-11-14,delivered,web,31.94
839433,37954,2025-09-05,delivered,web,134.89
666501,91632,2025-01-13,delivered,web,50.0
877284,22365,2025-01-09,delivered,marketplace,575.77
777536,51670,2025-12-21,delivered,web,189.98
868495,38537,2025-10-04,delivered,mobile_app,250.92
701746,59315,2025-05-06,shipped,web,788.43
545543,88432,2025-04-02,delivered,web,129.91
567581,53321,2025-10-28,delivered,mobile_app,332.94
706113,44536,2025-05-22,processing,marketplace,440.82
526732,63737,2025-09-14,delivered,web,471.8
772728,71939,2025-03-01,delivered,web,526.92
986038,20559,2025-01-02,delivered,mobile_app,125.9
670974,16126,2025-12-05,shipped,mobile_app,104.95
722723,15380,2025-10-07,cancelled,web,270.46
614186,36590,2025-11-15,delivered,marketplace,432.16
752073,20941,2025-01-09,delivered,mobile_app,880.88
505133,73570,2025-01-18,delivered,web,172.32
828642,24500,2025-09-28,delivered,mobile_app,143.96
614750,43515,2025-11-03,delivered,mobile_app,328.94
806353,34746,2025-01-19,delivered,web,394.94
912567,21508,2025-08-21,delivered,web,23.98
533524,11751,2025-04-17,delivered,web,44.49
500389,17634,2025-01-15,delivered,web,515.96
650057,41231,2025-03-07,delivered,web,190.43
591499,34044,2025-02-25,returned,mobile_app,118.89
564587,58897,2025-09-07,delivered,web,45.99
847493,90734,2025-03-03,shipped,web,273.88
949441,49763,2025-11-13,shipped,web,318.83
758048,82997,2025-04-04,delivered,mobile_app,1753.23
961743,34058,2025-06-09,delivered,web,100.79
758553,24141,2025-10-08,cancelled,web,53.98
508521,25069,2025-11-19,delivered,mobile_app,127.95
581836,23267,2025-03-12,delivered,mobile_app,83.98
861774,90807,2025-12-27,cancelled,web,39.95
803576,11682,2025-03-12,returned,web,137.98
718542,26926,2025-08-27,delivered,marketplace,45.89
732295,72974,2025-09-11,delivered,mobile_app,149.88
532263,43330,2025-08-02,cancelled,mobile_app,168.85
562313,46769,2025-11-06,delivered,web,208.94
777087,65209,2025-05-14,cancelled,mobile_app,59.99
960319,97897,2025-05-24,delivered,web,133.94
933716,30343,2025-11-13,delivered,web,148.97
795895,69977,2025-10-04,cancelled,mobile_app,105.95
550454,96287,2025-12-16,delivered,marketplace,23.9
660279,13005,2025-04-06,shipped,web,373.44
516697,27704,2025-12-16,cancelled,web,45.44
625984,57550,2025-07-22,delivered,web,296.63
814937,46567,2025-12-27,delivered,mobile_app,58.99
564818,52038,2025-07-20,delivered,web,530.84
575957,55279,2025-07-02,delivered,mobile_app,104.75
658852,37079,2025-02-20,delivered,marketplace,115.79
839446,85182,2025-12-17,returned,web,1956.93
662826,90173,2025-07-16,delivered,web,35.96
688161,31534,2025-09-09,shipped,web,51.98
524607,88600,2025-11-01,delivered,web,350.97
804747,17736,2025-10-13,delivered,web,231.83
806074,74501,2025-08-06,processing,mobile_app,929.84
951086,89358,2025-05-10,delivered,web,67.8
649197,51241,2025-08-03,delivered,mobile_app,620.3
807199,80493,2025-08-22,delivered,web,14.99
565966,48795,2025-08-10,cancelled,mobile_app,359.95
841995,17655,2025-05-05,delivered,web,549.8
904329,58045,2025-11-23,delivered,mobile_app,95.98
916952,81620,2025-11-24,delivered,web,387.95
532404,78088,2025-06-11,delivered,web,188.93
718992,28276,2025-09-10,delivered,mobile_app,165.43
879162,47191,2025-06-22,delivered,mobile_app,741.87
721486,73777,2025-04-24,cancelled,mobile_app,546.93
908417,79526,2025-11-21,delivered,mobile_app,206.99
610326,52091,2025-04-11,shipped,web,139.35
844167,91804,2025-11-21,delivered,web,201.96
502192,14781,2025-03-12,delivered,web,284.97
875391,20453,2025-02-19,delivered,web,406.67
896968,11378,2025-11-13,delivered,mobile_app,337.92
778405,79114,2025-09-21,processing,web,347.83
828897,82151,2025-03-07,delivered,web,382.81
834192,31534,2025-05-17,shipped,web,1000.97
969318,44149,2025-11-01,delivered,mobile_app,650.96
679086,65661,2025-11-15,shipped,marketplace,41.98
853592,23493,2025-09-04,delivered,web,119.96
745247,75913,2025-08-14,delivered,web,34.95
893288,66751,2025-01-03,delivered,web,42.99
596955,34066,2025-11-02,returned,web,166.48
911446,85268,2025-02-14,delivered,mobile_app,104.94
581722,27665,2025-04-17,delivered,web,179.98
981850,77071,2025-10-08,delivered,web,932.95
766918,54576,2025-12-02,delivered,mobile_app,156.89
543811,48992,2025-09-16,delivered,web,440.19
714459,54451,2025-03-22,delivered,mobile_app,124.94
820013,86668,2025-05-06,delivered,marketplace,62.95
567764,75347,2025-03-22,delivered,web,136.97
968638,10362,2025-10-08,delivered,web,309.92
551507,93744,2025-02-26,delivered,web,347.44
580679,77493,2025-08-02,shipped,web,1403.8
735039,98137,2025-03-09,delivered,marketplace,31.95
898554,45294,2025-05-03,delivered,mobile_app,283.28
534364,31559,2025-02-20,delivered,mobile_app,34.95
597631,35076,2025-09-20,delivered,marketplace,49.9
677554,96279,2025-07-18,delivered,web,470.78
909568,65476,2025-05-15,delivered,mobile_app,274.97
971071,73810,2025-06-14,delivered,web,643.77
610301,81395,2025-09-11,delivered,mobile_app,63.97
801826,13801,2025-04-19,delivered,mobile_app,171.91
626145,84869,2025-03-11,cancelled,mobile_app,863.93
751684,42992,2025-07-22,delivered,mobile_app,67.92
654763,11935,2025-12-11,processing,web,320.92
787635,20862,2025-10-03,processing,web,67.48
827126,97889,2025-05-11,delivered,mobile_app,192.98
721923,42995,2025-03-01,delivered,mobile_app,1094.95
984211,34066,2025-11-07,processing,mobile_app,242.97
706056,27440,2025-07-17,shipped,marketplace,65.85
933160,93989,2025-01-10,delivered,web,63.95
972701,29307,2025-12-27,shipped,web,150.48
512151,36561,2025-04-07,delivered,web,225.92
761016,26788,2025-06-17,delivered,web,5.99
521584,53754,2025-10-27,delivered,mobile_app,74.97
701925,17611,2025-11-16,delivered,web,58.99
946614,89813,2025-11-11,delivered,web,8.99
803272,55826,2025-12-01,cancelled,mobile_app,137.9
832020,41529,2025-11-17,delivered,mobile_app,397.96
738834,80903,2025-04-08,delivered,web,211.83
612732,90734,2025-10-03,delivered,mobile_app,697.92
583019,74354,2025-11-13,delivered,mobile_app,473.67
755072,44021,2025-04-23,processing,marketplace,467.87
804173,43013,2025-08-16,delivered,mobile_app,112.81
812074,16126,2025-12-07,delivered,mobile_app,225.89
846766,21751,2025-05-17,delivered,mobile_app,90.89
907721,61358,2025-07-14,delivered,web,154.94
760285,95192,2025-11-14,delivered,web,211.43
987802,50613,2025-11-18,delivered,web,311.96
746433,12573,2025-12-08,delivered,mobile_app,901.37
906047,10664,2025-05-22,delivered,mobile_app,618.37
977720,83769,2025-07-21,delivered,web,985.81
639631,29404,2025-09-23,delivered,web,831.87
822697,80903,2025-12-17,delivered,web,876.45
613506,48481,2025-12-01,delivered,web,26.99
822594,29206,2025-10-14,shipped,marketplace,53.94
824751,12566,2025-06-03,delivered,mobile_app,759.74
501457,74484,2025-11-04,delivered,web,299.77
603632,52901,2025-06-28,cancelled,mobile_app,24.49
967316,45932,2025-05-24,delivered,mobile_app,149.88
769161,91804,2025-01-02,returned,web,1444.79
834878,60950,2025-06-24,cancelled,mobile_app,334.42
613790,74961,2025-12-24,delivered,mobile_app,539.88
715782,74785,2025-10-22,processing,mobile_app,124.91
935896,84164,2025-05-24,delivered,web,25.98
724286,17611,2025-03-09,cancelled,mobile_app,145.44
849079,42444,2025-02-25,processing,web,224.93
643055,76689,2025-07-19,delivered,mobile_app,293.95
933697,52297,2025-05-17,shipped,web,170.96
943469,75960,2025-08-28,delivered,web,101.99
799108,18734,2025-09-28,delivered,marketplace,355.88
897697,91745,2025-07-21,delivered,mobile_app,56.97
677446,39786,2025-11-04,delivered,web,309.9
709925,95801,2025-08-01,delivered,mobile_app,436.94
627106,11751,2025-09-27,delivered,mobile_app,175.98
751001,37079,2025-03-19,cancelled,marketplace,165.8
518633,45283,2025-06-20,delivered,marketplace,285.96
717354,51093,2025-11-13,delivered,web,225.97
520147,99127,2025-10-10,delivered,web,409.34
558240,47838,2025-12-09,returned,mobile_app,486.93
680634,45294,2025-11-25,delivered,marketplace,76.0
662567,61405,2025-08-27,delivered,mobile_app,946.91
588769,74501,2025-07-11,returned,web,504.92
605416,37743,2025-10-26,delivered,mobile_app,313.99
506390,15056,2025-07-04,delivered,mobile_app,95.99
628171,80403,2025-10-24,delivered,mobile_app,945.9
715013,18547,2025-09-03,delivered,mobile_app,145.47
693756,80498,2025-05-06,delivered,web,492.0
842031,72563,2025-12-25,delivered,mobile_app,419.85
632707,60401,2025-05-05,delivered,web,711.86
885275,73274,2025-03-18,shipped,web,48.94
791737,95486,2025-10-10,delivered,mobile_app,128.9
531710,34231,2025-07-09,returned,marketplace,324.7
703820,26788,2025-12-23,cancelled,marketplace,134.84
796002,24019,2025-12-25,delivered,marketplace,154.95
509873,73819,2025-11-14,delivered,marketplace,343.36
594363,37045,2025-10-24,delivered,marketplace,261.76
553932,68737,2025-06-27,delivered,marketplace,165.84
800391,36656,2025-12-03,delivered,web,112.85
603268,77235,2025-01-16,delivered,web,83.96
501235,81234,2025-06-12,returned,web,564.7
554080,97444,2025-12-07,delivered,web,20.99
925022,90528,2025-12-16,delivered,mobile_app,423.95
702578,27266,2025-10-05,delivered,marketplace,88.44
950473,11751,2025-08-22,delivered,web,160.34
908272,98892,2025-05-03,delivered,mobile_app,57.95
824050,95234,2025-10-05,delivered,web,356.71
688994,83394,2025-04-15,cancelled,marketplace,54.98
856569,21508,2025-03-25,shipped,marketplace,324.0
544630,83394,2025-08-09,delivered,web,519.39
520820,97643,2025-11-16,delivered,marketplace,128.74
860786,82938,2025-05-17,delivered,web,177.86
837582,46965,2025-08-17,processing,marketplace,80.94
728091,41622,2025-10-27,delivered,marketplace,220.95
926800,98764,2025-12-02,delivered,web,213.95
641742,50062,2025-09-03,processing,mobile_app,158.89
922544,60032,2025-01-22,delivered,web,40.95
813303,53542,2025-02-18,shipped,mobile_app,110.94
752241,72862,2025-12-18,delivered,marketplace,17.98
812973,21476,2025-10-21,delivered,web,1297.91
520614,58138,2025-12-05,cancelled,web,629.98
949462,83394,2025-12-23,delivered,mobile_app,431.97
941549,66975,2025-07-24,delivered,web,547.81
782416,83404,2025-07-26,delivered,mobile_app,346.93
588207,35240,2025-11-11,shipped,mobile_app,245.97
812906,43543,2025-10-01,delivered,web,383.95
618382,66997,2025-05-08,delivered,mobile_app,679.87
590974,56071,2025-09-21,shipped,marketplace,142.93
697286,22964,2025-03-24,delivered,web,99.89
708779,31880,2025-02-23,delivered,mobile_app,305.97
605902,17634,2025-10-21,delivered,mobile_app,227.97
500023,66997,2025-02-21,delivered,mobile_app,17.98
517051,51035,2025-10-13,delivered,mobile_app,452.93
765459,58121,2025-12-09,delivered,marketplace,149.97
619970,22741,2025-06-27,delivered,mobile_app,424.95
570672,41802,2025-09-13,delivered,web,257.98
981832,22353,2025-12-28,returned,web,119.98
522318,73673,2025-07-02,processing,web,270.95
796087,25279,2025-09-25,delivered,mobile_app,232.98
541763,62179,2025-12-24,returned,marketplace,50.98
682333,77902,2025-11-13,delivered,mobile_app,553.91
892415,61693,2025-06-09,delivered,web,156.39
704601,51452,2025-07-01,shipped,mobile_app,188.85
537953,34508,2025-01-28,delivered,web,480.96
971033,27958,2025-10-10,delivered,marketplace,307.92
956479,40590,2025-04-04,delivered,marketplace,321.95
969857,27446,2025-12-11,delivered,mobile_app,53.98
523346,95684,2025-10-18,delivered,web,348.94
515735,94433,2025-01-18,returned,marketplace,99.75
994754,63456,2025-08-27,processing,web,415.79
776435,97261,2025-09-12,delivered,web,908.91
937267,23030,2025-02-21,delivered,marketplace,143.98
813716,72987,2025-10-14,processing,web,652.7
513079,90734,2025-08-28,delivered,mobile_app,164.0
773864,65622,2025-12-11,delivered,mobile_app,8.95
866662,39640,2025-12-17,delivered,mobile_app,160.91
655272,62179,2025-10-20,delivered,web,597.9
897561,76257,2025-10-10,delivered,web,322.44
682012,53542,2025-12-04,delivered,mobile_app,332.82
959111,84942,2025-10-21,delivered,mobile_app,466.42
625734,81803,2025-08-12,cancelled,marketplace,67.99
561557,27704,2025-02-04,delivered,mobile_app,708.77
724569,81787,2025-09-06,returned,web,165.72
925230,85302,2025-12-09,shipped,mobile_app,86.75
564225,34294,2025-01-21,shipped,web,265.95
662361,94433,2025-11-28,delivered,mobile_app,720.59
781550,57807,2025-11-07,delivered,mobile_app,421.93
884588,20307,2025-11-21,delivered,web,202.92
784943,18361,2025-10-26,delivered,web,35.95
959647,54726,2025-01-23,shipped,marketplace,163.48
773195,71928,2025-02-01,delivered,mobile_app,248.82
942197,81935,2025-12-10,delivered,web,137.98
616647,79526,2025-10-14,delivered,web,491.73
664595,86873,2025-08-26,delivered,mobile_app,77.97
725988,77235,2025-11-08,delivered,web,201.9
634737,89182,2025-10-11,delivered,mobile_app,164.83
747411,80903,2025-09-11,delivered,web,52.95
756928,68205,2025-07-12,delivered,mobile_app,356.82
770210,48762,2025-11-09,delivered,marketplace,542.97
990271,76671,2025-05-20,delivered,web,59.99
718417,83697,2025-10-16,delivered,mobile_app,11.49
942374,45903,2025-04-15,delivered,marketplace,744.95
618343,88068,2025-12-28,returned,web,86.99
546664,35170,2025-07-22,shipped,mobile_app,486.84
973166,25041,2025-04-09,delivered,mobile_app,311.9
519344,83697,2025-12-06,cancelled,mobile_app,755.36
755926,94213,2025-06-04,delivered,marketplace,304.35
773230,67767,2025-04-04,returned,web,84.99
588078,17439,2025-12-18,delivered,marketplace,26.99
897471,43406,2025-12-26,delivered,mobile_app,222.95
670943,61189,2025-11-08,delivered,web,71.98
574411,36934,2025-06-20,returned,mobile_app,950.6
850380,81803,2025-04-28,delivered,mobile_app,60.98
848936,40109,2025-06-01,shipped,marketplace,441.91
735954,64494,2025-10-03,delivered,web,351.39
696548,98142,2025-06-14,delivered,mobile_app,1091.94
526630,34044,2025-02-13,delivered,marketplace,127.95
659316,26223,2025-01-06,delivered,mobile_app,485.88
883513,87648,2025-12-17,delivered,mobile_app,397.35
855736,74501,2025-09-16,delivered,mobile_app,370.86
927377,43151,2025-10-22,delivered,mobile_app,329.47
959517,93005,2025-05-03,shipped,mobile_app,64.94
952547,90427,2025-09-25,shipped,marketplace,465.83
562735,22700,2025-04-28,delivered,web,251.23
840043,28525,2025-08-23,delivered,web,207.93
707283,95169,2025-04-04,delivered,web,15.99
625484,60670,2025-03-13,delivered,web,97.44
822122,46286,2025-12-10,shipped,mobile_app,41.9
571262,92000,2025-12-14,processing,web,74.99
852868,89358,2025-10-23,delivered,mobile_app,115.83
575115,21047,2025-03-27,delivered,web,597.41
625509,53430,2025-11-23,delivered,web,40.48
518248,55700,2025-05-11,delivered,web,25.99
503277,61076,2025-12-23,shipped,mobile_app,92.96
545678,13896,2025-12-18,processing,web,103.46
750921,61415,2025-12-24,delivered,web,865.36
800361,93038,2025-11-14,shipped,mobile_app,55.99
819671,60649,2025-12-07,delivered,web,360.7
883722,58874,2025-01-17,delivered,mobile_app,627.18
947010,15952,2025-03-12,cancelled,web,373.88
902815,88195,2025-01-07,delivered,mobile_app,84.99
746701,18296,2025-04-08,delivered,mobile_app,400.39
703242,47256,2025-05-01,processing,mobile_app,232.55
565285,85302,2025-09-24,shipped,mobile_app,345.85
915026,42995,2025-06-26,delivered,web,688.38
580153,13930,2025-08-01,shipped,mobile_app,420.82
702070,78237,2025-12-14,delivered,web,168.85
873633,94950,2025-01-21,delivered,web,1038.89
537672,47341,2025-12-16,processing,mobile_app,176.96
518560,58045,2025-11-14,delivered,web,31.95
924630,55690,2025-12-18,cancelled,marketplace,663.94
869049,92622,2025-08-11,delivered,mobile_app,206.87
957194,43330,2025-05-02,delivered,web,163.97
717292,46769,2025-11-13,delivered,web,148.38
778252,66313,2025-06-22,delivered,mobile_app,26.99
807990,67218,2025-07-25,processing,mobile_app,200.94
974670,84627,2025-01-10,shipped,web,53.95
567307,33940,2025-05-06,shipped,marketplace,287.86
828517,27171,2025-08-16,returned,mobile_app,158.93
956143,39786,2025-03-25,delivered,marketplace,157.37
613299,78158,2025-04-11,cancelled,web,494.64
747762,96279,2025-12-17,shipped,mobile_app,55.98
603101,80983,2025-10-05,cancelled,mobile_app,88.94
676812,63302,2025-04-18,delivered,mobile_app,118.99
568032,95695,2025-11-08,delivered,web,72.94
671543,53430,2025-03-18,delivered,mobile_app,624.46
555255,34804,2025-11-23,delivered,mobile_app,60.44
907998,63302,2025-05-17,delivered,mobile_app,12.0
844048,99379,2025-05-05,delivered,mobile_app,216.37
937250,38776,2025-03-19,delivered,web,219.4
658590,94032,2025-01-18,processing,web,657.43
802767,36503,2025-04-09,delivered,mobile_app,163.93
689124,52297,2025-12-02,processing,web,394.89
658159,19651,2025-11-01,returned,mobile_app,84.99
596124,21547,2025-05-16,processing,marketplace,111.0
884379,90045,2025-11-06,delivered,web,190.39
674437,24478,2025-04-22,delivered,mobile_app,122.93
564068,17033,2025-04-03,delivered,mobile_app,159.75
593547,31519,2025-11-18,delivered,web,1151.93
993804,40448,2025-08-20,delivered,mobile_app,234.88
760813,74826,2025-09-18,delivered,mobile_app,392.91
561268,75947,2025-10-15,cancelled,mobile_app,538.92
582785,71669,2025-03-19,delivered,web,175.98
552700,27867,2025-05-09,shipped,web,557.92
983662,68681,2025-11-18,delivered,web,410.99
895674,15226,2025-01-27,shipped,web,561.87
852787,82556,2025-04-26,returned,marketplace,171.86
995017,60066,2025-03-21,shipped,mobile_app,261.39
640803,51192,2025-09-14,delivered,web,109.87
799031,89554,2025-05-14,delivered,mobile_app,29.95
518004,43736,2025-12-08,delivered,mobile_app,188.82
878077,45976,2025-08-05,delivered,marketplace,200.88
665184,24419,2025-11-10,delivered,mobile_app,262.45
524397,52297,2025-12-27,delivered,web,112.48
743068,36680,2025-05-26,delivered,marketplace,108.42
903911,88593,2025-08-19,delivered,web,173.88
641198,47151,2025-11-12,delivered,web,180.99
675999,21476,2025-06-26,returned,mobile_app,677.91
565411,44354,2025-05-16,delivered,web,197.8
641901,57922,2025-07-07,delivered,web,82.97
851504,27326,2025-09-12,delivered,web,625.96
803047,90734,2025-07-21,delivered,mobile_app,295.99
645265,15674,2025-12-13,delivered,mobile_app,97.89
639970,95160,2025-08-17,delivered,marketplace,343.89
793916,52901,2025-03-25,delivered,mobile_app,257.92
928357,48809,2025-05-22,delivered,web,18.49
777523,45872,2025-06-11,delivered,web,11.49
827722,80118,2025-05-17,delivered,web,230.74
643035,38212,2025-07-05,cancelled,mobile_app,117.98
688147,28525,2025-06-04,delivered,mobile_app,432.77
940885,77507,2025-12-23,delivered,mobile_app,25.98
850828,52091,2025-04-03,delivered,web,249.94
521412,83394,2025-12-07,delivered,web,234.94
709295,58213,2025-11-07,processing,web,372.47
584364,33885,2025-05-10,delivered,mobile_app,140.33
684655,25918,2025-07-19,processing,web,489.27
906964,73274,2025-12-23,returned,marketplace,78.89
541848,40473,2025-10-02,processing,mobile_app,130.92
893070,15850,2025-11-19,delivered,mobile_app,32.98
717703,65861,2025-03-20,processing,mobile_app,101.98
908433,52091,2025-06-22,delivered,web,1304.9
682843,97448,2025-09-28,shipped,marketplace,345.41
565907,26223,2025-07-01,cancelled,web,578.89
805347,66997,2025-11-20,delivered,web,46.99
928737,77999,2025-06-21,delivered,web,87.47
973461,63612,2025-12-05,delivered,mobile_app,274.92
872374,16172,2025-09-20,delivered,mobile_app,74.92
916693,82340,2025-08-21,shipped,web,52.98
510131,13504,2025-04-19,processing,web,20.95
900260,39708,2025-04-07,delivered,web,136.47
860860,68068,2025-10-09,delivered,mobile_app,674.99
646172,21395,2025-12-03,delivered,mobile_app,280.8
819051,97552,2025-10-05,shipped,web,799.76
593428,10032,2025-10-04,delivered,web,246.93
680719,34294,2025-05-08,delivered,mobile_app,111.95
567115,21870,2025-12-07,delivered,mobile_app,248.95
611081,75960,2025-04-02,delivered,web,516.89
671413,27523,2025-12-20,processing,mobile_app,149.75
573347,73119,2025-12-04,delivered,web,215.87
703400,66313,2025-11-09,delivered,mobile_app,246.97
800499,63612,2025-05-24,processing,web,132.29
897945,15702,2025-02-06,delivered,web,152.47
910150,46567,2025-08-24,cancelled,marketplace,353.92
577439,90807,2025-06-08,delivered,web,373.98
562357,56868,2025-06-13,delivered,marketplace,399.97
789539,89813,2025-12-12,delivered,marketplace,249.46
775202,91211,2025-09-23,delivered,web,332.33
508168,89358,2025-11-19,delivered,mobile_app,289.93
815546,85357,2025-06-19,delivered,web,47.95
525175,15534,2025-04-08,delivered,mobile_app,164.0
541129,90687,2025-07-23,shipped,web,62.99
904234,15300,2025-01-16,delivered,marketplace,419.9
803932,98892,2025-06-26,delivered,web,361.98
884178,51425,2025-12-24,shipped,mobile_app,197.45
553535,53321,2025-05-16,delivered,mobile_app,192.91
597050,71305,2025-04-04,delivered,web,666.9
671721,83404,2025-01-15,delivered,marketplace,909.41
882593,37099,2025-06-20,processing,marketplace,55.44
836425,33977,2025-05-11,processing,web,46.99
555584,81419,2025-06-01,delivered,mobile_app,42.96
767618,58782,2025-11-14,delivered,mobile_app,221.97
705266,88068,2025-12-19,delivered,marketplace,703.63
652956,33311,2025-02-20,delivered,mobile_app,556.33
874065,72561,2025-12-22,delivered,mobile_app,380.82
768903,83394,2025-12-07,shipped,web,171.97
715626,63297,2025-01-24,delivered,web,976.42
612192,73980,2025-08-15,delivered,marketplace,124.38
752741,66975,2025-12-02,delivered,mobile_app,49.9
948807,40303,2025-08-22,delivered,mobile_app,331.77
532774,42077,2025-02-24,delivered,web,139.86
924887,74657,2025-10-07,cancelled,web,211.95
736786,44845,2025-12-17,delivered,mobile_app,201.45
543762,57807,2025-05-25,delivered,web,280.82
754898,27440,2025-10-12,delivered,web,347.93
602606,19591,2025-04-06,delivered,mobile_app,545.8
719742,17456,2025-09-22,delivered,mobile_app,337.93
894678,74686,2025-04-26,delivered,mobile_app,1184.61
833558,41802,2025-02-18,delivered,marketplace,478.43
667247,45932,2025-01-23,delivered,mobile_app,78.99
780394,68205,2025-04-20,returned,mobile_app,722.46
854753,29894,2025-10-01,delivered,web,361.94
783126,73913,2025-11-06,shipped,web,73.98
530815,24422,2025-10-11,returned,web,87.93
880777,69552,2025-07-10,delivered,web,282.83
597294,32720,2025-10-03,delivered,marketplace,368.92
715597,50736,2025-01-11,delivered,web,437.89
854098,34787,2025-08-11,delivered,mobile_app,541.84
897732,28525,2025-11-01,delivered,web,295.96
780978,80147,2025-11-20,delivered,web,75.43
561137,73937,2025-06-12,delivered,web,14.49
896314,70962,2025-05-25,delivered,mobile_app,334.37
572831,13262,2025-06-18,delivered,mobile_app,294.95
684730,89452,2025-12-28,delivered,web,277.93
542969,73995,2025-10-10,delivered,mobile_app,72.89
759103,21476,2025-05-28,delivered,web,100.88
881530,84213,2025-03-09,delivered,marketplace,318.8
922866,75116,2025-11-08,delivered,marketplace,28.98
583094,86369,2025-08-02,shipped,marketplace,37.98
584522,51391,2025-11-12,delivered,web,738.75
852185,31565,2025-11-21,delivered,web,353.89
917084,83373,2025-09-12,delivered,mobile_app,45.99
601089,85409,2025-12-03,delivered,web,56.85
863307,78684,2025-04-11,delivered,marketplace,299.93
849102,63875,2025-08-11,delivered,mobile_app,91.98
807780,21792,2025-06-17,delivered,web,542.92
597562,99446,2025-03-07,processing,web,210.83
811510,21022,2025-01-22,shipped,web,74.65
789837,49523,2025-04-02,delivered,marketplace,2653.31
734460,85062,2025-08-03,delivered,mobile_app,169.65
999897,34294,2025-02-27,shipped,mobile_app,214.47
877483,63545,2025-03-12,delivered,web,18.49
813618,70999,2025-11-10,delivered,web,69.89
699600,19877,2025-05-28,delivered,mobile_app,1073.91
865625,24500,2025-12-07,delivered,marketplace,299.77
908325,34535,2025-02-09,delivered,mobile_app,248.43
625004,97552,2025-11-08,shipped,web,251.89
513270,23535,2025-08-21,delivered,web,39.8
786160,39786,2025-12-03,delivered,web,623.8
685592,10032,2025-12-18,delivered,mobile_app,204.99
586129,40401,2025-04-15,delivered,mobile_app,307.94
968247,52697,2025-06-28,delivered,web,867.8
572141,25631,2025-10-09,cancelled,web,278.84
818068,38212,2025-08-10,cancelled,web,386.42
711139,24500,2025-12-11,delivered,mobile_app,89.99
584429,92291,2025-12-08,cancelled,web,105.95
596198,94902,2025-08-06,delivered,web,126.91
630159,81674,2025-12-26,delivered,web,141.97
842291,41084,2025-05-18,delivered,mobile_app,185.86
571991,84213,2025-10-17,returned,web,399.95
992279,70145,2025-05-03,cancelled,web,316.93
547448,93989,2025-12-04,delivered,mobile_app,398.92
828037,14718,2025-08-16,processing,web,216.92
595613,48079,2025-10-17,delivered,mobile_app,922.45
542332,30574,2025-01-06,delivered,web,126.89
635051,20862,2025-11-24,processing,web,472.31
912930,37839,2025-01-24,delivered,mobile_app,382.79
981360,50513,2025-06-15,returned,marketplace,32.99
659306,29578,2025-08-17,returned,web,34.95
905615,26926,2025-12-18,delivered,mobile_app,173.92
730026,85357,2025-10-08,delivered,web,36.47
542764,80677,2025-01-04,shipped,mobile_app,464.67
733592,97487,2025-03-14,delivered,web,717.94
617935,12881,2025-11-10,delivered,web,204.45
711628,51931,2025-08-13,delivered,web,341.44
947506,38161,2025-07-18,delivered,mobile_app,188.98
759950,34231,2025-07-19,returned,mobile_app,116.99
730660,52857,2025-08-12,delivered,web,235.97
682393,94201,2025-02-10,delivered,web,1686.84
982468,95801,2025-01-02,processing,mobile_app,984.41
916328,85357,2025-04-17,delivered,mobile_app,170.89
835030,89536,2025-03-01,delivered,web,512.89
513752,41802,2025-07-21,shipped,web,378.97
678153,93241,2025-06-07,delivered,mobile_app,681.77
650519,38204,2025-12-06,delivered,web,300.77
557656,62324,2025-06-24,delivered,marketplace,20.99
550627,55325,2025-04-04,delivered,web,267.97
980506,55447,2025-11-17,cancelled,mobile_app,231.74
617038,76671,2025-08-08,delivered,web,41.99
753031,17097,2025-02-16,shipped,mobile_app,347.46
836627,81673,2025-11-25,delivered,mobile_app,487.92
614028,47838,2025-08-04,delivered,web,299.94
762877,71761,2025-10-11,delivered,web,232.21
641337,61665,2025-11-01,cancelled,web,89.88
686396,91399,2025-02-21,delivered,mobile_app,56.34
924306,58045,2025-06-08,returned,mobile_app,119.88
661452,69582,2025-09-13,returned,web,193.92
674469,83026,2025-12-14,delivered,marketplace,276.86
751983,29404,2025-02-18,returned,web,210.38
807666,70962,2025-06-18,delivered,mobile_app,353.91
974846,50649,2025-08-28,delivered,web,118.8
599222,26767,2025-04-22,cancelled,web,545.21
599178,71669,2025-09-11,delivered,mobile_app,77.48
986076,18850,2025-12-02,delivered,mobile_app,714.78
822252,27523,2025-03-13,delivered,web,391.94
911957,26223,2025-05-01,delivered,web,172.93
809130,16924,2025-01-27,returned,mobile_app,42.99
869767,77912,2025-01-16,shipped,mobile_app,357.11
745840,52192,2025-05-04,delivered,web,49.93
610539,90173,2025-06-22,delivered,web,188.75
518339,74354,2025-10-07,shipped,web,94.9
889305,82151,2025-11-05,delivered,web,136.47
889253,72987,2025-06-27,processing,web,12.99
819861,62931,2025-11-09,cancelled,web,359.76
564955,32907,2025-01-27,delivered,web,142.95
692981,30325,2025-06-20,delivered,web,684.91
792149,61822,2025-10-21,returned,web,343.98
980159,21792,2025-10-20,cancelled,web,37.9
921403,26767,2025-06-22,delivered,marketplace,683.91
658531,16519,2025-03-05,delivered,marketplace,196.79
508524,87041,2025-05-04,delivered,web,249.94
709426,67201,2025-05-14,delivered,web,98.84
515064,88985,2025-01-03,delivered,mobile_app,1289.91
666439,59144,2025-05-25,shipped,mobile_app,1318.85
520014,74722,2025-10-07,delivered,web,66.98
782332,18256,2025-09-13,delivered,web,188.85
880248,71099,2025-04-08,processing,web,27.99
976985,70260,2025-08-27,shipped,web,532.64
968819,18296,2025-11-28,delivered,mobile_app,51.9
986425,49493,2025-01-24,delivered,web,338.78
586670,60181,2025-12-27,delivered,web,65.97
545185,82997,2025-12-15,delivered,marketplace,235.82
957462,37462,2025-03-13,delivered,web,969.9
893124,63662,2025-10-24,delivered,mobile_app,32.42
892790,44164,2025-04-19,delivered,mobile_app,109.94
912546,42278,2025-01-24,delivered,web,53.98
971476,86668,2025-11-22,returned,web,263.65
669934,40590,2025-11-05,delivered,marketplace,44.48
934976,63302,2025-08-11,delivered,mobile_app,240.33
852716,63662,2025-04-15,shipped,web,48.89
556450,56385,2025-11-20,processing,mobile_app,75.89
687339,13801,2025-07-10,delivered,web,204.4
514420,21113,2025-10-22,shipped,web,138.94
971129,44149,2025-11-08,delivered,marketplace,39.89
547288,97324,2025-11-06,delivered,mobile_app,74.9
634334,63737,2025-08-11,cancelled,web,64.85
939763,82381,2025-12-12,cancelled,mobile_app,373.24
626464,79129,2025-03-05,processing,web,180.43
964979,35953,2025-04-20,delivered,mobile_app,345.98
786357,52016,2025-06-18,delivered,web,60.96
845947,31534,2025-09-08,shipped,mobile_app,132.47
594569,42104,2025-10-22,delivered,web,37.44
761215,90168,2025-05-24,delivered,web,365.98
718628,56385,2025-12-28,delivered,mobile_app,532.43
608204,98346,2025-12-12,delivered,mobile_app,464.74
514647,20941,2025-02-10,delivered,web,90.92
925422,50277,2025-03-10,delivered,web,171.96
630001,46567,2025-11-26,delivered,mobile_app,264.92
944465,37099,2025-11-21,delivered,web,9.95
648085,20915,2025-10-24,shipped,web,222.93
796509,97643,2025-08-06,delivered,mobile_app,857.4
876952,21751,2025-12-07,cancelled,web,149.85
752561,84217,2025-05-20,delivered,web,125.88
541984,62438,2025-12-26,delivered,web,290.46
982103,65209,2025-05-04,delivered,mobile_app,89.98
683907,56004,2025-01-12,delivered,web,1862.7
626659,25631,2025-04-06,delivered,mobile_app,316.83
546990,49763,2025-08-10,delivered,mobile_app,195.89
636422,88933,2025-03-08,returned,web,46.98
857697,15811,2025-03-05,delivered,mobile_app,103.45
577672,76771,2025-01-03,delivered,mobile_app,188.94
750693,44536,2025-08-26,delivered,mobile_app,155.95
786726,32494,2025-12-03,delivered,marketplace,35.99
850764,23747,2025-10-02,delivered,mobile_app,21.99
980272,50736,2025-07-13,delivered,web,326.81
797863,86576,2025-04-19,delivered,mobile_app,752.39
905716,71838,2025-03-19,delivered,marketplace,342.92
524802,14222,2025-12-18,delivered,mobile_app,337.82
826866,15850,2025-10-12,cancelled,web,184.97
603716,39804,2025-12-25,delivered,marketplace,207.8
799454,58874,2025-12-07,delivered,web,14.95
681549,74501,2025-01-01,delivered,web,156.99
766226,54050,2025-04-11,delivered,web,201.54
907871,95234,2025-09-17,shipped,web,56.88
862128,20559,2025-10-01,delivered,mobile_app,119.75
818496,16432,2025-12-28,delivered,web,450.71
929373,55023,2025-10-21,processing,web,290.97
658949,73980,2025-10-13,delivered,mobile_app,999.73
654723,61569,2025-10-01,cancelled,web,541.67
609584,81674,2025-09-05,delivered,web,119.48
901093,78994,2025-11-25,cancelled,web,880.84
597154,74686,2025-11-10,delivered,mobile_app,276.91
613288,93237,2025-06-03,delivered,web,299.98
674857,75913,2025-12-09,delivered,mobile_app,400.46
939442,21470,2025-04-16,delivered,mobile_app,223.42
597818,77095,2025-06-08,delivered,web,130.89
581394,82546,2025-09-13,processing,mobile_app,1896.88
524521,63882,2025-08-08,delivered,mobile_app,488.82
969263,75455,2025-04-04,delivered,mobile_app,253.39
528696,15226,2025-06-26,delivered,web,300.77
969631,24049,2025-04-20,delivered,web,105.47
899483,48435,2025-10-12,delivered,mobile_app,340.69
540293,77448,2025-07-26,delivered,web,410.0
890041,95486,2025-11-10,delivered,mobile_app,455.8
748824,56354,2025-11-17,delivered,web,1116.85
696854,13875,2025-01-07,shipped,web,643.74
914604,17831,2025-10-16,delivered,mobile_app,406.94
816507,18457,2025-06-06,delivered,web,241.93
666075,58138,2025-11-27,delivered,web,41.94
910832,46567,2025-05-05,delivered,mobile_app,154.88
633399,39351,2025-06-20,delivered,marketplace,141.78
847441,81419,2025-05-13,delivered,mobile_app,26.99
856216,13896,2025-04-06,delivered,mobile_app,119.93
878980,72331,2025-11-07,delivered,web,224.43
570964,98339,2025-05-01,delivered,mobile_app,28.49
777545,70930,2025-05-22,cancelled,marketplace,16.49
875307,69582,2025-03-03,delivered,web,782.84
782640,75913,2025-12-12,delivered,mobile_app,97.98
622500,10857,2025-04-26,delivered,web,564.78
645029,21800,2025-03-13,shipped,web,245.97
886731,15952,2025-12-04,delivered,web,170.45
963340,88134,2025-12-24,delivered,mobile_app,537.97
537954,94973,2025-11-18,delivered,web,183.44
650968,30325,2025-11-16,delivered,mobile_app,383.9
687683,58121,2025-11-24,returned,mobile_app,222.45
727330,15380,2025-02-04,returned,web,464.91
661601,55980,2025-11-12,delivered,web,207.88
570084,77838,2025-08-15,shipped,mobile_app,532.43
639463,96279,2025-04-22,delivered,mobile_app,260.99
862831,25631,2025-01-23,delivered,web,122.89
528034,47342,2025-11-15,returned,mobile_app,53.95
554875,24975,2025-10-22,delivered,web,238.92
971103,83590,2025-02-14,returned,mobile_app,90.93
872431,36289,2025-03-02,delivered,web,323.98
937989,83697,2025-11-18,processing,web,458.9
715521,36181,2025-04-18,delivered,mobile_app,79.89
549521,83394,2025-12-03,delivered,mobile_app,540.59
991809,27266,2025-01-14,delivered,mobile_app,47.99
671614,84317,2025-03-21,delivered,mobile_app,1043.82
925536,39794,2025-03-04,delivered,marketplace,926.71
867037,41529,2025-05-04,delivered,mobile_app,155.92
838933,56071,2025-09-15,processing,web,18.95
602813,63781,2025-04-17,delivered,web,317.89
512571,32655,2025-11-26,cancelled,web,80.98
877789,55840,2025-12-15,delivered,marketplace,344.86
859050,55437,2025-12-03,delivered,marketplace,365.86
798217,19337,2025-05-26,delivered,web,382.71
659054,45735,2025-05-04,delivered,web,48.89
850180,15952,2025-10-08,delivered,mobile_app,44.85
897397,53287,2025-05-15,processing,mobile_app,650.61
640094,55609,2025-03-15,shipped,web,166.94
585679,39351,2025-02-25,delivered,mobile_app,88.99
761501,45879,2025-05-15,delivered,mobile_app,338.9
974260,10205,2025-01-06,delivered,web,178.88
842091,96206,2025-07-14,returned,mobile_app,169.94
984892,40448,2025-05-20,processing,mobile_app,135.88
814885,95234,2025-05-02,delivered,marketplace,104.93
757188,61783,2025-10-24,returned,web,161.77
645543,24422,2025-03-18,returned,marketplace,407.87
827671,83394,2025-10-17,delivered,mobile_app,68.97
943202,32615,2025-12-04,delivered,mobile_app,112.94
805817,81022,2025-09-08,delivered,web,101.94
515010,40365,2025-04-11,delivered,web,328.45
689921,30724,2025-03-21,delivered,web,14.49
899493,95169,2025-01-06,delivered,web,1199.7
981826,80819,2025-08-07,delivered,mobile_app,520.68
825754,37661,2025-10-22,delivered,marketplace,1025.82
564383,18121,2025-11-02,returned,mobile_app,20.99
883358,21751,2025-11-06,delivered,mobile_app,109.96
514127,23030,2025-10-22,delivered,marketplace,138.79
866045,73659,2025-03-13,delivered,web,217.91
666119,15674,2025-12-02,delivered,mobile_app,204.98
505742,79873,2025-05-03,delivered,marketplace,241.48
839582,34465,2025-08-08,delivered,mobile_app,69.49
865812,43330,2025-04-16,delivered,mobile_app,138.41
756705,16387,2025-11-13,shipped,web,85.95
834348,21792,2025-03-13,delivered,mobile_app,353.0
990297,47037,2025-10-28,delivered,marketplace,129.99
809999,29588,2025-03-28,processing,mobile_app,731.83
829909,33940,2025-12-05,delivered,marketplace,104.85
962128,60066,2025-12-04,delivered,web,172.49
571792,48584,2025-11-19,delivered,mobile_app,377.93
512484,13309,2025-10-23,delivered,marketplace,95.98
657349,21695,2025-08-18,processing,mobile_app,372.36
529611,53542,2025-01-19,delivered,mobile_app,172.43
977980,77632,2025-08-21,delivered,mobile_app,47.44
872745,72340,2025-06-26,shipped,marketplace,556.92
675940,27446,2025-08-04,delivered,mobile_app,57.38
934540,71761,2025-10-11,delivered,marketplace,1147.79
651917,74478,2025-10-02,cancelled,marketplace,411.91
921693,46662,2025-11-01,delivered,mobile_app,65.85
773223,46145,2025-11-03,delivered,web,10.99
660613,87197,2025-11-06,delivered,mobile_app,168.94
690052,62438,2025-06-24,delivered,mobile_app,390.25
995815,36181,2025-09-27,shipped,mobile_app,281.94
928146,49523,2025-12-22,cancelled,web,249.73
926808,81138,2025-04-17,returned,mobile_app,260.59
687486,67281,2025-03-17,delivered,mobile_app,717.79
888971,79114,2025-10-11,delivered,web,284.39
931328,74423,2025-03-21,shipped,mobile_app,164.95
720597,24580,2025-07-01,returned,marketplace,192.93
825715,83037,2025-09-23,delivered,marketplace,624.8
695765,41265,2025-11-15,delivered,mobile_app,400.88
630008,10362,2025-01-25,delivered,mobile_app,234.97
837193,48769,2025-12-18,delivered,mobile_app,92.97
542908,43330,2025-05-22,delivered,web,870.0
957941,75642,2025-04-18,processing,mobile_app,294.92
795388,24500,2025-11-09,delivered,mobile_app,24.0
627237,36590,2025-12-12,delivered,mobile_app,140.94
880481,22964,2025-03-03,shipped,marketplace,177.88
852296,56004,2025-11-05,cancelled,mobile_app,271.93
771834,34294,2025-07-03,shipped,web,299.96
561829,95160,2025-11-05,returned,web,210.44
736652,74765,2025-08-17,returned,web,128.97
909155,81886,2025-11-04,shipped,mobile_app,266.78
635058,13309,2025-12-23,delivered,mobile_app,161.97
702592,46567,2025-01-12,delivered,mobile_app,1310.93
790522,65493,2025-10-21,delivered,web,362.89
572918,68445,2025-04-18,delivered,web,138.89
775499,14718,2025-08-08,delivered,web,55.98
797069,62520,2025-03-07,delivered,marketplace,138.93
751125,99477,2025-05-19,delivered,mobile_app,99.75
671763,68445,2025-02-13,delivered,mobile_app,130.89
895686,31607,2025-10-02,delivered,web,239.83
655965,49763,2025-01-13,delivered,web,189.98
982268,96539,2025-12-16,delivered,mobile_app,407.93
550618,88269,2025-12-13,delivered,mobile_app,245.95
881343,76188,2025-03-03,delivered,marketplace,342.78
900545,36408,2025-01-25,delivered,mobile_app,256.96
811730,54384,2025-02-09,delivered,marketplace,486.42
816908,46567,2025-04-21,delivered,marketplace,605.89
683759,20915,2025-08-03,delivered,mobile_app,436.95
700695,60269,2025-02-13,delivered,web,245.69
688355,65600,2025-11-16,delivered,web,252.93
612512,23297,2025-10-03,delivered,web,94.99
729266,50602,2025-12-28,delivered,web,545.69
531415,55325,2025-05-17,delivered,web,109.97
965465,34294,2025-12-03,delivered,mobile_app,201.41
592673,54130,2025-04-15,delivered,web,108.99
967159,56667,2025-03-02,delivered,mobile_app,121.89
763019,85302,2025-08-02,delivered,marketplace,41.99
584993,20964,2025-11-05,delivered,mobile_app,89.96
901237,84770,2025-09-08,returned,mobile_app,176.42
615796,62225,2025-07-15,cancelled,mobile_app,63.9
853828,14222,2025-03-18,delivered,mobile_app,51.94
519007,42781,2025-11-05,delivered,mobile_app,473.35
815617,91464,2025-03-27,shipped,marketplace,24.39
742469,65737,2025-10-19,delivered,marketplace,367.99
837478,98359,2025-09-16,delivered,mobile_app,18.49
562247,17736,2025-10-13,delivered,web,55.88
664093,18017,2025-02-21,delivered,mobile_app,77.85
626627,82556,2025-06-05,shipped,mobile_app,388.83
777213,59183,2025-10-28,processing,marketplace,342.94
886334,58213,2025-11-16,shipped,web,178.96
875890,54010,2025-08-19,delivered,marketplace,326.81
843025,85007,2025-01-03,delivered,marketplace,497.93
731090,46040,2025-12-12,shipped,mobile_app,123.94
853955,92366,2025-11-04,delivered,mobile_app,114.83
716127,16387,2025-08-06,returned,web,199.96
935115,34890,2025-09-25,delivered,mobile_app,287.45
890263,84182,2025-12-07,delivered,mobile_app,30.97
653388,47710,2025-03-23,delivered,web,154.98
817942,63822,2025-06-17,delivered,mobile_app,134.43
886120,87955,2025-05-21,delivered,marketplace,69.99
632337,79873,2025-06-15,delivered,web,537.89
795137,71158,2025-12-05,shipped,mobile_app,95.99
821329,57185,2025-05-11,delivered,mobile_app,289.23
549874,66751,2025-03-24,delivered,mobile_app,154.96
838643,20096,2025-11-23,delivered,mobile_app,67.46
779378,80252,2025-06-26,delivered,mobile_app,28.44
991300,68365,2025-06-05,delivered,web,14.99
569346,16073,2025-12-11,delivered,mobile_app,300.93
909101,33880,2025-08-11,delivered,web,238.2
790205,42077,2025-01-17,delivered,web,127.48
518660,52192,2025-11-14,delivered,web,66.89
535771,86873,2025-04-04,delivered,web,992.47
604048,84539,2025-03-28,delivered,web,37.85
574637,47105,2025-12-19,delivered,web,432.94
635433,26223,2025-12-28,cancelled,web,190.87
672694,60455,2025-11-04,shipped,web,166.89
673923,24638,2025-10-11,delivered,web,68.95
577718,36561,2025-11-05,delivered,mobile_app,16.0
892526,47838,2025-06-13,delivered,web,981.77
629339,16568,2025-10-18,returned,web,89.94
967634,92644,2025-04-15,delivered,web,193.74
727080,60032,2025-04-27,delivered,marketplace,77.99
657700,57922,2025-06-08,delivered,mobile_app,123.97
889248,27135,2025-12-23,delivered,web,5.99
726839,86189,2025-10-11,delivered,web,169.87
503398,84213,2025-10-03,delivered,marketplace,213.97
590865,67172,2025-06-21,delivered,web,131.94
600711,28898,2025-06-08,cancelled,web,386.36
784838,15639,2025-03-26,delivered,mobile_app,152.91
982357,56004,2025-06-26,delivered,mobile_app,265.36
910444,27171,2025-08-17,delivered,mobile_app,38.85
711248,43872,2025-09-13,delivered,web,244.92
805157,58213,2025-05-10,delivered,mobile_app,127.9
668351,77902,2025-01-06,processing,web,50.94
552105,66751,2025-04-19,cancelled,mobile_app,186.97
674704,67895,2025-02-03,shipped,mobile_app,39.95
856476,48725,2025-12-10,delivered,web,766.71
845181,73302,2025-03-07,delivered,web,190.88
518700,38683,2025-12-03,delivered,web,1128.78
825446,20307,2025-08-01,delivered,mobile_app,230.95
879553,19591,2025-08-01,delivered,mobile_app,405.93
790054,67895,2025-12-09,delivered,mobile_app,1195.8
760131,26767,2025-08-01,cancelled,mobile_app,250.97
547604,76671,2025-05-24,delivered,web,153.94
851298,54707,2025-08-11,returned,marketplace,15.95
548291,22964,2025-08-27,delivered,mobile_app,68.94
680463,46145,2025-05-08,delivered,marketplace,426.97
728855,27958,2025-08-21,delivered,web,15.99
678877,40673,2025-06-26,delivered,web,43.98
670345,26142,2025-06-06,delivered,mobile_app,417.94
722222,49133,2025-04-07,delivered,mobile_app,199.8
666125,71175,2025-12-11,delivered,mobile_app,340.81
654217,25279,2025-04-12,delivered,mobile_app,84.48
531703,10303,2025-11-27,delivered,mobile_app,57.95
602248,15593,2025-03-07,delivered,mobile_app,133.35
714764,60903,2025-11-16,delivered,mobile_app,362.93
653592,60675,2025-10-21,shipped,marketplace,571.73
591650,82765,2025-09-03,delivered,mobile_app,483.98
929676,82112,2025-12-03,delivered,mobile_app,323.91
581082,18850,2025-10-08,delivered,mobile_app,428.94
760363,96755,2025-01-13,delivered,mobile_app,252.82
689904,14222,2025-01-10,delivered,web,33.99
969306,47936,2025-06-10,delivered,mobile_app,937.93
981747,10764,2025-08-20,delivered,mobile_app,323.89
595717,38247,2025-12-10,delivered,mobile_app,49.94
704720,91232,2025-01-24,delivered,mobile_app,1684.87
758826,75019,2025-10-24,delivered,web,337.89
843346,91053,2025-02-13,delivered,mobile_app,35.98
831223,95160,2025-12-07,delivered,web,304.91
882757,83037,2025-09-21,delivered,web,224.99
945403,81674,2025-11-19,delivered,web,21.98
632398,48584,2025-04-06,delivered,mobile_app,548.82
692936,95801,2025-11-02,delivered,mobile_app,341.73
837066,24363,2025-06-16,shipped,marketplace,162.95
757489,69308,2025-12-03,delivered,web,172.44
903353,34076,2025-12-20,cancelled,web,400.58
741282,10985,2025-06-02,delivered,mobile_app,53.98
594827,24965,2025-11-17,delivered,web,101.95
952887,95275,2025-01-01,delivered,web,528.93
618852,71431,2025-02-06,delivered,marketplace,251.86
762971,67382,2025-10-04,cancelled,marketplace,100.98
958037,68746,2025-09-09,delivered,web,1351.67
686298,84912,2025-09-24,shipped,web,68.93
623720,52697,2025-08-05,returned,web,126.33
838668,27341,2025-04-08,shipped,web,114.98
979811,95026,2025-05-15,delivered,marketplace,146.97
543489,66975,2025-11-25,delivered,web,35.95
624840,82186,2025-10-26,delivered,web,214.92
921175,60950,2025-08-14,delivered,mobile_app,209.75
805174,26767,2025-08-07,delivered,web,20.98
738045,41172,2025-06-08,delivered,marketplace,116.97
884363,85062,2025-02-20,delivered,web,333.35
638522,95169,2025-10-05,cancelled,web,183.92
964043,66796,2025-02-04,delivered,web,263.99
596916,79526,2025-02-25,shipped,mobile_app,306.87
679351,43330,2025-04-17,shipped,web,85.98
502532,22597,2025-07-26,delivered,web,4.99
679045,64977,2025-05-20,delivered,mobile_app,19.96
918128,44460,2025-04-14,delivered,web,32.99
901040,34044,2025-09-11,returned,mobile_app,7.49
838113,75947,2025-03-20,delivered,web,417.83
815975,85062,2025-02-21,delivered,web,279.85
820985,14781,2025-08-13,delivered,web,284.95
842264,17736,2025-12-14,cancelled,web,119.99
959236,15674,2025-11-27,processing,web,191.94
920028,56447,2025-04-26,delivered,mobile_app,353.96
983758,17808,2025-03-03,delivered,mobile_app,28.98
802100,45756,2025-05-05,delivered,web,158.97
750966,39351,2025-06-27,delivered,web,171.98
992739,80147,2025-11-23,delivered,web,558.96
573800,29794,2025-11-02,delivered,web,234.75
611251,17615,2025-04-09,delivered,mobile_app,167.94
968681,22624,2025-03-25,delivered,web,35.99
808540,45977,2025-05-24,shipped,web,25.99
770905,69505,2025-12-13,returned,web,101.98
933295,89554,2025-02-19,delivered,mobile_app,141.99
995633,27704,2025-03-12,shipped,web,106.94
634710,22964,2025-11-08,delivered,web,397.98
943751,72088,2025-01-14,delivered,web,520.81
768565,57663,2025-11-03,delivered,marketplace,214.97
652007,27820,2025-08-06,returned,marketplace,133.98
522990,50244,2025-10-16,delivered,web,159.85
527656,22128,2025-05-17,delivered,mobile_app,125.98
995389,82340,2025-12-15,delivered,web,146.85
529780,14873,2025-01-17,cancelled,mobile_app,7.49
752943,52163,2025-06-06,delivered,mobile_app,164.95
642243,79114,2025-04-11,processing,mobile_app,67.4
710585,68024,2025-12-23,delivered,mobile_app,589.76
949097,94576,2025-12-09,delivered,web,174.0
743119,33940,2025-09-17,shipped,marketplace,182.99
535615,69582,2025-03-04,delivered,mobile_app,492.88
764350,16568,2025-12-01,delivered,web,89.48
944457,98998,2025-12-09,delivered,web,472.7
991908,10985,2025-11-10,delivered,mobile_app,110.93
814352,40187,2025-04-21,delivered,marketplace,771.85
815117,98012,2025-12-21,delivered,mobile_app,116.95
946122,65661,2025-11-20,delivered,marketplace,350.83
522055,37045,2025-03-15,delivered,mobile_app,164.9
768808,63596,2025-12-27,delivered,marketplace,319.78
559338,62695,2025-05-04,delivered,web,693.91
978386,81743,2025-01-01,delivered,web,277.94
807647,44659,2025-11-21,delivered,marketplace,256.37
779108,50202,2025-12-21,delivered,mobile_app,1998.77
789118,83441,2025-08-09,delivered,mobile_app,96.99
905395,59226,2025-10-21,processing,mobile_app,65.47
988472,42280,2025-02-24,returned,web,56.48
660689,39502,2025-04-22,delivered,marketplace,34.95
993228,25084,2025-09-16,delivered,mobile_app,613.88
644107,49096,2025-08-16,delivered,web,113.79
672662,26216,2025-12-22,delivered,mobile_app,44.99
907501,59422,2025-08-24,delivered,web,546.36
723192,42104,2025-11-17,delivered,mobile_app,107.98
556745,58629,2025-01-25,delivered,mobile_app,1266.35
591780,29803,2025-11-20,delivered,web,479.92
724502,75486,2025-10-18,delivered,web,289.97
936233,72979,2025-07-10,delivered,marketplace,701.62
751460,64977,2025-12-18,delivered,marketplace,27.99
810244,83590,2025-02-08,delivered,web,593.85
648282,81419,2025-12-10,delivered,mobile_app,144.42
764908,38537,2025-12-07,delivered,marketplace,193.85
919647,21840,2025-11-21,delivered,mobile_app,528.13
671792,10205,2025-11-27,returned,mobile_app,287.9
676056,69307,2025-09-02,delivered,web,117.98
796995,26767,2025-04-21,delivered,web,343.75
965070,62730,2025-12-12,processing,web,32.99
695475,12407,2025-02-26,delivered,web,276.46
890462,48688,2025-06-24,delivered,web,182.41
944807,45735,2025-02-24,delivered,mobile_app,77.98
533259,30786,2025-12-19,delivered,web,63.9
746819,70785,2025-01-27,processing,mobile_app,96.97
795512,12567,2025-08-23,delivered,mobile_app,516.88
778273,81787,2025-08-09,delivered,mobile_app,475.92
772088,68865,2025-12-10,delivered,mobile_app,262.96
881290,12138,2025-10-11,cancelled,web,79.97
516712,74722,2025-02-18,delivered,marketplace,205.94
511811,77019,2025-04-15,delivered,web,280.95
998105,86189,2025-12-26,cancelled,web,178.75
672956,71107,2025-12-28,delivered,mobile_app,91.23
762448,11507,2025-03-10,shipped,web,416.4
761530,57185,2025-01-20,delivered,web,51.47
850267,13643,2025-12-28,delivered,web,96.99
639914,45294,2025-11-06,delivered,mobile_app,63.95
865388,90173,2025-04-26,delivered,web,948.89
910239,20307,2025-10-23,processing,web,224.0
908383,95486,2025-08-01,processing,mobile_app,19.9
715565,66835,2025-06-03,delivered,web,194.97
547668,58213,2025-03-24,delivered,web,380.71
530182,29134,2025-05-10,delivered,web,99.8
597679,38537,2025-02-01,delivered,mobile_app,527.97
688514,40143,2025-12-08,delivered,web,155.43
763412,24141,2025-06-22,shipped,mobile_app,449.97
632104,19903,2025-03-08,delivered,marketplace,222.94
831817,10274,2025-08-01,delivered,mobile_app,187.94
564000,98589,2025-05-22,delivered,web,96.99
965602,93744,2025-12-24,delivered,web,305.92
878834,19591,2025-04-15,delivered,web,115.43
931637,58944,2025-11-13,processing,mobile_app,904.88
681727,47396,2025-08-12,shipped,web,73.98
793034,15674,2025-07-26,delivered,mobile_app,41.99
758651,40109,2025-09-06,delivered,web,703.96
504406,40187,2025-12-27,delivered,mobile_app,555.91
617774,83539,2025-02-04,delivered,web,240.96
681037,21476,2025-11-13,delivered,web,213.99
688829,78088,2025-03-17,delivered,web,67.98
855573,75913,2025-11-01,delivered,web,179.95
752172,71213,2025-04-09,cancelled,mobile_app,511.77
542099,75486,2025-09-17,delivered,mobile_app,139.95
686535,28913,2025-10-20,returned,mobile_app,454.92
672744,73673,2025-11-03,delivered,mobile_app,305.73
548751,42836,2025-03-28,returned,mobile_app,105.96
707309,85068,2025-02-02,delivered,web,262.97
919658,88455,2025-10-19,shipped,web,218.92
933497,17456,2025-04-02,delivered,mobile_app,1154.89
878955,83047,2025-01-25,delivered,mobile_app,118.97
628352,58673,2025-04-04,delivered,mobile_app,217.96
705350,51627,2025-07-09,delivered,web,47.99
603071,13801,2025-10-06,delivered,marketplace,145.62
704918,25228,2025-12-08,delivered,mobile_app,57.94
515808,25934,2025-11-02,shipped,web,216.97
650236,74785,2025-11-24,returned,web,336.46
965324,28136,2025-06-17,delivered,mobile_app,305.75
752091,72693,2025-07-17,delivered,marketplace,7.95
624587,48809,2025-04-18,processing,web,43.99
642242,94547,2025-02-17,shipped,mobile_app,266.14
614925,54086,2025-03-17,delivered,web,444.97
904425,31419,2025-10-20,delivered,marketplace,267.95
657566,73839,2025-04-06,delivered,web,69.97
629763,63737,2025-02-26,shipped,mobile_app,368.44
562071,81787,2025-11-23,returned,mobile_app,495.96
819619,88269,2025-09-23,cancelled,web,252.98
657656,58874,2025-12-28,delivered,mobile_app,985.94
969998,83394,2025-04-06,processing,mobile_app,389.32
614077,89372,2025-04-19,delivered,marketplace,77.99
745390,63302,2025-05-25,delivered,mobile_app,666.82
778779,72340,2025-01-13,cancelled,web,162.43
686968,41461,2025-01-01,delivered,mobile_app,446.95
713748,80498,2025-10-11,delivered,web,9.99
730461,63053,2025-04-19,delivered,mobile_app,933.01
796617,40347,2025-04-01,processing,mobile_app,667.96
544457,24623,2025-09-22,delivered,web,95.99
697473,97643,2025-03-12,delivered,web,343.39
688296,11368,2025-09-17,delivered,web,158.98
542510,93513,2025-11-24,delivered,mobile_app,515.96
906284,40448,2025-10-02,delivered,web,216.97
672940,11751,2025-11-28,delivered,mobile_app,128.43
805969,90168,2025-06-06,delivered,marketplace,232.96
975747,71158,2025-02-03,delivered,web,119.7
941470,47191,2025-11-26,shipped,web,128.89
539924,46567,2025-09-27,delivered,mobile_app,420.84
887063,89442,2025-01-08,delivered,mobile_app,66.98
858654,90710,2025-04-25,cancelled,mobile_app,23.97
596889,13875,2025-02-27,delivered,web,38.99
580155,67056,2025-09-04,delivered,marketplace,64.94
637292,35585,2025-08-28,shipped,web,1871.91
951256,96821,2025-04-13,delivered,marketplace,80.98
518288,79830,2025-01-19,delivered,mobile_app,447.16
519402,51425,2025-12-10,delivered,marketplace,221.9
549452,93646,2025-12-18,delivered,marketplace,39.95
647485,80147,2025-12-18,shipped,web,1178.65
802765,88028,2025-12-14,delivered,marketplace,564.92
973482,13643,2025-09-21,delivered,web,330.83
613187,11368,2025-12-14,delivered,marketplace,405.98
989615,13930,2025-04-23,delivered,mobile_app,27.99
649177,13309,2025-11-15,delivered,mobile_app,146.45
826139,28276,2025-02-20,delivered,web,98.99
578586,16511,2025-01-27,delivered,mobile_app,94.43
752344,37954,2025-05-13,delivered,mobile_app,120.89
523770,21870,2025-12-13,delivered,web,1286.39
943229,69307,2025-07-03,delivered,web,244.98
957790,76431,2025-10-08,delivered,web,1062.83
722153,64609,2025-01-02,cancelled,web,63.9
799681,42995,2025-01-07,delivered,web,665.92
930891,71669,2025-07-25,delivered,web,36.98
662012,32907,2025-07-17,delivered,web,330.94
824670,46965,2025-02-22,delivered,marketplace,671.95
588363,25688,2025-04-05,delivered,web,737.9
927324,48435,2025-05-27,delivered,web,273.46
899881,29894,2025-10-21,delivered,marketplace,154.49
906808,39495,2025-06-05,delivered,web,37.99
913656,57807,2025-11-21,cancelled,mobile_app,426.93
562694,81673,2025-09-24,cancelled,mobile_app,32.98
644993,63767,2025-12-11,delivered,mobile_app,69.98
533765,18457,2025-12-15,delivered,mobile_app,252.93
745487,45668,2025-11-22,delivered,web,285.29
870405,20096,2025-12-24,delivered,web,72.43
990920,65737,2025-11-19,delivered,mobile_app,48.0
763662,40205,2025-12-10,shipped,mobile_app,505.69
871553,33350,2025-05-10,delivered,mobile_app,168.97
911387,47689,2025-11-13,shipped,mobile_app,68.91
559566,63882,2025-08-25,shipped,web,28.99
895234,44622,2025-12-26,delivered,marketplace,309.42
553595,90734,2025-03-27,cancelled,mobile_app,122.87
679950,21547,2025-07-09,delivered,marketplace,209.39
847137,34100,2025-01-24,delivered,mobile_app,52.95
509486,13504,2025-01-19,delivered,mobile_app,1202.61
860445,42995,2025-06-21,delivered,marketplace,960.94
956281,73659,2025-09-06,delivered,marketplace,268.94
727381,42995,2025-06-04,delivered,mobile_app,80.97
649067,75913,2025-09-23,delivered,mobile_app,62.94
871181,57550,2025-12-18,processing,mobile_app,193.87
971885,97552,2025-09-23,delivered,web,126.93
704251,21654,2025-05-03,delivered,mobile_app,74.97
869933,29134,2025-09-10,delivered,marketplace,218.93
876280,28614,2025-12-13,delivered,web,223.27
916212,40800,2025-10-25,shipped,mobile_app,115.37
519526,63662,2025-07-26,delivered,marketplace,43.9
598135,89554,2025-06-21,delivered,web,94.99
860545,18256,2025-11-11,delivered,mobile_app,143.42
734526,65371,2025-09-13,delivered,web,534.22
773624,63309,2025-12-21,delivered,mobile_app,368.95
524557,83932,2025-03-16,delivered,web,490.79
984757,73839,2025-01-28,delivered,web,111.0
573384,71705,2025-12-16,returned,mobile_app,204.72
508209,41403,2025-04-03,delivered,web,235.96
624550,82151,2025-12-15,delivered,web,33.99
767150,84102,2025-12-04,delivered,web,38.99
639535,19116,2025-12-04,shipped,web,681.44
769364,74510,2025-08-20,delivered,web,268.84
931370,79826,2025-12-19,delivered,web,105.48
611248,44612,2025-11-01,delivered,web,442.96
822769,58213,2025-07-11,delivered,web,145.38
886800,27440,2025-11-27,delivered,marketplace,212.42
988350,87009,2025-01-04,delivered,marketplace,317.39
867639,97643,2025-03-18,delivered,web,240.8
685624,66975,2025-08-22,shipped,web,196.92
853409,85409,2025-08-19,returned,marketplace,1067.74
912563,37045,2025-12-02,processing,marketplace,643.9
677684,81419,2025-02-09,delivered,web,257.97
705685,93845,2025-12-14,delivered,web,554.75
938749,29803,2025-11-03,shipped,web,405.94
911334,40804,2025-10-19,delivered,web,229.97
943277,36561,2025-05-20,delivered,mobile_app,201.98
601328,18296,2025-01-15,delivered,web,227.91
563184,50551,2025-10-08,processing,web,238.45
607929,55826,2025-05-26,delivered,mobile_app,230.83
643131,35651,2025-06-27,delivered,web,40.49
631234,36535,2025-04-17,delivered,mobile_app,415.94
551398,50736,2025-10-11,delivered,mobile_app,174.98
985291,93023,2025-11-17,delivered,web,50.99
970580,38933,2025-11-08,returned,marketplace,408.94
550468,16036,2025-11-22,delivered,web,357.91
971481,34508,2025-12-14,delivered,mobile_app,276.82
591602,28913,2025-09-17,delivered,mobile_app,306.84
926119,46567,2025-11-22,delivered,web,69.94
513140,13260,2025-10-04,delivered,web,104.94
864814,96279,2025-09-11,delivered,mobile_app,273.75
529398,85477,2025-12-07,delivered,web,638.94
767303,13138,2025-11-21,delivered,mobile_app,78.94
677975,50736,2025-12-02,delivered,marketplace,84.48
978532,52420,2025-06-20,cancelled,mobile_app,297.96
756192,12693,2025-07-11,delivered,mobile_app,444.8
949726,38212,2025-10-08,delivered,web,174.96
504418,92622,2025-02-13,delivered,mobile_app,570.84
812285,85581,2025-11-14,returned,web,117.97
711024,97487,2025-12-15,delivered,mobile_app,1622.7
647986,41231,2025-01-07,delivered,marketplace,83.97
751765,26767,2025-03-28,delivered,mobile_app,201.27
856381,32907,2025-12-21,delivered,web,598.87
879325,70796,2025-12-27,delivered,marketplace,45.99
707159,89852,2025-02-06,delivered,web,137.74
636655,14718,2025-08-27,returned,mobile_app,159.97
690884,44989,2025-10-17,delivered,web,1227.19
743571,27665,2025-06-07,delivered,web,55.48
704613,48809,2025-06-08,delivered,mobile_app,416.96
944933,58874,2025-12-28,delivered,marketplace,197.39
724067,13302,2025-04-09,delivered,marketplace,300.98
593075,58235,2025-11-20,delivered,mobile_app,95.49
501137,15811,2025-02-05,delivered,marketplace,79.99
507497,99566,2025-11-06,delivered,web,590.81
850314,22357,2025-12-12,delivered,mobile_app,68.97
754590,19213,2025-10-07,delivered,mobile_app,156.74
724274,87530,2025-12-13,shipped,mobile_app,52.98
510207,64009,2025-07-14,delivered,mobile_app,57.48
987615,13772,2025-01-25,delivered,web,95.85
537539,51192,2025-07-15,delivered,mobile_app,133.88
956383,34058,2025-12-14,shipped,marketplace,355.98
999419,77606,2025-01-03,cancelled,mobile_app,53.99
784664,83565,2025-06-25,delivered,mobile_app,35.9
684749,13566,2025-07-12,delivered,mobile_app,419.92
875446,48942,2025-07-06,shipped,web,468.0
891473,43406,2025-02-19,delivered,web,14.49
718399,87562,2025-11-03,delivered,web,98.99
518491,21708,2025-04-11,processing,marketplace,561.7
566628,43013,2025-07-07,cancelled,web,312.42
978160,52814,2025-12-05,delivered,web,52.99
803533,46567,2025-05-10,delivered,web,305.85
711155,10117,2025-02-24,delivered,web,521.84
574003,10985,2025-07-22,processing,mobile_app,222.91
511885,71019,2025-11-09,delivered,mobile_app,319.98
647183,88088,2025-07-22,delivered,web,240.97
809411,44452,2025-07-23,delivered,mobile_app,57.48
626907,27171,2025-11-10,delivered,web,137.94
578398,46567,2025-02-09,delivered,mobile_app,327.37
644695,72561,2025-12-28,delivered,mobile_app,271.39
666755,15380,2025-05-09,delivered,web,252.47
712196,34139,2025-03-19,delivered,marketplace,52.95
661362,92078,2025-12-14,shipped,marketplace,198.89
963632,58213,2025-12-21,delivered,mobile_app,189.9
867909,97610,2025-10-22,delivered,web,954.7
692634,23919,2025-12-26,delivered,web,200.43
584227,46795,2025-12-22,delivered,web,336.97
702075,60518,2025-11-11,delivered,web,190.97
700435,76708,2025-07-02,processing,web,156.93
845983,58752,2025-08-18,delivered,mobile_app,61.98
611854,18017,2025-05-24,delivered,web,224.89
840556,25279,2025-03-13,processing,web,412.84
806274,85703,2025-02-26,delivered,marketplace,628.94
958656,53430,2025-11-18,delivered,web,439.91
561028,87057,2025-10-10,delivered,mobile_app,465.37
666986,22751,2025-12-17,delivered,web,232.81
748215,75960,2025-11-27,delivered,web,126.97
685442,33311,2025-07-15,delivered,mobile_app,724.79
997588,81688,2025-08-22,processing,mobile_app,97.98
533084,78225,2025-11-17,delivered,web,533.94
869313,84502,2025-08-02,delivered,marketplace,66.75
577771,47191,2025-05-05,delivered,web,343.92
504076,46567,2025-01-25,shipped,mobile_app,25.99
875467,90807,2025-11-27,delivered,web,18.99
521580,90807,2025-02-16,delivered,web,80.99
955773,34231,2025-11-09,cancelled,web,298.83
798946,40198,2025-03-05,delivered,mobile_app,125.48
767937,22344,2025-12-16,delivered,web,313.9
865776,55826,2025-06-21,delivered,web,149.98
636618,99228,2025-10-02,delivered,web,16.0
562770,13371,2025-06-08,delivered,web,52.99
629849,18388,2025-11-03,delivered,web,309.46
962772,21476,2025-06-14,shipped,web,232.97
973698,73819,2025-01-05,delivered,marketplace,217.96
892118,43363,2025-07-04,delivered,mobile_app,183.43
958860,15226,2025-11-17,delivered,web,81.9
611037,26142,2025-04-04,delivered,web,76.93
537097,70999,2025-12-09,delivered,web,626.91
782106,41461,2025-03-23,processing,mobile_app,339.43
706502,53263,2025-09-11,delivered,web,450.94
505370,15702,2025-04-26,delivered,marketplace,264.95
600894,24141,2025-10-20,shipped,mobile_app,497.88
980782,35501,2025-09-01,delivered,mobile_app,390.96
790694,95486,2025-07-07,shipped,mobile_app,262.52
530483,36158,2025-09-17,delivered,mobile_app,399.9
641845,74423,2025-03-27,delivered,web,373.76
745685,57640,2025-11-19,processing,mobile_app,192.43
775438,46795,2025-05-19,delivered,mobile_app,66.44
837917,53532,2025-11-15,delivered,marketplace,428.94
905064,93744,2025-02-27,delivered,web,104.96
937675,26142,2025-01-01,processing,mobile_app,215.97
988696,36289,2025-11-14,cancelled,mobile_app,357.87
611825,32305,2025-06-16,delivered,web,94.93
807819,71027,2025-03-10,delivered,web,145.83
548250,63302,2025-03-28,delivered,web,231.41
958949,90173,2025-07-10,delivered,mobile_app,631.35
598856,50602,2025-10-21,delivered,web,129.48
773325,52814,2025-02-17,shipped,mobile_app,525.23
592929,20828,2025-10-21,delivered,web,388.0
803843,68818,2025-11-09,shipped,web,129.9
865225,53960,2025-05-08,cancelled,web,159.98
879893,10786,2025-03-17,delivered,web,197.97
622145,69588,2025-06-24,delivered,web,784.84
940723,34066,2025-11-16,delivered,mobile_app,63.95
910969,84213,2025-12-23,processing,mobile_app,662.9
578064,25460,2025-03-22,shipped,mobile_app,452.9
779374,22741,2025-08-08,delivered,marketplace,85.92
674781,26788,2025-09-09,delivered,web,376.97
574441,89452,2025-02-07,delivered,web,202.9
999993,18256,2025-01-12,delivered,marketplace,361.87
687356,18195,2025-05-22,delivered,web,159.78
740477,91499,2025-06-03,delivered,web,28.49
589906,58213,2025-12-08,delivered,mobile_app,11.99
960649,17589,2025-12-09,delivered,web,210.88
732358,89372,2025-07-28,delivered,mobile_app,315.95
679576,54924,2025-12-24,delivered,marketplace,98.94
925461,57807,2025-02-17,delivered,mobile_app,701.8
563225,29383,2025-01-22,delivered,mobile_app,52.95
978442,24965,2025-05-18,delivered,mobile_app,412.91
921065,51205,2025-06-15,delivered,mobile_app,585.89
905704,19116,2025-10-15,cancelled,web,64.97
882569,90775,2025-11-22,delivered,mobile_app,633.67
623977,47256,2025-12-26,cancelled,web,26.99
708921,27440,2025-05-01,processing,web,411.92
970964,60145,2025-04-20,delivered,marketplace,179.74
604987,34231,2025-05-24,delivered,mobile_app,483.82
964307,60670,2025-03-01,delivered,mobile_app,119.97
585082,68024,2025-11-01,delivered,mobile_app,206.83
702568,40143,2025-11-02,delivered,mobile_app,50.98
833284,73093,2025-02-22,delivered,web,80.97
556296,36077,2025-08-24,returned,marketplace,95.93
513545,24600,2025-08-03,shipped,web,899.95
594399,56385,2025-03-27,delivered,mobile_app,783.85
646421,24600,2025-12-25,processing,web,679.34
666278,48725,2025-06-21,delivered,mobile_app,319.95
520492,10205,2025-03-07,delivered,mobile_app,165.87
545907,34294,2025-10-20,shipped,mobile_app,405.55
503433,16599,2025-01-08,delivered,web,242.44
662171,21648,2025-01-17,delivered,mobile_app,100.97
826692,18421,2025-02-02,delivered,marketplace,1121.73
818396,15428,2025-12-06,delivered,mobile_app,390.39
544342,23467,2025-09-23,delivered,mobile_app,341.94
659343,15380,2025-01-04,shipped,web,59.94
540341,71669,2025-12-10,delivered,mobile_app,638.57
649111,50649,2025-01-15,delivered,mobile_app,281.45
818685,69505,2025-11-07,delivered,mobile_app,38.47
678961,52901,2025-08-21,shipped,mobile_app,238.95
998830,17033,2025-03-12,delivered,marketplace,241.83
520241,22365,2025-01-19,delivered,mobile_app,486.77
729332,65661,2025-12-09,delivered,mobile_app,237.85
503019,90807,2025-09-08,delivered,mobile_app,1121.81
661735,39502,2025-05-02,delivered,web,1058.93
664779,66483,2025-11-08,processing,mobile_app,119.47
623253,75486,2025-12-18,delivered,marketplace,397.72
542781,17655,2025-06-19,delivered,web,69.99
846021,66313,2025-03-23,shipped,mobile_app,123.92
890421,39794,2025-12-11,delivered,mobile_app,78.99
931563,92756,2025-12-26,delivered,web,191.99
811581,23267,2025-04-05,delivered,marketplace,1013.83
593268,21912,2025-09-23,cancelled,mobile_app,68.98
789626,82938,2025-12-10,delivered,marketplace,301.97
986592,20941,2025-11-06,processing,mobile_app,25.99
725578,92807,2025-12-05,shipped,mobile_app,318.98
799892,20915,2025-07-18,cancelled,web,525.7
802732,52697,2025-01-25,delivered,mobile_app,124.92
618551,21840,2025-06-22,delivered,web,193.97
754159,16172,2025-12-07,delivered,mobile_app,47.99
634604,95801,2025-08-15,delivered,web,1089.5
950806,48293,2025-07-23,shipped,marketplace,433.85
979442,14753,2025-06-28,delivered,mobile_app,600.94
927185,47191,2025-08-15,delivered,mobile_app,1392.44
984496,61415,2025-09-01,delivered,web,190.49
910978,94201,2025-11-01,delivered,web,331.77
855154,14005,2025-12-05,returned,marketplace,79.99
845094,40419,2025-09-15,shipped,mobile_app,290.83
503857,79526,2025-09-26,processing,web,361.88
623869,85268,2025-01-09,returned,web,44.94
796611,58121,2025-09-14,delivered,web,79.94
555956,50046,2025-06-14,delivered,web,335.45
681638,15639,2025-11-20,delivered,marketplace,367.95
773830,27021,2025-11-25,delivered,mobile_app,240.91
990976,58629,2025-12-02,processing,web,514.69
593136,34787,2025-02-12,delivered,mobile_app,196.65
832529,85182,2025-11-24,delivered,web,73.91
938595,27171,2025-07-05,delivered,web,81.98
802283,64494,2025-12-01,cancelled,mobile_app,9.95
857444,80147,2025-05-10,delivered,web,260.71
578609,21470,2025-09-18,processing,mobile_app,786.07
949898,70930,2025-01-03,delivered,web,29.9
822885,91464,2025-12-02,delivered,mobile_app,237.86
546174,21476,2025-08-07,processing,web,161.97
577612,64009,2025-10-16,delivered,web,89.99
612757,17655,2025-10-23,delivered,mobile_app,866.77
807704,60066,2025-10-24,returned,web,143.98
517248,80903,2025-02-24,delivered,web,274.4
796889,31206,2025-11-18,delivered,marketplace,352.99
524142,83373,2025-10-28,delivered,marketplace,344.79
910699,31559,2025-09-08,delivered,web,37.99
924060,49929,2025-11-06,delivered,mobile_app,19.98
778955,94292,2025-08-19,processing,web,371.41
651296,10536,2025-06-14,delivered,web,18.99
831207,50943,2025-03-03,delivered,web,754.86
564092,63662,2025-10-08,delivered,mobile_app,207.83
758523,58045,2025-04-03,delivered,marketplace,81.94
858533,73046,2025-12-10,delivered,mobile_app,47.85
993846,92366,2025-11-05,shipped,mobile_app,191.98
955354,41802,2025-10-06,delivered,marketplace,177.82
939131,17819,2025-11-10,returned,mobile_app,10.99
635526,49273,2025-07-28,shipped,marketplace,223.97
849695,94863,2025-10-04,processing,mobile_app,205.98
931636,90734,2025-04-21,delivered,mobile_app,4.49
691111,52697,2025-04-19,delivered,mobile_app,168.91
516357,98751,2025-01-15,delivered,marketplace,263.73
861202,91510,2025-12-16,processing,web,43.95
807885,93023,2025-07-08,delivered,web,175.99
952962,73777,2025-06-23,delivered,marketplace,5.99
613911,31607,2025-11-14,delivered,web,120.92
903527,46298,2025-11-21,cancelled,web,153.98
868922,92843,2025-04-20,processing,mobile_app,299.84
694000,72476,2025-11-27,delivered,mobile_app,383.7
513815,86189,2025-12-18,delivered,mobile_app,140.95
649855,27665,2025-03-25,shipped,web,341.22
835414,72518,2025-11-27,delivered,mobile_app,405.85
718290,12047,2025-04-13,delivered,marketplace,74.99
878502,63781,2025-12-15,delivered,mobile_app,431.8
751139,23030,2025-10-18,shipped,mobile_app,164.94
955421,72693,2025-09-22,shipped,web,164.97
609782,45044,2025-12-13,delivered,mobile_app,317.87
598218,66796,2025-10-04,delivered,mobile_app,346.83
640939,43363,2025-10-05,delivered,mobile_app,457.41
710100,41130,2025-12-21,delivered,mobile_app,471.47
903065,56004,2025-12-20,shipped,mobile_app,58.99
590658,63053,2025-10-13,cancelled,web,260.92
892922,93023,2025-09-26,delivered,mobile_app,23.99
504359,40590,2025-12-16,delivered,mobile_app,134.5
551917,44452,2025-12-07,delivered,web,314.9
864155,41802,2025-10-20,delivered,marketplace,125.98
856607,29840,2025-03-08,returned,marketplace,88.85
590715,84968,2025-03-09,shipped,mobile_app,180.99
537026,98339,2025-05-02,processing,web,146.88
583832,35852,2025-04-17,shipped,mobile_app,148.98
537138,49096,2025-10-14,processing,mobile_app,88.93
955006,35240,2025-10-04,delivered,web,1088.83
702536,58752,2025-12-27,delivered,web,161.95
925336,84186,2025-09-17,delivered,web,28.49
924437,29894,2025-05-27,shipped,mobile_app,52.48
574199,50277,2025-11-23,delivered,mobile_app,218.95
927771,84502,2025-08-16,delivered,mobile_app,235.94
937776,71761,2025-01-25,returned,marketplace,189.39
548145,93023,2025-04-10,delivered,web,465.93
549243,25286,2025-04-01,delivered,marketplace,241.47
572892,51533,2025-12-06,delivered,web,804.94
520748,29666,2025-08-05,delivered,web,59.9
843463,57807,2025-02-04,delivered,web,404.95
521426,93023,2025-12-07,delivered,mobile_app,119.99
925957,40800,2025-11-27,cancelled,web,113.94
860074,27665,2025-10-24,delivered,web,302.35
741762,61405,2025-09-05,delivered,mobile_app,145.34
931105,55279,2025-07-07,shipped,marketplace,118.81
693491,83047,2025-04-25,delivered,marketplace,1120.82
737836,66751,2025-02-12,processing,marketplace,1348.44
946301,67895,2025-09-25,delivered,web,91.98
887541,45754,2025-09-26,delivered,marketplace,53.98
723316,95486,2025-08-07,delivered,mobile_app,998.92
680840,58045,2025-12-17,delivered,web,44.99
550146,76153,2025-10-12,delivered,mobile_app,164.95
942691,51241,2025-07-28,delivered,mobile_app,173.95
985400,73777,2025-01-10,delivered,web,333.62
814873,78684,2025-03-12,cancelled,mobile_app,838.86
982047,18457,2025-02-15,delivered,mobile_app,365.95
876711,76708,2025-07-14,delivered,mobile_app,220.39
998948,40314,2025-05-21,delivered,mobile_app,124.97
675394,12567,2025-10-02,cancelled,web,7.99
542670,82151,2025-01-25,delivered,web,33.98
925626,76188,2025-02-25,delivered,web,332.5
780857,78087,2025-10-07,delivered,web,57.47
542243,77565,2025-04-13,shipped,web,346.86
698209,90734,2025-11-17,delivered,web,116.97
913362,70805,2025-01-15,delivered,mobile_app,65.98
969230,80903,2025-01-11,delivered,web,580.92
542979,94018,2025-05-19,delivered,web,1275.91
540299,41403,2025-03-09,delivered,web,238.73
839497,15639,2025-10-04,delivered,marketplace,47.94
887816,11378,2025-12-14,delivered,mobile_app,268.84
698806,74510,2025-10-26,delivered,web,515.43
527323,81011,2025-10-05,delivered,web,629.9
610338,52016,2025-06-23,delivered,web,131.95
576524,53849,2025-12-03,delivered,mobile_app,39.99
932377,30891,2025-02-04,delivered,web,634.97
623236,39695,2025-07-15,delivered,web,130.95
684500,33318,2025-06-08,delivered,web,789.73
582833,93038,2025-09-02,delivered,mobile_app,438.91
583909,19903,2025-03-28,delivered,marketplace,609.95
935435,69590,2025-09-24,delivered,mobile_app,308.83
730962,93989,2025-02-14,delivered,mobile_app,328.0
838309,24019,2025-11-16,delivered,web,39.99
920222,64494,2025-10-10,delivered,marketplace,68.94
542605,15674,2025-11-03,shipped,mobile_app,615.91
513912,22357,2025-06-14,delivered,mobile_app,265.99
820808,28975,2025-07-02,delivered,mobile_app,183.96
662066,51931,2025-09-04,returned,web,36.99
741819,10764,2025-11-19,delivered,mobile_app,485.97
717607,26793,2025-04-28,delivered,marketplace,69.99
926545,92291,2025-02-17,delivered,mobile_app,300.82
739873,20453,2025-10-18,delivered,marketplace,488.42
741460,19116,2025-02-20,delivered,web,341.82
928274,90045,2025-06-15,delivered,web,79.95
751737,19877,2025-03-13,delivered,marketplace,112.98
788035,88593,2025-09-07,delivered,mobile_app,843.97
741368,51241,2025-12-14,delivered,web,69.9
630058,59428,2025-11-04,delivered,mobile_app,403.41
844069,51452,2025-03-10,delivered,mobile_app,795.45
524530,58138,2025-01-06,delivered,mobile_app,839.82
745164,51425,2025-11-24,delivered,mobile_app,256.69
989145,51627,2025-06-23,cancelled,web,390.97
768541,28151,2025-01-20,delivered,mobile_app,302.88
659308,62324,2025-05-15,delivered,mobile_app,277.96
972422,71838,2025-08-10,delivered,web,51.88
531385,84853,2025-09-13,processing,web,167.92
902447,95182,2025-04-18,delivered,mobile_app,427.89
962758,53430,2025-10-12,delivered,marketplace,49.95
621420,10032,2025-07-20,processing,mobile_app,1043.54
605513,85088,2025-02-11,delivered,web,203.88
797879,86175,2025-05-08,cancelled,web,1593.94
924603,15671,2025-04-19,delivered,mobile_app,210.94
826885,75116,2025-07-22,delivered,mobile_app,278.98
561132,14781,2025-03-25,delivered,web,59.48
581632,81234,2025-07-18,delivered,web,518.91
728065,20915,2025-05-27,delivered,marketplace,181.98
915289,21508,2025-05-23,delivered,web,142.87
888722,83047,2025-09-28,shipped,web,239.99
924557,20860,2025-11-28,delivered,mobile_app,42.99
797392,53455,2025-01-27,delivered,mobile_app,810.74
599928,54576,2025-05-20,shipped,marketplace,234.93
876756,48079,2025-05-18,shipped,web,296.99
947066,17759,2025-11-24,processing,web,141.47
570750,51702,2025-03-10,processing,web,779.95
626813,80252,2025-06-12,delivered,web,196.48
553418,30114,2025-02-07,delivered,web,120.93
751346,71669,2025-04-08,delivered,web,53.95
569713,65468,2025-08-03,delivered,marketplace,131.96
924871,43330,2025-02-26,delivered,marketplace,229.78
867954,77493,2025-08-11,delivered,mobile_app,87.8
743655,23297,2025-05-21,delivered,mobile_app,177.98
859865,16924,2025-10-09,delivered,web,729.91
670493,46918,2025-04-03,delivered,web,652.87
626966,40800,2025-10-23,delivered,marketplace,62.99
787734,19668,2025-11-02,cancelled,web,21.98
884742,90777,2025-11-23,delivered,mobile_app,493.88
547129,83394,2025-10-06,delivered,mobile_app,32.0
710749,89030,2025-02-02,delivered,marketplace,197.94
941504,63456,2025-05-19,shipped,web,11.49
871295,19116,2025-03-13,delivered,mobile_app,117.45
937630,71983,2025-04-04,delivered,mobile_app,27.99
833621,41172,2025-09-04,delivered,web,111.96
603457,35651,2025-12-17,delivered,marketplace,771.76
541400,60066,2025-02-11,delivered,mobile_app,581.94
736930,44612,2025-01-17,delivered,web,365.47
564026,64009,2025-12-02,shipped,web,107.96
752378,26223,2025-11-16,delivered,marketplace,209.92
723545,26142,2025-08-21,delivered,mobile_app,91.94
664102,39664,2025-02-28,delivered,mobile_app,677.92
512155,20862,2025-09-26,delivered,mobile_app,413.94
771450,34804,2025-10-13,delivered,web,365.93
607848,78237,2025-10-24,delivered,web,282.41
933759,99446,2025-03-02,delivered,web,34.95
644309,30343,2025-02-18,returned,mobile_app,41.94
614776,13801,2025-06-02,cancelled,web,16.49
568265,46965,2025-12-09,delivered,mobile_app,107.97
675903,48950,2025-02-27,delivered,web,492.93
621492,27560,2025-05-24,delivered,mobile_app,199.92
640276,63302,2025-09-23,cancelled,mobile_app,14.99
610569,68219,2025-12-06,delivered,marketplace,118.88
830598,80741,2025-01-12,delivered,marketplace,20.99
930288,88564,2025-12-13,delivered,web,151.72
910285,14222,2025-05-09,delivered,web,466.87
547340,94973,2025-09-09,delivered,web,287.87
922754,93155,2025-07-01,delivered,marketplace,521.68
561698,28175,2025-03-27,delivered,mobile_app,275.9
523039,62983,2025-03-22,delivered,web,15.99
502285,64597,2025-03-12,returned,mobile_app,805.95
758397,47689,2025-01-04,delivered,mobile_app,30.89
745237,72088,2025-11-16,returned,marketplace,153.48
581978,50244,2025-11-09,delivered,web,4.99
570131,48942,2025-10-27,delivered,web,8.95
572579,72193,2025-02-17,processing,mobile_app,125.84
840489,53542,2025-11-18,delivered,web,187.96
546509,46795,2025-08-23,delivered,web,413.75
938643,96821,2025-02-19,delivered,marketplace,543.93
861536,30786,2025-09-16,delivered,mobile_app,53.48
903641,25539,2025-09-22,delivered,mobile_app,171.97
788287,21800,2025-05-02,delivered,mobile_app,244.92
761103,47936,2025-06-12,delivered,web,537.84
794328,38463,2025-06-13,delivered,mobile_app,197.87
668456,93989,2025-07-20,delivered,web,47.99
592590,78684,2025-09-01,delivered,mobile_app,182.49
637448,97434,2025-12-18,delivered,web,289.44
909358,24975,2025-10-16,delivered,mobile_app,230.91
871275,70805,2025-11-21,delivered,mobile_app,239.99
722677,13875,2025-07-10,shipped,mobile_app,193.98
865044,24419,2025-04-23,delivered,web,51.94
924855,70347,2025-10-08,delivered,web,112.96
659154,87815,2025-07-25,delivered,web,25.98
946945,94201,2025-07-18,delivered,web,34.95
994541,18296,2025-05-02,delivered,web,142.97
639035,28695,2025-12-26,delivered,mobile_app,243.94
571344,53966,2025-04-04,delivered,mobile_app,309.23
829667,82716,2025-03-28,shipped,web,307.93
914505,71107,2025-10-12,delivered,mobile_app,88.97
824718,34231,2025-02-28,delivered,web,1033.53
718174,31559,2025-12-13,shipped,web,303.81
504847,91793,2025-08-16,delivered,web,460.95
945500,87057,2025-10-12,cancelled,marketplace,570.39
501201,59663,2025-04-05,delivered,mobile_app,1198.96
563600,73839,2025-05-18,delivered,web,322.9
997974,63456,2025-09-23,delivered,mobile_app,49.47
726294,39512,2025-12-16,delivered,web,335.92
848360,42992,2025-02-20,shipped,mobile_app,329.89
666701,15850,2025-09-21,shipped,mobile_app,92.97
766337,47689,2025-11-27,delivered,mobile_app,176.98
755616,33481,2025-02-27,delivered,mobile_app,361.96
981158,24965,2025-02-21,cancelled,web,160.84
710786,48584,2025-01-11,delivered,marketplace,654.91
682346,49859,2025-07-23,shipped,mobile_app,1073.71
601013,85703,2025-11-02,delivered,web,208.89
877509,17854,2025-01-04,delivered,web,239.81
596309,85095,2025-11-09,cancelled,mobile_app,164.0
750928,80903,2025-02-02,returned,web,487.84
585222,40057,2025-09-14,delivered,marketplace,150.44
566151,83305,2025-12-16,processing,web,334.7
714156,24600,2025-08-03,delivered,web,289.95
908964,15593,2025-11-25,delivered,marketplace,467.95
806936,18195,2025-11-24,delivered,mobile_app,185.97
553160,66796,2025-12-16,delivered,marketplace,777.86
714695,48584,2025-03-20,returned,mobile_app,593.74
943882,63690,2025-12-11,shipped,marketplace,135.98
660628,34231,2025-10-10,delivered,mobile_app,80.97
660321,86576,2025-12-11,delivered,mobile_app,357.46
763413,47113,2025-03-02,shipped,marketplace,187.98
751258,23267,2025-02-25,cancelled,mobile_app,46.93
649524,33505,2025-12-05,delivered,web,186.84
899455,11211,2025-11-14,delivered,mobile_app,312.83
579103,58782,2025-03-15,returned,mobile_app,183.85
743409,58629,2025-09-07,shipped,mobile_app,255.97
529000,89442,2025-06-21,delivered,web,110.88
884346,97643,2025-10-19,delivered,mobile_app,208.96
768758,41529,2025-12-25,delivered,marketplace,461.77
731610,87428,2025-01-06,delivered,web,928.94
520626,55727,2025-12-05,shipped,mobile_app,159.88
763479,13801,2025-01-15,delivered,mobile_app,294.95
785435,75455,2025-08-13,shipped,mobile_app,19.95
656431,86189,2025-06-22,delivered,web,240.47
943225,91399,2025-11-19,delivered,web,252.89
528158,24623,2025-02-22,delivered,mobile_app,134.43
810953,84912,2025-02-01,delivered,mobile_app,586.44
588472,10205,2025-07-15,delivered,web,129.9
573142,60242,2025-08-24,delivered,mobile_app,143.98
630492,84881,2025-05-16,delivered,mobile_app,686.94
830761,11368,2025-12-04,delivered,mobile_app,523.92
618452,32305,2025-05-26,delivered,mobile_app,124.45
560916,14499,2025-06-27,delivered,mobile_app,135.97
787963,34277,2025-10-16,processing,mobile_app,67.9
570108,96266,2025-12-04,delivered,web,13.49
728542,86478,2025-10-20,delivered,mobile_app,185.45
746066,17969,2025-06-01,processing,mobile_app,155.84
820018,69590,2025-10-15,delivered,web,286.89
903545,98584,2025-04-18,processing,marketplace,357.81
829333,84627,2025-04-15,delivered,web,524.9
850185,78866,2025-09-23,cancelled,web,42.0
514530,85091,2025-03-13,delivered,marketplace,439.96
912491,36289,2025-03-07,delivered,mobile_app,231.36
811240,41231,2025-12-06,delivered,web,667.68
958995,39351,2025-03-10,delivered,web,34.94
656852,56868,2025-10-27,delivered,web,606.38
847609,47151,2025-11-04,delivered,web,83.97
716443,21508,2025-04-06,delivered,web,113.29
695194,13930,2025-07-26,delivered,mobile_app,506.83
945193,68260,2025-07-28,shipped,web,150.89
993457,86670,2025-04-17,delivered,mobile_app,346.79
841531,13309,2025-03-17,delivered,mobile_app,409.8
524854,71019,2025-10-12,delivered,web,85.98
825550,46965,2025-08-23,cancelled,mobile_app,455.89
835956,66751,2025-03-01,delivered,mobile_app,322.88
991528,49034,2025-06-23,delivered,mobile_app,203.84
557329,70999,2025-12-20,delivered,web,48.0
928035,12056,2025-05-09,cancelled,mobile_app,273.94
962157,65190,2025-10-19,processing,mobile_app,254.98
677313,85390,2025-10-06,delivered,web,229.91
842362,52192,2025-09-07,returned,web,291.89
683501,34746,2025-02-22,shipped,web,10.99
992909,10764,2025-04-05,returned,mobile_app,53.95
560962,21155,2025-10-22,delivered,mobile_app,489.84
906674,67648,2025-10-16,shipped,mobile_app,94.99
634712,59586,2025-04-13,delivered,mobile_app,87.96
960906,75470,2025-12-12,shipped,mobile_app,222.0
748525,31880,2025-09-04,delivered,web,292.74
537880,68737,2025-05-16,delivered,mobile_app,663.75
747451,25806,2025-10-10,delivered,mobile_app,971.8
953070,19568,2025-12-03,delivered,web,647.27
656732,91211,2025-12-06,delivered,web,132.84
624417,71819,2025-07-04,delivered,mobile_app,248.88
587920,98359,2025-08-13,delivered,web,102.9
572952,46066,2025-06-25,shipped,marketplace,595.68
728134,71939,2025-12-10,delivered,marketplace,1106.37
949449,20559,2025-03-01,returned,web,402.45
862501,90734,2025-03-24,delivered,mobile_app,40.98
563308,82230,2025-08-01,delivered,web,1094.63
570453,79526,2025-01-16,delivered,web,440.85
560635,22700,2025-04-25,delivered,web,1003.74
765611,28223,2025-12-02,cancelled,marketplace,852.87
854808,59663,2025-03-09,delivered,mobile_app,498.32
762983,95122,2025-05-24,delivered,marketplace,470.88
695500,77912,2025-07-25,delivered,mobile_app,143.46
960803,95646,2025-12-11,delivered,marketplace,317.47
756690,48584,2025-02-16,delivered,mobile_app,290.97
589950,33940,2025-09-20,delivered,marketplace,540.44
817668,47191,2025-02-17,delivered,mobile_app,52.48
584995,48020,2025-12-22,shipped,web,352.95
750828,18734,2025-10-27,delivered,web,152.96
615960,45292,2025-11-09,returned,mobile_app,25.95
853815,43428,2025-09-19,delivered,mobile_app,355.95
742990,16270,2025-12-15,delivered,mobile_app,250.94
782094,13005,2025-10-12,shipped,marketplace,49.98
842988,18421,2025-12-27,shipped,web,109.92
709576,47386,2025-03-10,delivered,marketplace,74.95
557223,32292,2025-08-25,delivered,mobile_app,95.92
807407,29452,2025-10-08,processing,web,23.99
663303,14355,2025-11-15,delivered,mobile_app,150.88
697353,43429,2025-12-21,delivered,mobile_app,107.9
626854,14873,2025-09-14,delivered,mobile_app,35.9
953106,41131,2025-10-05,delivered,mobile_app,43.96
694871,29307,2025-12-03,delivered,mobile_app,87.9
606161,54491,2025-06-24,delivered,mobile_app,219.94
547091,36535,2025-05-05,delivered,mobile_app,176.46
852524,20559,2025-04-18,shipped,web,139.96
524053,46737,2025-11-17,delivered,marketplace,59.99
700298,79673,2025-11-27,delivered,web,205.98
736006,11960,2025-11-07,delivered,marketplace,286.97
916978,68024,2025-03-12,delivered,mobile_app,606.78
790180,43013,2025-08-01,delivered,web,150.87
846532,35170,2025-05-17,delivered,web,129.99
986059,98981,2025-01-10,delivered,web,70.99
712022,40198,2025-12-03,delivered,web,337.99
983290,63875,2025-10-11,shipped,mobile_app,167.93
647517,57056,2025-08-16,cancelled,mobile_app,245.95
560828,83394,2025-02-04,delivered,marketplace,82.48
959851,23192,2025-12-15,delivered,web,323.96
960300,80139,2025-03-15,shipped,web,177.98
834135,25934,2025-06-02,delivered,mobile_app,297.71
621322,68024,2025-12-06,processing,mobile_app,31.95
913179,40057,2025-11-04,returned,marketplace,561.89
578489,84881,2025-01-21,delivered,web,147.87
528586,70260,2025-01-03,delivered,web,578.96
570646,61822,2025-05-18,delivered,web,212.9
836128,93023,2025-11-03,delivered,marketplace,26.99
670241,51811,2025-01-09,delivered,mobile_app,131.42
905803,95234,2025-11-07,delivered,marketplace,454.39
720728,74722,2025-11-07,delivered,mobile_app,153.82
622095,32477,2025-09-19,returned,web,418.91
755609,60455,2025-04-08,delivered,mobile_app,285.37
762233,81886,2025-10-16,delivered,mobile_app,415.94
696571,54010,2025-10-21,delivered,mobile_app,17.99
823946,25608,2025-12-05,processing,mobile_app,500.37
775362,85217,2025-12-11,delivered,web,9.95
755277,89446,2025-11-09,cancelled,web,568.74
984293,41328,2025-02-03,delivered,mobile_app,777.94
822199,21476,2025-11-20,delivered,marketplace,16.0
688685,47105,2025-06-22,cancelled,web,22.99
636560,39794,2025-08-10,delivered,mobile_app,161.94
619214,47677,2025-11-14,delivered,web,28.99
778646,74533,2025-12-16,delivered,mobile_app,15.99
546633,52379,2025-03-18,delivered,web,86.39
597848,38805,2025-07-23,delivered,mobile_app,320.87
768702,42992,2025-07-23,delivered,marketplace,145.96
992803,95684,2025-03-24,delivered,mobile_app,145.96
902932,60145,2025-03-28,delivered,marketplace,180.84
578223,15473,2025-11-08,delivered,web,445.92
530290,46965,2025-05-28,delivered,marketplace,1157.94
561474,73777,2025-12-05,delivered,web,227.83
618950,41403,2025-02-09,delivered,web,16.0
768087,71607,2025-11-17,delivered,mobile_app,64.89
691608,66796,2025-11-17,delivered,mobile_app,107.99
727064,23274,2025-02-18,delivered,mobile_app,144.48
540822,79078,2025-09-05,returned,mobile_app,550.7
612764,13553,2025-02-08,shipped,mobile_app,285.88
683622,32479,2025-07-19,shipped,mobile_app,73.95
926298,33311,2025-07-08,delivered,mobile_app,214.42
603296,21476,2025-12-21,delivered,web,257.89
856411,33977,2025-11-22,delivered,marketplace,342.8
844974,10387,2025-10-03,delivered,web,717.97
900862,46662,2025-09-22,returned,web,63.99
784753,30891,2025-11-07,shipped,mobile_app,302.95
646950,74555,2025-10-17,delivered,web,95.99
635420,89446,2025-06-16,delivered,mobile_app,145.38
694540,93023,2025-05-01,processing,mobile_app,125.46
782599,39786,2025-02-11,delivered,mobile_app,378.41
565245,51670,2025-05-07,delivered,web,101.85
847612,54347,2025-04-11,shipped,web,288.45
559232,14222,2025-02-02,delivered,web,145.79
974535,88379,2025-10-14,delivered,mobile_app,45.99
856961,60649,2025-10-20,delivered,mobile_app,325.78
849084,46662,2025-03-22,delivered,mobile_app,322.41
936327,12407,2025-02-17,delivered,web,260.92
583426,38463,2025-08-26,delivered,web,36.89
606632,29619,2025-09-19,delivered,web,66.98
876527,83342,2025-08-01,cancelled,marketplace,284.78
918038,45903,2025-11-03,delivered,mobile_app,96.93
678226,45419,2025-01-19,delivered,mobile_app,62.94
966052,82812,2025-05-28,delivered,web,488.67
933612,45754,2025-11-06,delivered,web,237.37
640272,86873,2025-01-10,delivered,mobile_app,90.94
575494,65521,2025-12-09,delivered,web,901.99
960651,31735,2025-10-01,processing,mobile_app,110.98
779200,15380,2025-12-04,delivered,web,113.97
975857,63122,2025-11-11,delivered,mobile_app,121.99
664455,97703,2025-12-28,delivered,marketplace,622.9
520487,95200,2025-10-25,delivered,mobile_app,75.39
692159,17655,2025-04-21,delivered,mobile_app,607.89
685669,65352,2025-09-26,delivered,mobile_app,631.83
998528,85390,2025-05-13,delivered,mobile_app,120.92
878776,61783,2025-07-23,delivered,marketplace,20.95
748041,22107,2025-07-24,delivered,mobile_app,108.99
684863,54576,2025-04-10,delivered,mobile_app,146.97
996683,15387,2025-08-18,delivered,marketplace,233.19
620317,14222,2025-06-28,delivered,web,203.76
676312,79902,2025-11-15,delivered,marketplace,34.95
995177,36590,2025-11-25,delivered,mobile_app,15.99
998897,34294,2025-07-06,delivered,marketplace,23.99
908090,63822,2025-05-06,delivered,web,58.0
968895,16511,2025-06-05,delivered,mobile_app,376.89
592710,58782,2025-10-04,delivered,mobile_app,16.95
973520,74785,2025-04-02,delivered,mobile_app,535.92
671887,53754,2025-09-08,delivered,web,192.88
586256,62179,2025-12-17,delivered,mobile_app,549.47
991634,31519,2025-02-04,returned,web,96.99
899339,30459,2025-09-27,processing,marketplace,353.9
521846,15380,2025-10-07,delivered,mobile_app,222.9
990854,73570,2025-05-06,delivered,mobile_app,729.86
603010,96584,2025-12-04,returned,mobile_app,88.44
632351,18256,2025-09-16,shipped,web,284.95
600085,30891,2025-10-09,delivered,web,785.73
844464,36561,2025-06-25,processing,web,47.95
698910,11751,2025-02-26,delivered,web,98.94
818884,78123,2025-02-25,delivered,web,1487.68
700393,62179,2025-09-09,delivered,mobile_app,103.96
523199,75927,2025-04-21,shipped,mobile_app,304.99
727762,28898,2025-11-20,delivered,web,304.9
975554,53542,2025-11-13,delivered,mobile_app,417.94
597752,21103,2025-11-22,delivered,mobile_app,265.78
609905,22624,2025-07-03,cancelled,mobile_app,334.4
721131,46391,2025-08-02,delivered,web,91.92
890896,15674,2025-11-18,delivered,web,257.44
782607,73839,2025-08-06,cancelled,marketplace,159.39
985413,80903,2025-04-12,delivered,mobile_app,888.24
546704,19213,2025-03-21,returned,mobile_app,85.9
715037,80502,2025-02-12,delivered,web,721.52
585970,63737,2025-08-10,processing,mobile_app,40.99
536437,62202,2025-12-17,delivered,web,260.93
705855,73119,2025-07-05,delivered,mobile_app,156.49
659955,39351,2025-08-09,shipped,web,51.93
746471,71928,2025-08-19,shipped,web,86.97
713130,34058,2025-01-27,delivered,marketplace,247.38
930221,90734,2025-05-16,delivered,web,366.95
994459,74722,2025-10-24,shipped,web,50.99
760323,97531,2025-11-28,delivered,web,327.97
779585,50004,2025-12-05,delivered,mobile_app,476.66
835737,50777,2025-11-17,shipped,mobile_app,322.93
598478,16036,2025-12-26,delivered,mobile_app,275.8
934704,37644,2025-11-14,delivered,web,94.46
745976,81673,2025-12-19,delivered,web,171.99
924479,34231,2025-11-11,shipped,mobile_app,32.99
508415,94863,2025-08-18,shipped,web,184.84
695617,36533,2025-09-08,delivered,web,33.95
655146,31559,2025-12-28,delivered,web,40.99
584432,94702,2025-03-18,shipped,web,90.49
711920,48992,2025-08-11,delivered,marketplace,88.99
598988,26219,2025-12-03,shipped,mobile_app,60.33
550094,58966,2025-11-03,delivered,mobile_app,584.84
824637,86873,2025-04-23,delivered,web,298.92
858941,21476,2025-10-01,delivered,web,137.99
756532,38537,2025-04-17,shipped,mobile_app,61.0
809907,44068,2025-12-19,returned,marketplace,44.97
510594,52901,2025-01-21,delivered,web,261.81
876796,14222,2025-04-14,delivered,mobile_app,331.96
534273,89536,2025-10-15,delivered,web,144.94
615088,38463,2025-02-02,delivered,web,252.47
745468,23818,2025-11-06,delivered,mobile_app,193.87
799053,28525,2025-11-13,shipped,web,272.96
672347,10764,2025-02-10,delivered,web,115.94
885848,35963,2025-02-19,delivered,web,63.95
987853,89372,2025-06-26,delivered,web,34.9
561174,22748,2025-12-23,delivered,mobile_app,104.45
668177,84164,2025-05-25,delivered,mobile_app,277.83
560969,74510,2025-03-21,returned,web,496.96
574662,70903,2025-10-09,returned,marketplace,41.99
839356,92644,2025-09-01,delivered,web,758.84
696380,98822,2025-01-02,shipped,web,265.86
809484,77235,2025-04-23,delivered,web,65.97
800688,52697,2025-03-03,delivered,mobile_app,177.93
997267,65468,2025-12-20,delivered,web,542.97
801687,75913,2025-08-12,shipped,mobile_app,386.93
725112,35585,2025-10-10,delivered,mobile_app,134.97
715600,51849,2025-04-17,delivered,marketplace,111.96
583297,15674,2025-08-10,shipped,mobile_app,552.8
581000,24478,2025-11-14,delivered,mobile_app,98.98
925639,16423,2025-01-10,delivered,web,333.0
912139,15952,2025-04-01,delivered,mobile_app,442.71
753107,99234,2025-12-06,delivered,mobile_app,133.87
650271,34294,2025-02-04,delivered,web,336.74
564308,90022,2025-01-01,delivered,mobile_app,258.95
528055,34294,2025-11-17,delivered,web,169.95
693010,93744,2025-02-24,delivered,web,80.43
942565,25395,2025-06-17,delivered,mobile_app,191.92
543963,80741,2025-12-01,delivered,mobile_app,272.94
787577,43872,2025-07-23,cancelled,web,314.94
754048,78866,2025-10-15,delivered,web,42.99
735777,24975,2025-09-21,delivered,mobile_app,98.95
700945,70999,2025-10-17,delivered,web,542.9
855351,17854,2025-11-14,delivered,web,112.95
735152,15492,2025-06-07,shipped,mobile_app,180.99
737163,36934,2025-07-16,delivered,web,273.95
634861,53430,2025-07-17,processing,mobile_app,562.88
675902,54347,2025-11-23,delivered,mobile_app,80.97
696638,70785,2025-06-01,delivered,web,455.49
623246,12567,2025-02-28,delivered,web,8.95
930119,98998,2025-10-13,delivered,web,484.91
673786,12671,2025-10-28,delivered,web,364.83
969637,13309,2025-07-10,processing,web,126.95
610186,57640,2025-08-27,delivered,web,331.81
852183,27266,2025-03-02,delivered,mobile_app,127.95
889986,74242,2025-03-13,shipped,mobile_app,226.39
950281,55325,2025-10-25,returned,web,829.44
894849,86365,2025-12-19,delivered,web,179.88
737994,58213,2025-09-13,cancelled,web,137.45
516077,44612,2025-12-18,shipped,web,374.87
653770,63737,2025-12-06,returned,mobile_app,207.96
546314,30114,2025-12-08,returned,web,912.82
916054,58138,2025-11-20,delivered,mobile_app,223.98
590827,77606,2025-07-09,delivered,web,309.91
772977,46567,2025-02-06,delivered,web,158.98
731429,40187,2025-09-03,delivered,web,77.93
518139,45756,2025-09-22,delivered,mobile_app,183.87
660481,14045,2025-11-17,delivered,mobile_app,237.97
910858,77858,2025-12-28,delivered,mobile_app,603.62
554743,75913,2025-03-14,delivered,marketplace,304.92
537870,24623,2025-11-01,delivered,marketplace,85.93
623461,61129,2025-04-17,delivered,mobile_app,53.95
547975,10183,2025-08-12,delivered,mobile_app,702.8
741859,43363,2025-12-22,delivered,mobile_app,281.91
881018,92326,2025-04-12,delivered,web,348.43
688247,51670,2025-01-23,delivered,web,56.97
735106,67895,2025-07-01,delivered,web,106.99
765737,81395,2025-02-20,delivered,web,635.95
546228,41529,2025-04-20,cancelled,web,763.89
562774,70429,2025-10-08,delivered,mobile_app,36.98
878286,80677,2025-12-25,delivered,mobile_app,626.97
848745,94547,2025-08-08,cancelled,web,691.31
821084,41767,2025-11-14,shipped,web,516.94
928750,46662,2025-06-03,returned,marketplace,27.99
571121,94833,2025-05-02,delivered,web,204.92
530116,55690,2025-02-12,delivered,web,74.88
758466,72987,2025-08-04,shipped,marketplace,42.0
862875,61665,2025-02-17,delivered,mobile_app,154.92
766988,67895,2025-03-27,delivered,mobile_app,116.97
933740,52038,2025-11-16,delivered,web,102.68
843258,37212,2025-08-07,delivered,mobile_app,277.89
585593,15380,2025-09-04,delivered,web,277.95
856018,36561,2025-08-13,processing,web,557.91
967802,41242,2025-10-14,delivered,mobile_app,438.94
687028,50613,2025-12-17,delivered,mobile_app,99.46
994997,75914,2025-03-19,delivered,web,420.8
766821,83932,2025-04-02,delivered,web,286.4
772333,61569,2025-05-12,cancelled,mobile_app,375.88
602688,34294,2025-09-09,delivered,marketplace,257.41
779872,97261,2025-11-23,delivered,web,466.27
951713,52697,2025-09-28,delivered,mobile_app,755.85
907818,89358,2025-11-28,cancelled,web,301.95
806606,24600,2025-05-15,delivered,mobile_app,484.37
955516,50642,2025-09-08,delivered,mobile_app,923.86
540889,83517,2025-04-12,returned,mobile_app,49.95
899913,17736,2025-07-07,delivered,mobile_app,10.99
815497,96287,2025-06-10,delivered,web,1531.84
841907,45874,2025-09-28,delivered,mobile_app,923.69
919742,14349,2025-08-17,processing,mobile_app,246.37
597504,14873,2025-06-07,delivered,web,696.82
993688,85062,2025-11-03,cancelled,web,318.98
807356,91211,2025-12-20,delivered,web,282.46
897762,72974,2025-03-12,cancelled,web,38.98
846358,96225,2025-02-14,delivered,web,105.95
571055,97531,2025-03-27,delivered,web,848.81
951468,71099,2025-05-18,delivered,mobile_app,156.99
874934,34890,2025-10-25,processing,web,435.74
843595,62983,2025-03-03,delivered,mobile_app,188.97
692075,18916,2025-05-04,delivered,web,16.95
566079,28898,2025-09-26,delivered,web,1037.13
703124,29794,2025-11-14,delivered,web,239.99
905982,93023,2025-11-20,delivered,mobile_app,227.92
751018,12573,2025-12-14,delivered,web,139.98
549562,36533,2025-04-19,delivered,mobile_app,172.91
567289,15593,2025-04-20,shipped,web,65.96
527172,37648,2025-06-21,delivered,marketplace,652.79
692360,25918,2025-03-10,delivered,mobile_app,161.88
823625,40401,2025-07-28,processing,web,391.74
583879,52016,2025-04-21,processing,mobile_app,486.43
637186,84418,2025-10-22,shipped,web,30.94
623892,77448,2025-06-12,delivered,web,553.9
894048,50602,2025-08-09,delivered,mobile_app,978.84
679715,22055,2025-12-22,delivered,web,67.93
565754,60649,2025-04-21,delivered,web,176.46
623020,60968,2025-04-26,delivered,mobile_app,79.94
734390,63662,2025-08-05,delivered,web,240.41
656440,77019,2025-12-11,returned,web,9.95
540011,96539,2025-12-07,delivered,web,88.98
569604,83399,2025-05-13,delivered,mobile_app,266.4
787528,12047,2025-10-10,delivered,mobile_app,127.94
922916,73810,2025-10-02,delivered,marketplace,79.99
783013,73068,2025-12-18,delivered,marketplace,32.99
788259,20828,2025-12-01,delivered,mobile_app,792.27
643350,41403,2025-01-18,delivered,web,69.98
571725,76107,2025-12-07,delivered,web,54.84
974154,77119,2025-05-10,delivered,web,51.88
721775,78123,2025-09-01,processing,marketplace,551.87
859324,11751,2025-12-10,delivered,mobile_app,240.91
582823,89358,2025-11-11,delivered,mobile_app,57.99
899049,56071,2025-12-11,delivered,mobile_app,410.97
862790,24500,2025-12-28,delivered,web,63.48
998999,55690,2025-01-03,cancelled,mobile_app,93.98
840974,70999,2025-12-23,delivered,mobile_app,157.48
743691,30835,2025-03-04,returned,mobile_app,193.98
774161,34231,2025-04-28,delivered,mobile_app,651.24
766834,72693,2025-08-11,processing,mobile_app,667.38
916633,18734,2025-11-21,delivered,web,42.94
591069,56071,2025-11-03,delivered,mobile_app,1341.93
565235,24049,2025-07-02,delivered,mobile_app,94.75
700501,31534,2025-03-28,delivered,mobile_app,153.85
914149,45879,2025-10-27,delivered,mobile_app,289.25
871557,44659,2025-09-08,delivered,web,507.71
518650,34568,2025-07-15,cancelled,mobile_app,167.48
618100,21751,2025-10-05,delivered,web,471.85
693558,91378,2025-10-25,shipped,mobile_app,8.99
999313,95026,2025-12-18,shipped,web,54.9
667434,15674,2025-09-16,delivered,marketplace,333.9
702296,71669,2025-08-19,delivered,mobile_app,363.92
641796,97584,2025-02-22,delivered,web,49.94
805767,65521,2025-05-20,delivered,mobile_app,39.98
703224,35852,2025-12-06,delivered,web,62.99
525105,92843,2025-02-08,delivered,web,631.0
562505,84317,2025-11-05,delivered,mobile_app,69.9
707488,36205,2025-12-01,delivered,marketplace,125.36
509789,34277,2025-05-07,delivered,web,586.84
834262,18417,2025-05-09,cancelled,mobile_app,46.99
766042,63882,2025-10-27,delivered,mobile_app,142.48
536480,10857,2025-04-14,delivered,web,21.98
652852,20941,2025-01-07,delivered,web,179.96
778285,95192,2025-12-28,shipped,marketplace,56.98
803255,44622,2025-11-27,delivered,marketplace,387.79
510683,52016,2025-09-12,cancelled,mobile_app,233.69
645905,61851,2025-08-10,delivered,mobile_app,67.99
500973,45903,2025-11-05,shipped,web,173.46
846889,54491,2025-11-15,delivered,mobile_app,129.84
966283,55563,2025-06-02,delivered,web,215.94
691764,93195,2025-12-19,delivered,marketplace,376.93
622461,91990,2025-04-27,cancelled,web,387.97
895225,21470,2025-01-15,delivered,mobile_app,2079.71
518558,23493,2025-02-23,delivered,web,320.92
643915,11960,2025-10-10,delivered,marketplace,1009.95
523807,40365,2025-02-17,delivered,marketplace,45.98
566162,63662,2025-06-24,delivered,web,536.96
818512,58213,2025-07-16,delivered,mobile_app,388.88
773454,14868,2025-11-11,delivered,mobile_app,27.99
587368,19668,2025-12-20,delivered,mobile_app,155.77
624684,50943,2025-01-09,delivered,marketplace,199.84
908482,98359,2025-03-09,returned,web,111.98
850512,86640,2025-11-27,delivered,mobile_app,501.92
916329,50277,2025-12-19,processing,marketplace,59.89
548793,64324,2025-08-02,delivered,web,257.97
713962,57807,2025-03-06,shipped,mobile_app,36.98
647853,88269,2025-05-07,delivered,mobile_app,89.98
894539,59422,2025-11-19,delivered,web,307.4
594714,55898,2025-12-01,cancelled,mobile_app,155.87
597356,63345,2025-09-17,delivered,mobile_app,297.95
696618,19116,2025-10-09,returned,web,840.92
769619,47037,2025-09-01,delivered,marketplace,321.0
928209,44240,2025-03-12,delivered,web,34.95
890364,77606,2025-06-16,delivered,mobile_app,394.77
864395,15811,2025-11-09,delivered,mobile_app,4.99
613711,20559,2025-04-28,shipped,web,94.48
566826,73046,2025-07-03,delivered,web,161.45
724194,40448,2025-11-13,delivered,mobile_app,121.94
561762,25069,2025-11-11,delivered,marketplace,20.99
822065,87057,2025-12-14,delivered,mobile_app,32.99
535627,63053,2025-04-23,cancelled,mobile_app,198.91
708357,53951,2025-08-23,cancelled,web,348.19
792348,71928,2025-12-09,delivered,web,768.88
787213,40187,2025-04-22,delivered,mobile_app,173.93
922432,24965,2025-10-23,shipped,web,94.94
661790,81419,2025-06-01,cancelled,marketplace,156.98
623103,79139,2025-07-02,cancelled,mobile_app,384.28
814389,71912,2025-04-08,delivered,web,538.83
606478,60044,2025-02-26,delivered,mobile_app,641.72
598596,68566,2025-02-25,delivered,mobile_app,1047.91
584591,97546,2025-12-22,delivered,mobile_app,687.97
694204,28898,2025-11-07,returned,web,82.83
973592,17589,2025-03-27,shipped,web,392.91
521119,92326,2025-01-02,shipped,mobile_app,41.98
829849,22624,2025-08-14,delivered,mobile_app,904.95
871592,43151,2025-06-18,processing,mobile_app,102.48
716856,57807,2025-03-13,delivered,marketplace,822.96
683580,60145,2025-11-16,delivered,mobile_app,281.82
587561,21476,2025-11-26,cancelled,web,64.94
683417,10117,2025-08-03,delivered,mobile_app,355.95
991040,93717,2025-06-15,delivered,marketplace,52.99
839748,14222,2025-04-25,delivered,web,267.91
557529,31559,2025-02-15,delivered,web,725.95
897750,44149,2025-06-06,delivered,mobile_app,29.97
872787,39387,2025-11-04,delivered,marketplace,59.45
702968,60903,2025-11-07,shipped,web,431.91
608466,87057,2025-06-26,delivered,mobile_app,135.86
792315,34262,2025-02-10,cancelled,marketplace,305.93
793266,77902,2025-06-11,shipped,web,224.0
860591,98012,2025-12-15,delivered,web,421.87
783033,38683,2025-08-22,cancelled,web,81.9
666275,15707,2025-03-07,delivered,mobile_app,282.95
637345,77493,2025-02-28,shipped,mobile_app,99.98
827666,47386,2025-10-06,delivered,mobile_app,217.94
706977,70796,2025-12-05,delivered,web,32.99
783758,15674,2025-05-20,delivered,web,302.45
955731,96539,2025-08-16,shipped,mobile_app,21.99
946434,59422,2025-12-25,delivered,mobile_app,501.95
942035,67895,2025-04-25,delivered,web,214.9
903482,52227,2025-12-23,delivered,web,80.94
654401,74363,2025-11-16,delivered,mobile_app,575.88
610878,85558,2025-07-28,delivered,web,96.98
806185,38805,2025-09-22,delivered,mobile_app,17.95
741429,74555,2025-05-19,returned,web,59.98
568309,42077,2025-09-10,cancelled,mobile_app,406.32
551995,13350,2025-04-16,processing,mobile_app,114.48
501599,21065,2025-03-22,delivered,mobile_app,113.9
920929,94213,2025-06-11,delivered,web,143.42
571981,67648,2025-06-24,delivered,web,117.98
993156,20513,2025-02-21,shipped,marketplace,128.84
929193,99566,2025-06-09,delivered,web,122.42
584101,84502,2025-12-23,processing,marketplace,433.73
733338,74722,2025-11-09,shipped,web,109.94
508158,91621,2025-11-22,delivered,marketplace,149.98
950778,14753,2025-04-17,delivered,marketplace,780.91
821040,36934,2025-10-03,cancelled,marketplace,1630.33
842877,60675,2025-03-12,delivered,marketplace,54.94
785662,88195,2025-10-22,delivered,web,112.97
828639,45438,2025-12-05,delivered,mobile_app,55.99
911643,22344,2025-11-24,delivered,web,117.92
618838,21547,2025-04-13,cancelled,web,301.96
561230,39160,2025-10-19,shipped,marketplace,26.94
540831,46066,2025-11-23,delivered,mobile_app,49.9
730568,19568,2025-10-01,delivered,web,178.97
972902,52138,2025-12-04,delivered,mobile_app,179.92
542044,15380,2025-11-13,delivered,web,702.27
831476,70412,2025-05-04,shipped,web,319.22
873446,46567,2025-09-12,returned,mobile_app,109.84
899519,24600,2025-12-01,delivered,mobile_app,393.91
697528,22128,2025-03-06,delivered,mobile_app,31.98
980229,39786,2025-09-26,shipped,web,93.98
780793,11751,2025-02-13,delivered,marketplace,211.92
915403,97994,2025-08-24,delivered,mobile_app,67.8
913756,40401,2025-11-03,shipped,web,161.99
840842,71099,2025-11-10,processing,marketplace,952.84
537861,70796,2025-01-06,delivered,web,69.9
557481,91982,2025-12-17,processing,marketplace,201.45
728735,53430,2025-06-11,delivered,mobile_app,13.47
551861,77235,2025-11-03,shipped,web,330.94
717590,22704,2025-06-27,delivered,mobile_app,181.0
739467,44240,2025-01-20,delivered,mobile_app,281.98
511911,74651,2025-01-25,delivered,web,92.88
871877,46795,2025-07-13,processing,mobile_app,166.95
702546,86335,2025-05-23,delivered,web,347.93
960035,13504,2025-11-28,delivered,web,367.8
810773,45735,2025-11-14,cancelled,mobile_app,152.33
729746,90427,2025-03-12,delivered,marketplace,95.49
815916,72331,2025-01-28,delivered,marketplace,1081.92
622875,58874,2025-05-07,delivered,mobile_app,377.81
619420,11811,2025-11-08,delivered,mobile_app,178.99
668103,65476,2025-12-24,shipped,mobile_app,716.88
830172,28898,2025-02-20,delivered,web,617.88
594436,27120,2025-01-03,delivered,mobile_app,63.99
877969,56071,2025-01-07,processing,web,328.0
554482,82787,2025-12-24,delivered,web,269.97
807129,60269,2025-10-04,delivered,web,62.99
549555,28898,2025-09-17,delivered,marketplace,160.96
992780,26223,2025-07-10,delivered,mobile_app,482.89
698321,85347,2025-04-24,delivered,mobile_app,1617.74
595566,99477,2025-11-05,delivered,web,100.99
757722,41461,2025-07-20,delivered,mobile_app,63.94
734292,63309,2025-05-01,delivered,web,380.82
742656,80317,2025-05-19,delivered,web,93.96
504113,95920,2025-09-10,delivered,marketplace,970.53
509026,78866,2025-09-22,delivered,web,268.76
533798,45976,2025-12-23,shipped,mobile_app,238.37
505285,15811,2025-11-09,delivered,mobile_app,149.84
970825,51702,2025-03-10,cancelled,mobile_app,225.97
525633,33505,2025-06-10,delivered,marketplace,151.74
629521,44452,2025-06-01,delivered,web,19.99
672727,44164,2025-10-26,delivered,mobile_app,119.98
954167,44068,2025-09-24,delivered,mobile_app,45.98
790007,38805,2025-12-08,delivered,mobile_app,8.99
633560,46662,2025-04-15,delivered,web,361.87
519814,69125,2025-03-04,delivered,mobile_app,6.49
784933,33940,2025-06-05,delivered,marketplace,1009.95
890354,18019,2025-05-21,delivered,web,840.81
682197,44410,2025-01-22,delivered,marketplace,772.82
772921,34277,2025-07-26,returned,mobile_app,494.85
867469,20828,2025-02-20,delivered,web,144.99
953975,48971,2025-12-11,delivered,mobile_app,864.8
995855,74555,2025-03-04,returned,mobile_app,109.93
871442,83373,2025-11-10,shipped,mobile_app,66.97
720252,80147,2025-06-13,delivered,mobile_app,687.94
974285,67056,2025-03-10,shipped,web,420.91
783225,25631,2025-08-15,delivered,web,149.87
732060,25185,2025-01-07,delivered,mobile_app,21.0
804003,83342,2025-06-16,delivered,mobile_app,268.84
781492,89577,2025-03-26,shipped,marketplace,186.39
989268,61693,2025-11-15,processing,mobile_app,418.71
710588,34044,2025-07-24,delivered,mobile_app,1047.87
685482,73526,2025-01-27,delivered,mobile_app,30.48
755992,43473,2025-11-06,cancelled,mobile_app,158.95
743466,95658,2025-05-28,shipped,web,51.98
902739,59586,2025-08-12,delivered,mobile_app,145.87
995130,70259,2025-01-21,delivered,mobile_app,40.97
740232,94032,2025-08-03,delivered,web,83.97
708750,47256,2025-12-10,delivered,mobile_app,487.99
731936,23747,2025-09-16,delivered,web,921.26
757472,49096,2025-01-21,delivered,mobile_app,39.9
619434,98981,2025-06-15,delivered,web,45.99
728048,95200,2025-04-02,returned,mobile_app,30.97
801376,20307,2025-05-02,delivered,mobile_app,1226.87
511908,46965,2025-11-17,delivered,mobile_app,168.33
862517,96279,2025-12-23,shipped,web,126.33
637640,86335,2025-08-28,delivered,web,168.92
594831,10032,2025-02-08,delivered,web,1932.93
951615,28525,2025-10-21,delivered,mobile_app,49.99
831009,48762,2025-05-11,returned,web,94.99
614025,87381,2025-11-20,delivered,marketplace,88.98
882171,86668,2025-05-02,delivered,web,49.0
640920,19876,2025-09-28,delivered,web,4.49
902908,64494,2025-08-25,delivered,web,77.93
858855,21395,2025-11-12,cancelled,web,84.97
561279,34767,2025-11-28,delivered,mobile_app,303.31
515425,61851,2025-11-06,delivered,web,50.99
510707,62412,2025-08-18,shipped,mobile_app,395.98
910690,52697,2025-12-23,shipped,mobile_app,70.99
636644,97459,2025-03-13,delivered,mobile_app,156.48
741331,95234,2025-08-18,delivered,web,1968.83
825489,35240,2025-06-16,processing,web,115.98
999547,72979,2025-05-26,delivered,marketplace,271.97
911337,72987,2025-12-02,delivered,mobile_app,101.94
870361,83375,2025-12-23,delivered,mobile_app,245.98
918741,95973,2025-06-13,delivered,web,145.9
544182,23493,2025-12-24,processing,marketplace,59.99
731442,71158,2025-07-07,delivered,web,148.94
561518,15579,2025-12-08,processing,mobile_app,197.41
723483,61851,2025-11-11,delivered,web,62.97
688662,21047,2025-06-16,delivered,mobile_app,80.47
839143,10857,2025-10-14,delivered,web,88.99
826404,63662,2025-01-27,delivered,mobile_app,350.93
770964,22597,2025-04-19,delivered,mobile_app,78.94
819893,99817,2025-11-03,delivered,mobile_app,146.99
786830,67201,2025-04-22,delivered,marketplace,106.93
815397,93687,2025-09-27,delivered,mobile_app,159.9
985387,41130,2025-06-27,cancelled,web,23.85
682590,82340,2025-08-16,delivered,web,203.99
985249,97044,2025-09-06,delivered,web,203.93
929495,11179,2025-06-17,delivered,web,376.93
930420,18858,2025-08-01,processing,web,866.43
512402,20915,2025-08-06,delivered,web,16.49
748949,23493,2025-09-02,delivered,mobile_app,112.98
985547,40347,2025-08-11,shipped,web,71.94
582959,20307,2025-12-25,delivered,web,132.46
720848,19591,2025-11-21,shipped,web,200.75
779610,34915,2025-07-25,delivered,mobile_app,238.95
621367,85088,2025-10-25,delivered,web,50.48
992986,76153,2025-04-17,delivered,mobile_app,150.83
752641,36077,2025-11-26,shipped,web,605.72
708846,60458,2025-09-09,delivered,mobile_app,203.9
683190,81688,2025-09-10,cancelled,web,115.95
698348,53508,2025-04-03,delivered,web,387.42
889785,61665,2025-12-14,delivered,mobile_app,13.9
935640,84502,2025-12-21,delivered,mobile_app,65.98
893928,75960,2025-10-21,processing,web,913.8
621015,90168,2025-09-13,delivered,web,59.8
866564,63427,2025-03-04,shipped,web,274.97
995143,20941,2025-08-26,shipped,marketplace,431.76
884281,36875,2025-03-18,delivered,mobile_app,300.94
630146,85062,2025-07-18,delivered,web,268.71
949549,16073,2025-06-03,delivered,web,95.97
599599,73810,2025-09-18,delivered,marketplace,155.95
826986,44536,2025-04-26,delivered,mobile_app,118.98
718572,68737,2025-12-24,delivered,marketplace,336.79
809070,82399,2025-02-11,shipped,marketplace,273.89
676347,12881,2025-01-13,delivered,web,680.89
837295,28525,2025-08-26,delivered,mobile_app,275.91
837656,38247,2025-01-21,cancelled,web,958.67
699186,15953,2025-09-06,delivered,web,209.92
896035,68737,2025-06-22,delivered,mobile_app,182.43
636869,20941,2025-11-13,delivered,mobile_app,94.96
513165,61665,2025-07-18,delivered,mobile_app,489.92
662784,40347,2025-04-14,delivered,web,147.8
924270,57663,2025-12-02,delivered,marketplace,310.25
585039,60903,2025-01-17,delivered,web,595.74
873649,61423,2025-09-09,shipped,marketplace,334.98
810804,66997,2025-07-18,delivered,web,74.99
873622,67945,2025-07-22,delivered,marketplace,116.33
733484,51093,2025-12-28,returned,mobile_app,331.59
808767,52091,2025-11-21,delivered,mobile_app,54.99
527193,34651,2025-08-23,delivered,web,205.81
636808,81673,2025-12-20,cancelled,web,110.48
527082,90734,2025-09-06,delivered,mobile_app,948.94
555152,78317,2025-05-06,delivered,web,59.96
846326,60903,2025-11-04,delivered,marketplace,163.97
683684,12671,2025-11-27,returned,web,69.99
975376,78078,2025-07-15,delivered,web,149.7
770635,62931,2025-09-03,delivered,mobile_app,115.97
830909,76255,2025-02-07,shipped,mobile_app,456.97
670168,23493,2025-12-05,delivered,marketplace,93.96
869679,27440,2025-05-15,delivered,web,56.97
605193,38212,2025-09-25,processing,marketplace,177.93
978206,60649,2025-12-21,delivered,web,468.88
850641,39794,2025-12-24,delivered,mobile_app,105.9
853954,60145,2025-12-12,delivered,web,663.72
927204,74030,2025-02-22,delivered,mobile_app,318.95
896118,15674,2025-12-09,shipped,mobile_app,216.23
901789,52901,2025-06-28,delivered,web,180.97
965544,43530,2025-12-10,delivered,mobile_app,76.42
883192,37626,2025-12-14,delivered,web,423.83
863409,40800,2025-09-04,delivered,web,424.92
668576,58782,2025-07-07,delivered,web,198.94
633697,68445,2025-08-15,delivered,web,381.91
580466,75470,2025-03-12,delivered,mobile_app,145.9
568956,56385,2025-11-20,delivered,web,124.97
515277,89813,2025-06-26,delivered,web,122.85
665991,21470,2025-07-18,delivered,marketplace,245.2
748689,39786,2025-02-22,delivered,mobile_app,95.96
549155,99612,2025-06-09,delivered,web,68.97
892536,59900,2025-11-22,delivered,web,248.38
843135,95658,2025-06-19,delivered,web,1362.9
597444,24478,2025-01-15,delivered,mobile_app,446.82
881089,55700,2025-11-04,delivered,web,58.47
682560,88531,2025-12-08,shipped,mobile_app,447.88
910202,36561,2025-12-12,delivered,web,66.97
511638,98892,2025-10-20,delivered,web,43.98
584304,90710,2025-05-10,returned,web,107.82
812573,43530,2025-07-15,delivered,web,7.99
658264,75913,2025-03-10,delivered,web,58.0
529663,90168,2025-10-03,returned,mobile_app,49.43
807297,30724,2025-05-11,shipped,marketplace,237.87
737385,83373,2025-02-28,processing,mobile_app,134.98
669937,84182,2025-12-02,delivered,mobile_app,164.67
686722,71838,2025-08-06,delivered,marketplace,890.88
721468,25589,2025-11-26,delivered,mobile_app,108.49
785103,60649,2025-04-01,delivered,mobile_app,481.91
882538,89452,2025-08-25,delivered,web,53.94
890832,97889,2025-03-17,delivered,mobile_app,290.46
844874,96225,2025-04-24,delivered,web,248.94
655108,51093,2025-02-08,cancelled,web,123.84
664956,31880,2025-04-03,shipped,web,36.98
628218,24419,2025-08-26,shipped,mobile_app,136.85
932735,98346,2025-06-20,shipped,mobile_app,192.76
889452,85390,2025-04-25,delivered,web,531.05
546376,27171,2025-04-21,delivered,marketplace,395.93
793987,40804,2025-12-05,delivered,marketplace,35.48
951635,84599,2025-01-03,cancelled,web,1350.88
540479,74363,2025-10-03,delivered,mobile_app,1206.64
634836,17615,2025-12-12,cancelled,mobile_app,159.46
865984,42104,2025-11-23,delivered,mobile_app,461.92
691090,94201,2025-09-13,delivered,web,695.58
793613,97687,2025-11-13,delivered,mobile_app,231.94
562244,75960,2025-11-16,delivered,web,65.94
903568,65360,2025-02-25,delivered,web,148.96
541976,43527,2025-12-24,delivered,web,387.92
903610,86640,2025-11-06,delivered,web,692.39
925400,33940,2025-12-19,delivered,mobile_app,115.95
971937,76627,2025-09-23,shipped,mobile_app,1082.9
832971,46769,2025-05-24,delivered,mobile_app,1030.61
579879,22597,2025-04-19,cancelled,mobile_app,9.95
567368,24500,2025-05-02,delivered,web,58.94
991505,39072,2025-03-07,delivered,marketplace,167.98
941332,82716,2025-05-12,delivered,mobile_app,174.44
538094,44240,2025-11-09,delivered,mobile_app,220.47
508200,21476,2025-10-24,delivered,mobile_app,173.99
908935,90444,2025-12-02,delivered,mobile_app,74.99
511955,69307,2025-09-25,delivered,marketplace,127.74
586324,39097,2025-11-09,delivered,mobile_app,143.94
517410,88933,2025-01-11,delivered,web,127.95
662896,95641,2025-12-10,delivered,marketplace,42.98
663146,91804,2025-10-18,delivered,marketplace,173.86
637428,80252,2025-01-05,delivered,web,79.98
704388,41131,2025-11-26,delivered,web,517.91
965538,48971,2025-10-07,returned,mobile_app,83.94
678875,29964,2025-01-21,shipped,web,124.89
933008,17759,2025-07-17,delivered,web,145.98
696901,83394,2025-11-26,delivered,web,88.99
539165,72476,2025-01-25,delivered,web,20.95
559835,91793,2025-04-25,delivered,mobile_app,87.9
746321,30786,2025-10-23,shipped,mobile_app,35.9
810046,18916,2025-06-04,delivered,mobile_app,52.39
526371,34139,2025-12-15,delivered,web,180.0
576022,44021,2025-10-17,delivered,web,365.88
649044,32305,2025-10-26,delivered,marketplace,174.87
581427,66751,2025-11-07,delivered,web,73.97
812597,36330,2025-03-21,cancelled,web,336.93
983903,97687,2025-06-16,returned,web,1294.88
812675,41130,2025-01-07,delivered,web,45.99
568195,66246,2025-08-27,delivered,web,162.72
671784,59787,2025-11-13,delivered,web,430.87
551103,45872,2025-05-12,delivered,web,820.0
720672,49096,2025-11-12,delivered,web,880.84
544670,89852,2025-11-28,delivered,web,784.95
860465,45932,2025-12-18,shipped,web,395.9
560565,21010,2025-09-22,delivered,web,189.94
981051,81688,2025-09-27,cancelled,web,486.82
982156,90019,2025-03-15,delivered,web,670.86
924542,36934,2025-07-14,shipped,web,351.97
556592,39794,2025-08-27,processing,mobile_app,127.94
963268,63053,2025-06-02,delivered,mobile_app,246.94
988725,91499,2025-01-25,delivered,mobile_app,324.96
753281,99817,2025-06-02,shipped,mobile_app,35.99
768882,19337,2025-12-16,delivered,mobile_app,159.4
675293,58121,2025-07-05,delivered,mobile_app,128.87
757129,10786,2025-11-21,delivered,web,53.98
979176,55727,2025-04-07,delivered,web,1517.81
852353,86189,2025-12-27,delivered,mobile_app,431.87
747828,65728,2025-05-27,delivered,mobile_app,598.39
552896,97531,2025-11-05,shipped,web,77.98
659447,71928,2025-03-26,delivered,web,840.36
840217,61189,2025-07-22,delivered,web,149.98
832975,18361,2025-10-06,shipped,mobile_app,99.96
789520,78087,2025-08-01,delivered,web,288.84
924526,40448,2025-05-04,processing,mobile_app,191.84
728050,80827,2025-12-26,shipped,web,546.93
527959,55057,2025-12-27,delivered,mobile_app,403.92
889141,41084,2025-12-14,delivered,web,179.98
722164,73302,2025-07-14,delivered,web,136.97
677220,42077,2025-01-03,returned,web,213.83
934182,27440,2025-06-08,delivered,marketplace,186.86
533252,81886,2025-05-23,delivered,web,71.48
504709,26142,2025-01-08,delivered,web,480.44
731408,61569,2025-07-12,delivered,mobile_app,401.95
880278,46645,2025-02-01,delivered,web,113.94
683805,56667,2025-08-25,delivered,web,353.39
780203,30696,2025-09-16,processing,web,1203.91
880102,37852,2025-04-18,delivered,web,315.83
818714,46795,2025-06-20,delivered,web,223.13
550189,33858,2025-10-23,cancelled,mobile_app,149.95
681204,88742,2025-10-22,delivered,mobile_app,5.99
759922,27704,2025-04-20,delivered,marketplace,150.0
791335,73937,2025-08-10,delivered,mobile_app,262.84
742982,95192,2025-07-22,delivered,web,109.95
507072,66751,2025-04-15,delivered,mobile_app,492.87
833654,25631,2025-12-06,returned,mobile_app,83.98
879190,14222,2025-02-15,delivered,mobile_app,472.42
630030,72476,2025-11-08,cancelled,web,722.91
785892,59422,2025-05-28,delivered,mobile_app,94.99
811613,35170,2025-04-12,delivered,mobile_app,79.99
558482,88933,2025-10-14,returned,mobile_app,437.97
769542,49859,2025-12-16,shipped,mobile_app,93.47
896088,96279,2025-06-06,delivered,mobile_app,128.94
650240,83866,2025-09-01,delivered,mobile_app,225.98
946838,21547,2025-07-15,delivered,mobile_app,299.42
516861,11072,2025-10-10,delivered,web,24.0
852933,77071,2025-06-09,delivered,web,234.0
811432,23747,2025-11-06,delivered,mobile_app,247.29
969339,94702,2025-08-26,delivered,mobile_app,108.94
932686,45754,2025-08-28,delivered,mobile_app,208.34
890715,58235,2025-06-21,delivered,web,41.98
523132,50603,2025-09-27,delivered,marketplace,52.99
871954,87955,2025-03-09,delivered,mobile_app,120.97
989403,25589,2025-07-10,delivered,web,1827.99
845140,31534,2025-07-12,delivered,mobile_app,462.88
865667,53532,2025-11-08,delivered,web,947.9
799418,23297,2025-05-07,delivered,mobile_app,359.78
753927,65493,2025-03-20,delivered,marketplace,65.98
956182,15674,2025-06-16,delivered,mobile_app,158.69
801861,71149,2025-06-15,processing,mobile_app,358.94
690597,83441,2025-07-18,cancelled,web,80.99
539473,96279,2025-11-23,delivered,mobile_app,94.87
570476,33859,2025-10-17,delivered,web,297.89
817583,20907,2025-04-23,cancelled,web,145.48
853791,24975,2025-11-15,cancelled,mobile_app,274.66
538701,60181,2025-05-27,cancelled,mobile_app,148.93
717999,11751,2025-04-13,delivered,web,180.94
607246,91253,2025-06-11,delivered,marketplace,509.85
906469,74533,2025-08-20,delivered,mobile_app,201.95
567916,22154,2025-09-15,processing,web,84.99
779404,44845,2025-02-25,delivered,mobile_app,164.97
842979,19591,2025-02-27,cancelled,mobile_app,112.84
669437,47321,2025-10-20,delivered,web,118.98
969524,38247,2025-07-15,shipped,web,199.94
692659,83590,2025-05-21,delivered,mobile_app,255.98
560462,73673,2025-12-15,processing,web,167.97
709918,10664,2025-07-17,delivered,web,473.97
822616,21476,2025-12-17,delivered,web,631.81
771902,77606,2025-11-11,shipped,mobile_app,156.45
879689,63923,2025-10-06,delivered,web,55.97
543605,37045,2025-09-13,delivered,web,177.95
858734,66835,2025-12-26,delivered,marketplace,218.99
753046,54916,2025-04-04,delivered,mobile_app,40.9
543861,87381,2025-03-19,delivered,marketplace,199.98
708024,73068,2025-02-20,processing,web,172.87
569275,30724,2025-04-20,cancelled,marketplace,87.9
708928,34231,2025-10-05,delivered,web,556.94
771501,69612,2025-11-07,delivered,mobile_app,253.73
942253,77838,2025-06-20,delivered,web,304.92
701132,35076,2025-06-26,delivered,web,576.72
992765,86396,2025-07-23,delivered,mobile_app,953.85
792490,21708,2025-03-22,processing,mobile_app,154.94
603368,98589,2025-11-25,shipped,web,591.82
990153,37954,2025-02-14,delivered,mobile_app,53.95
866962,71607,2025-09-28,delivered,marketplace,61.9
634940,46567,2025-08-18,delivered,marketplace,866.33
863575,85302,2025-08-24,shipped,web,200.0
954179,21751,2025-07-11,shipped,web,442.97
718613,44410,2025-09-13,delivered,mobile_app,766.32
521300,10536,2025-11-18,shipped,mobile_app,333.43
545129,66997,2025-03-21,delivered,marketplace,42.0
868789,90777,2025-10-24,delivered,web,351.43
980141,37212,2025-06-18,delivered,mobile_app,1594.75
594190,43872,2025-01-19,delivered,web,516.85
504631,58752,2025-07-15,delivered,mobile_app,325.86
769495,23493,2025-05-13,delivered,mobile_app,353.0
723718,94863,2025-12-15,delivered,mobile_app,169.92
918577,34277,2025-12-05,delivered,web,180.95
821440,84281,2025-12-15,delivered,marketplace,557.97
548370,21547,2025-08-12,delivered,web,264.94
876929,24673,2025-06-06,delivered,mobile_app,115.9
816926,88195,2025-01-18,delivered,marketplace,119.22
593734,82340,2025-11-19,shipped,web,52.99
936500,53430,2025-01-17,delivered,web,726.88
679774,41461,2025-09-03,delivered,web,37.9
646812,23702,2025-08-01,shipped,web,1538.65
672488,50847,2025-08-23,shipped,web,515.3
948348,47185,2025-09-04,delivered,mobile_app,240.84
786928,51391,2025-11-28,processing,mobile_app,1028.16
593696,90045,2025-01-22,delivered,marketplace,486.92
544507,64324,2025-11-01,delivered,marketplace,366.37
926864,74423,2025-11-22,processing,marketplace,37.98
852137,60636,2025-09-10,delivered,web,356.46
859885,69308,2025-07-09,delivered,web,510.92
954477,84514,2025-11-01,delivered,web,201.96
592739,35076,2025-08-11,returned,marketplace,439.72
827668,85088,2025-11-28,cancelled,mobile_app,26.97
689974,59663,2025-07-09,returned,mobile_app,547.62
519128,42104,2025-12-25,delivered,mobile_app,137.85
917627,38635,2025-06-24,delivered,mobile_app,290.94
913122,37954,2025-09-14,cancelled,web,507.64
866754,41433,2025-12-26,delivered,web,195.88
634109,86782,2025-04-28,delivered,mobile_app,474.97
687961,10205,2025-02-04,delivered,marketplace,422.4
521148,62179,2025-10-13,delivered,marketplace,394.77
928532,59422,2025-06-20,shipped,mobile_app,1745.53
805264,96664,2025-03-18,cancelled,mobile_app,164.35
881828,20513,2025-07-22,cancelled,web,107.92
720458,73526,2025-05-07,delivered,web,105.98
679253,90045,2025-03-17,processing,mobile_app,1019.91
861319,18858,2025-05-12,delivered,mobile_app,302.97
628832,84317,2025-08-03,delivered,web,113.91
982128,97546,2025-01-08,delivered,web,445.97
650264,54086,2025-11-20,delivered,web,251.88
761532,86668,2025-03-24,shipped,web,566.31
966961,53254,2025-05-03,delivered,mobile_app,55.8
577140,11415,2025-04-15,delivered,web,224.35
717496,61076,2025-12-14,delivered,web,233.99
500141,52697,2025-04-18,delivered,web,196.44
733831,49929,2025-07-17,cancelled,web,321.83
952233,84539,2025-11-15,delivered,web,21.98
830948,95641,2025-01-05,delivered,web,72.97
620298,48566,2025-05-25,cancelled,marketplace,209.97
845818,73302,2025-12-15,delivered,mobile_app,739.32
692437,56630,2025-09-14,shipped,web,446.32
851521,61358,2025-10-10,delivered,web,71.97
959656,96664,2025-09-11,delivered,mobile_app,323.76
556837,58874,2025-07-27,shipped,web,159.97
535993,23267,2025-10-23,delivered,web,161.99
502476,22773,2025-05-11,delivered,mobile_app,362.0
562856,70999,2025-02-11,delivered,web,577.46
941480,48079,2025-12-17,delivered,mobile_app,527.94
640293,77071,2025-06-20,delivered,web,480.96
985536,62225,2025-11-19,delivered,web,322.46
794014,11751,2025-08-25,delivered,mobile_app,175.99
934667,85068,2025-07-01,returned,web,137.47
945465,90807,2025-12-04,shipped,web,162.46
506518,11751,2025-09-26,delivered,web,446.64
992342,49096,2025-06-07,delivered,web,825.98
604501,14222,2025-07-17,delivered,mobile_app,333.73
988181,42946,2025-11-27,delivered,mobile_app,480.88
646844,35240,2025-05-05,delivered,mobile_app,222.88
964902,68445,2025-04-06,delivered,web,456.36
975108,37063,2025-09-15,delivered,web,359.9
540257,48481,2025-11-05,delivered,mobile_app,469.79
807347,58862,2025-01-24,processing,web,667.83
854171,79460,2025-11-24,delivered,mobile_app,146.42
879862,45294,2025-06-19,delivered,mobile_app,387.84
592812,76299,2025-11-03,delivered,mobile_app,79.96
607073,37962,2025-10-05,delivered,mobile_app,417.9
928552,63767,2025-12-11,delivered,marketplace,59.99
747135,50004,2025-03-16,delivered,mobile_app,142.97
622181,23267,2025-11-11,shipped,marketplace,49.0
654040,74442,2025-11-18,processing,mobile_app,522.89
630918,42636,2025-05-25,delivered,web,798.69
922958,90734,2025-11-23,delivered,mobile_app,99.98
650302,51533,2025-11-09,cancelled,web,232.89
754074,91079,2025-01-23,delivered,mobile_app,295.62
622294,89372,2025-09-01,shipped,mobile_app,242.93
686647,15387,2025-12-07,delivered,web,85.94
888901,21155,2025-11-19,delivered,marketplace,631.47
759279,70429,2025-01-24,delivered,web,127.95
573905,34746,2025-11-27,cancelled,mobile_app,360.95
593302,57663,2025-08-01,processing,mobile_app,298.91
594283,25753,2025-02-20,delivered,web,286.98
810088,52944,2025-11-04,delivered,mobile_app,167.92
812062,29383,2025-11-08,shipped,web,869.89
803134,72987,2025-06-24,shipped,mobile_app,715.94
828328,71928,2025-06-20,delivered,web,54.9
543458,37099,2025-02-17,returned,marketplace,412.85
839723,70930,2025-12-23,delivered,marketplace,65.98
945611,21308,2025-09-03,delivered,mobile_app,20.95
917088,25986,2025-03-16,delivered,mobile_app,930.88
697352,40401,2025-12-13,delivered,marketplace,250.96
634073,82340,2025-11-11,returned,mobile_app,172.96
642031,21010,2025-11-12,delivered,mobile_app,22.99
682050,95275,2025-05-19,delivered,web,229.97
587734,97310,2025-10-11,delivered,web,97.97
780566,22700,2025-12-23,delivered,mobile_app,532.9
900133,10786,2025-04-28,delivered,marketplace,48.0
890156,45292,2025-05-16,shipped,mobile_app,113.98
554957,30472,2025-12-21,delivered,mobile_app,459.91
741778,77019,2025-04-15,delivered,mobile_app,241.91
994843,93237,2025-09-23,processing,web,178.45
643967,58362,2025-12-14,shipped,mobile_app,25.95
514964,45668,2025-04-03,delivered,web,115.43
957794,58673,2025-09-07,delivered,marketplace,586.28
958436,21104,2025-11-27,cancelled,web,63.9
956051,86189,2025-01-12,cancelled,marketplace,223.7
645899,21792,2025-06-09,delivered,marketplace,124.89
596898,29578,2025-05-04,delivered,mobile_app,852.6
500829,34915,2025-12-09,cancelled,web,128.97
546176,24965,2025-05-17,cancelled,mobile_app,295.9
906196,90629,2025-03-03,shipped,marketplace,310.89
709443,94950,2025-10-05,delivered,mobile_app,964.84
520150,94711,2025-05-27,delivered,mobile_app,277.88
874092,43473,2025-07-03,delivered,web,252.8
653019,40473,2025-11-25,returned,mobile_app,60.99
590800,81022,2025-12-14,delivered,mobile_app,88.49
888643,73867,2025-03-25,delivered,mobile_app,294.45
899146,15702,2025-07-10,delivered,web,745.91
861868,80741,2025-10-11,delivered,mobile_app,413.76
828920,84749,2025-01-23,delivered,mobile_app,687.94
590058,89182,2025-12-14,delivered,web,242.94
888379,80903,2025-06-26,delivered,mobile_app,92.43
939021,46567,2025-02-27,returned,web,213.43
786325,71107,2025-09-02,delivered,mobile_app,139.98
811912,23535,2025-02-27,delivered,web,209.95
527675,86732,2025-06-01,shipped,web,750.79
819201,31565,2025-12-05,delivered,mobile_app,601.99
687883,15639,2025-10-09,delivered,mobile_app,212.94
923879,61783,2025-10-09,delivered,web,326.46
980011,97051,2025-12-05,cancelled,web,84.75
951473,56667,2025-01-10,delivered,mobile_app,518.82
654990,11751,2025-11-13,delivered,web,39.9
559551,65352,2025-12-19,delivered,web,704.45
936474,40800,2025-11-22,delivered,web,96.93
766897,78087,2025-11-03,cancelled,web,286.44
962176,52814,2025-07-11,delivered,mobile_app,112.43
795886,75960,2025-07-01,delivered,web,1126.93
804446,12047,2025-08-08,delivered,mobile_app,782.99
526539,42104,2025-03-07,delivered,web,46.85
705875,81886,2025-12-28,processing,mobile_app,50.98
726980,51093,2025-12-21,delivered,web,35.94
680816,78087,2025-04-28,delivered,mobile_app,462.9
768341,61405,2025-06-13,delivered,web,123.97
910054,33859,2025-11-07,processing,mobile_app,179.84
899543,50602,2025-01-25,delivered,marketplace,261.4
994970,20941,2025-04-08,cancelled,mobile_app,529.46
743363,52661,2025-04-07,delivered,web,382.86
911272,52091,2025-10-04,delivered,marketplace,91.47
618101,41622,2025-11-26,shipped,mobile_app,311.44
602573,61822,2025-05-27,processing,web,212.88
524633,22624,2025-12-09,delivered,web,57.96
956208,68205,2025-09-16,shipped,mobile_app,126.98
996625,24965,2025-11-24,delivered,mobile_app,439.4
524824,68205,2025-10-01,returned,web,126.95
747803,84317,2025-11-03,delivered,web,166.92
669239,78866,2025-04-17,delivered,mobile_app,285.44
670774,44460,2025-11-16,returned,web,556.81
530764,70796,2025-09-25,delivered,mobile_app,636.94
750771,67895,2025-11-14,delivered,mobile_app,137.92
660275,96755,2025-08-07,delivered,mobile_app,157.9
702808,52075,2025-12-17,delivered,web,355.98
834114,73839,2025-10-18,delivered,mobile_app,219.76
570431,42978,2025-06-10,delivered,web,226.48
996480,44452,2025-03-01,delivered,web,120.93
729061,91804,2025-11-13,delivered,web,47.99
813470,85390,2025-04-03,delivered,web,197.37
811707,20096,2025-12-21,returned,web,561.4
714472,60518,2025-06-18,delivered,web,178.95
852979,70999,2025-07-23,delivered,mobile_app,216.94
780537,83047,2025-11-24,delivered,mobile_app,96.99
633299,96029,2025-05-14,delivered,mobile_app,29.98
997061,45292,2025-10-04,delivered,web,510.92
986760,11844,2025-05-14,delivered,mobile_app,70.99
642156,18038,2025-11-27,shipped,web,1315.92
857998,29307,2025-08-10,delivered,marketplace,1043.91
630270,86189,2025-12-27,delivered,web,32.99
667530,63053,2025-03-12,cancelled,web,136.0
783803,96993,2025-12-19,delivered,mobile_app,60.88
578385,13504,2025-03-25,delivered,web,38.99
580479,69588,2025-05-05,delivered,mobile_app,218.87
632125,36289,2025-05-13,delivered,web,12.99
595186,30521,2025-05-05,delivered,web,50.99
885469,94032,2025-01-14,cancelled,web,635.7
731688,67648,2025-11-21,delivered,mobile_app,172.98
670362,26767,2025-11-22,cancelled,web,107.0
810422,95160,2025-11-08,returned,mobile_app,222.0
623520,96279,2025-09-06,returned,mobile_app,200.95
786396,21047,2025-11-21,delivered,mobile_app,157.91
845784,59422,2025-07-19,cancelled,mobile_app,423.95
761075,80819,2025-11-27,delivered,web,317.91
782263,12433,2025-04-26,delivered,web,1021.4
928369,29206,2025-05-27,shipped,web,225.45
971006,85088,2025-05-24,delivered,mobile_app,263.42
737892,77902,2025-10-19,delivered,mobile_app,49.48
911530,50613,2025-04-28,returned,mobile_app,15.98
934723,55727,2025-11-18,delivered,web,228.83
938214,21654,2025-01-23,delivered,web,154.88
993724,46004,2025-11-12,returned,web,410.91
516935,20889,2025-09-21,delivered,marketplace,190.96
820056,91399,2025-04-10,delivered,web,724.95
531312,77037,2025-02-13,delivered,mobile_app,60.98
666217,34787,2025-08-07,delivered,mobile_app,15.99
776930,40448,2025-06-08,delivered,mobile_app,67.98
755950,81886,2025-07-05,delivered,mobile_app,604.92
911695,99358,2025-11-05,delivered,marketplace,126.46
741832,15671,2025-07-03,cancelled,mobile_app,213.85
653399,30343,2025-11-08,delivered,marketplace,161.91
877883,29678,2025-05-10,shipped,mobile_app,151.8
611265,79601,2025-10-05,delivered,web,110.97
519620,16008,2025-11-04,shipped,web,1384.62
665224,27341,2025-08-02,shipped,mobile_app,188.93
949437,20399,2025-09-21,delivered,marketplace,176.98
686561,60145,2025-06-12,processing,web,160.44
827393,90807,2025-12-05,delivered,marketplace,545.96
957308,91211,2025-12-26,delivered,web,310.46
769882,89182,2025-10-05,delivered,web,27.99
649938,88996,2025-10-15,delivered,mobile_app,165.93
811352,88068,2025-12-09,delivered,web,492.87
994289,64494,2025-04-08,returned,mobile_app,52.99
612449,63302,2025-05-17,delivered,marketplace,119.97
933383,13875,2025-11-15,delivered,mobile_app,194.92
702043,56004,2025-08-05,delivered,mobile_app,194.92
611351,19337,2025-10-10,delivered,web,53.98
928683,77448,2025-10-25,delivered,mobile_app,390.94
672016,83697,2025-05-18,delivered,marketplace,187.8
778605,70448,2025-10-03,shipped,mobile_app,317.89
904915,72331,2025-03-19,delivered,mobile_app,348.96
901397,84213,2025-10-03,delivered,mobile_app,128.94
651040,70259,2025-11-04,delivered,web,161.18
605685,89452,2025-12-14,delivered,mobile_app,74.9
840521,81891,2025-09-25,delivered,mobile_app,431.26
690633,36561,2025-08-03,delivered,mobile_app,522.82
648660,34139,2025-10-07,delivered,web,356.38
579298,84102,2025-12-24,shipped,web,88.94
510375,16511,2025-11-06,delivered,mobile_app,147.84
882697,16270,2025-12-28,delivered,mobile_app,286.9
872024,10183,2025-04-25,delivered,web,121.47
625231,14005,2025-10-19,delivered,mobile_app,673.8
904480,98142,2025-07-18,processing,web,24.49
572349,33350,2025-12-20,delivered,marketplace,276.79
641455,76828,2025-08-28,shipped,marketplace,53.94
833411,71928,2025-11-23,delivered,web,107.32
550697,10205,2025-03-20,shipped,marketplace,523.91
765336,61693,2025-04-04,delivered,web,217.42
709128,52661,2025-02-06,delivered,marketplace,306.83
858817,15774,2025-07-09,delivered,mobile_app,262.98
587883,74717,2025-07-17,delivered,web,180.8
706397,60242,2025-11-24,shipped,web,83.98
769043,40347,2025-03-02,delivered,mobile_app,380.43
975068,87266,2025-10-08,delivered,mobile_app,152.94
602644,72193,2025-11-09,delivered,web,692.45
510935,58874,2025-11-11,shipped,web,63.94
934231,80139,2025-01-25,delivered,web,410.97
671654,38463,2025-08-18,delivered,mobile_app,114.44
875726,24600,2025-07-07,delivered,web,476.81
566896,92843,2025-03-22,delivered,marketplace,111.96
691747,60649,2025-07-22,delivered,mobile_app,87.88
545694,25395,2025-06-22,processing,web,42.99
972262,78237,2025-02-18,delivered,mobile_app,692.93
930101,45735,2025-12-25,shipped,web,71.89
705140,40990,2025-08-03,delivered,mobile_app,103.98
588654,46662,2025-02-01,delivered,web,178.99
738396,41802,2025-12-07,delivered,web,8.95
622690,40347,2025-05-03,delivered,mobile_app,760.89
707265,36077,2025-04-28,processing,web,1186.86
760874,89372,2025-12-02,shipped,web,83.89
704550,64563,2025-01-02,delivered,marketplace,176.89
674085,84776,2025-12-28,shipped,mobile_app,215.37
554337,60032,2025-05-28,delivered,mobile_app,158.93
691902,31735,2025-12-05,delivered,web,10.99
844130,21065,2025-12-09,delivered,mobile_app,82.0
594780,16387,2025-02-04,delivered,web,128.95
997612,48795,2025-09-18,cancelled,marketplace,62.99
820439,10678,2025-06-18,delivered,mobile_app,8.95
986200,40673,2025-10-08,delivered,marketplace,198.38
680654,63767,2025-04-13,delivered,marketplace,133.97
517568,30325,2025-12-17,delivered,mobile_app,186.95
662159,61786,2025-02-27,shipped,web,206.94
956236,92366,2025-05-12,delivered,web,119.93
762761,60649,2025-06-21,returned,mobile_app,144.86
733835,82787,2025-06-02,delivered,web,199.84
527062,61243,2025-11-23,processing,web,660.89
898194,94603,2025-11-06,delivered,web,8.99
533636,46965,2025-05-04,delivered,web,390.97
747441,58432,2025-10-27,delivered,web,114.47
702086,24673,2025-03-27,delivered,mobile_app,349.96
570350,24049,2025-02-22,delivered,web,333.28
543708,41802,2025-09-06,delivered,mobile_app,618.82
564445,22597,2025-12-11,delivered,mobile_app,345.47
926220,76431,2025-04-20,delivered,marketplace,1301.43
880598,26142,2025-08-19,delivered,mobile_app,289.96
899622,87530,2025-06-23,delivered,mobile_app,29.99
839336,97487,2025-11-17,returned,web,205.48
608722,81803,2025-10-13,shipped,web,527.97
737713,65622,2025-04-15,delivered,web,436.95
707528,70448,2025-06-09,shipped,marketplace,87.94
510117,31880,2025-05-21,delivered,mobile_app,131.97
541917,31804,2025-10-16,delivered,mobile_app,26.93
623509,52297,2025-12-27,delivered,marketplace,915.8
596810,21508,2025-03-10,delivered,mobile_app,1241.79
545397,25107,2025-05-15,cancelled,web,354.91
660695,22353,2025-11-16,returned,web,232.59
637190,65371,2025-02-11,shipped,mobile_app,105.91
741332,37063,2025-11-24,delivered,web,251.92
876403,49493,2025-08-03,delivered,web,36.99
664135,82230,2025-05-01,delivered,marketplace,101.98
962702,15674,2025-04-07,returned,marketplace,360.92
736945,13930,2025-04-01,delivered,web,823.91
576901,50229,2025-09-20,delivered,web,754.2
757566,27188,2025-08-24,delivered,web,106.93
833426,32211,2025-08-27,delivered,web,277.96
667630,16036,2025-12-28,shipped,web,532.75
574946,75923,2025-01-18,returned,web,362.92
928297,60235,2025-12-18,delivered,web,1178.8
638832,42325,2025-07-14,delivered,web,83.47
578671,81087,2025-12-23,delivered,web,460.88
842156,40547,2025-05-04,shipped,marketplace,224.42
529519,74354,2025-09-09,delivered,mobile_app,152.93
538724,97884,2025-09-24,delivered,web,421.63
597510,83047,2025-06-24,shipped,mobile_app,137.97
673354,72214,2025-03-24,delivered,mobile_app,569.88
775450,16968,2025-04-01,delivered,mobile_app,171.96
756625,33505,2025-06-11,delivered,mobile_app,315.81
698628,16599,2025-02-11,delivered,mobile_app,300.77
686721,20915,2025-12-19,returned,mobile_app,311.98
822897,15492,2025-05-24,cancelled,web,127.8
773210,62960,2025-06-09,processing,web,304.98
554803,91745,2025-08-07,delivered,mobile_app,361.63
538784,26223,2025-08-24,delivered,mobile_app,182.99
963064,66751,2025-04-18,delivered,mobile_app,341.96
837667,80915,2025-12-04,delivered,mobile_app,74.92
843988,52702,2025-02-21,delivered,marketplace,164.0
973701,13504,2025-06-01,delivered,mobile_app,141.73
791339,58045,2025-07-01,delivered,mobile_app,547.98
980909,31992,2025-12-01,delivered,web,134.97
602753,14774,2025-07-26,delivered,web,15.99
847582,82938,2025-08-02,delivered,mobile_app,37.98
567969,72476,2025-01-25,delivered,mobile_app,287.81
603450,72078,2025-12-24,delivered,web,323.79
559161,80139,2025-04-07,delivered,mobile_app,12.99
777079,87428,2025-08-03,delivered,web,219.96
726806,95486,2025-04-28,shipped,mobile_app,221.98
508848,80819,2025-12-25,delivered,web,562.38
595534,94711,2025-11-22,delivered,web,428.16
601594,10764,2025-10-17,delivered,marketplace,465.92
832710,64682,2025-12-06,delivered,web,57.95
853398,53321,2025-05-28,delivered,mobile_app,72.98
602481,64009,2025-05-21,delivered,web,649.41
567781,20915,2025-06-13,delivered,mobile_app,406.9
777173,92366,2025-12-03,delivered,web,54.99
883429,57107,2025-02-02,delivered,marketplace,38.48
512882,57807,2025-03-24,delivered,web,283.85
661136,70954,2025-11-20,returned,mobile_app,197.46
656226,36875,2025-06-19,processing,mobile_app,428.42
720707,68024,2025-03-26,delivered,mobile_app,180.94
981278,30372,2025-08-01,delivered,web,1018.75
726170,20915,2025-07-27,delivered,web,330.91
961147,87381,2025-10-04,delivered,web,41.48
906378,42836,2025-11-08,cancelled,mobile_app,1353.94
629967,89657,2025-06-10,delivered,web,157.96
951812,83047,2025-11-16,shipped,web,221.91
678613,85088,2025-12-10,shipped,mobile_app,160.34
681010,48446,2025-03-07,delivered,mobile_app,900.37
855665,74722,2025-07-03,shipped,mobile_app,396.86
587928,21308,2025-12-23,delivered,web,342.91
864154,60649,2025-09-27,processing,mobile_app,658.87
850353,47838,2025-11-07,processing,web,209.96
720272,25041,2025-09-26,shipped,mobile_app,230.9
610936,57807,2025-12-25,delivered,web,62.97
602233,32477,2025-02-13,delivered,web,146.98
587390,40401,2025-11-19,shipped,mobile_app,104.95
643894,27326,2025-05-23,delivered,mobile_app,391.96
536412,37648,2025-11-15,delivered,web,518.93
578378,85558,2025-07-22,delivered,mobile_app,53.94
759924,24673,2025-11-25,shipped,marketplace,243.93
952193,35076,2025-06-13,delivered,web,56.98
633954,17655,2025-02-27,delivered,web,385.39
563884,87023,2025-11-11,delivered,web,497.94
859169,23493,2025-01-23,cancelled,mobile_app,310.48
659132,13262,2025-08-02,delivered,mobile_app,199.96
603032,15380,2025-01-03,delivered,web,180.78
762779,64609,2025-08-23,cancelled,mobile_app,252.93
574303,24019,2025-05-12,shipped,web,28.99
796987,34645,2025-04-24,delivered,web,512.78
985484,48950,2025-03-16,delivered,web,72.94
924105,98892,2025-12-01,shipped,mobile_app,656.54
548852,98096,2025-06-09,delivered,marketplace,176.92
521971,74510,2025-10-15,delivered,mobile_app,109.93
836701,48566,2025-02-01,delivered,mobile_app,150.42
816953,84217,2025-09-28,delivered,web,509.94
547249,98346,2025-06-18,delivered,mobile_app,65.99
960687,33859,2025-05-06,delivered,web,245.46
542674,74510,2025-09-22,delivered,web,51.98
872349,15680,2025-03-22,delivered,marketplace,139.82
782884,69588,2025-09-14,processing,web,110.92
754334,56083,2025-11-28,delivered,web,377.89
578021,95624,2025-09-11,delivered,web,64.9
711976,58690,2025-12-05,delivered,web,45.99
694283,74291,2025-08-12,delivered,web,274.88
594051,20860,2025-07-09,shipped,web,316.94
778648,85302,2025-10-15,delivered,mobile_app,883.9
847701,90775,2025-11-22,shipped,mobile_app,325.94
593347,75923,2025-06-11,processing,web,39.99
563393,57807,2025-01-05,delivered,mobile_app,168.89
860124,34804,2025-12-18,delivered,web,262.89
594109,38893,2025-07-15,delivered,mobile_app,142.97
782066,17819,2025-05-26,delivered,mobile_app,254.91
563078,81917,2025-06-01,delivered,web,388.7
982711,14222,2025-07-22,delivered,web,639.68
822008,18296,2025-11-11,cancelled,mobile_app,414.8
851910,53175,2025-11-23,delivered,mobile_app,517.43
703886,77235,2025-03-16,delivered,marketplace,85.97
935094,43363,2025-10-20,cancelled,web,993.72
761678,54451,2025-04-04,delivered,web,203.46
520318,84102,2025-11-06,delivered,web,45.98
760242,75960,2025-07-12,delivered,web,300.79
864010,15674,2025-12-27,delivered,web,37.99
791040,80139,2025-01-08,delivered,web,229.96
728288,52379,2025-05-25,delivered,web,84.89
669278,21751,2025-09-04,processing,web,745.8
686222,21104,2025-11-06,delivered,mobile_app,1187.96
902882,49133,2025-02-08,delivered,web,11.49
522379,24019,2025-02-16,returned,web,52.98
862500,89926,2025-12-11,delivered,web,387.45
912076,81935,2025-06-03,shipped,marketplace,9.95
637364,52227,2025-07-17,delivered,web,631.84
629471,38463,2025-08-28,delivered,mobile_app,130.93
562140,13801,2025-04-01,shipped,web,12.99
536343,94844,2025-06-06,delivered,web,150.95
792779,25286,2025-06-25,returned,mobile_app,97.97
622721,17736,2025-01-21,delivered,web,171.87
604572,22624,2025-02-07,cancelled,web,53.7
811201,11378,2025-06-25,shipped,web,1357.84
846521,16178,2025-10-18,delivered,mobile_app,269.98
890185,82341,2025-08-14,delivered,mobile_app,36.98
935218,63767,2025-01-05,delivered,marketplace,197.9
839750,91621,2025-01-27,shipped,mobile_app,400.82
765684,58782,2025-02-23,delivered,web,719.8
850898,89657,2025-06-19,delivered,web,57.95
944969,78463,2025-01-07,delivered,web,156.99
886694,61783,2025-11-19,delivered,web,938.9
637356,45932,2025-11-18,shipped,marketplace,407.88
952404,71165,2025-02-08,delivered,marketplace,324.87
784837,62183,2025-12-04,delivered,web,127.9
644387,13247,2025-10-17,delivered,mobile_app,313.42
746281,85558,2025-07-18,delivered,web,28.99
644150,85062,2025-12-23,delivered,web,74.89
632895,17969,2025-02-13,delivered,mobile_app,305.78
665065,27171,2025-06-22,delivered,web,283.28
899157,89182,2025-12-26,delivered,web,865.69
854202,95658,2025-07-19,delivered,web,63.8
939388,78866,2025-12-23,delivered,web,189.78
665840,56004,2025-02-06,delivered,web,189.86
686113,50244,2025-10-04,cancelled,mobile_app,107.9
768245,72596,2025-12-09,shipped,mobile_app,944.97
890094,24638,2025-01-25,delivered,mobile_app,303.99
953403,10430,2025-09-22,delivered,web,145.98
781139,78866,2025-12-13,delivered,marketplace,253.85
846028,93023,2025-11-27,delivered,mobile_app,91.46
781278,14654,2025-03-08,delivered,marketplace,161.95
874418,46145,2025-04-12,delivered,marketplace,725.81
763956,45735,2025-09-10,delivered,web,119.85
887571,94711,2025-08-08,delivered,mobile_app,74.94
525748,37045,2025-05-06,delivered,mobile_app,214.4
757616,25608,2025-11-09,processing,web,182.99
623125,60455,2025-10-07,shipped,mobile_app,312.92
792424,24600,2025-10-13,delivered,web,280.42
508291,43872,2025-10-11,delivered,web,286.95
792988,64029,2025-10-27,delivered,mobile_app,128.98
885832,46567,2025-11-06,delivered,web,1608.93
819305,98339,2025-11-27,returned,mobile_app,55.93
661323,81964,2025-12-18,shipped,mobile_app,40.98
783523,95973,2025-05-09,delivered,web,128.89
570900,63662,2025-12-18,processing,mobile_app,256.89
907174,94201,2025-03-03,delivered,mobile_app,96.99
563366,60349,2025-10-18,shipped,web,186.95
646970,33885,2025-10-27,delivered,web,258.97
573526,22357,2025-05-04,shipped,mobile_app,28.95
528776,84942,2025-11-27,delivered,web,264.9
865382,51035,2025-09-10,cancelled,marketplace,59.7
961085,75913,2025-08-09,delivered,web,45.99
551722,37948,2025-09-02,delivered,mobile_app,102.99
852059,29077,2025-06-12,delivered,web,446.89
756644,99817,2025-12-01,delivered,mobile_app,18.49
782555,42278,2025-10-26,delivered,web,993.59
656227,25395,2025-09-03,delivered,marketplace,26.85
795604,64324,2025-08-10,delivered,web,434.95
584511,58213,2025-12-28,delivered,web,394.95
810377,80924,2025-09-27,shipped,mobile_app,8.99
988412,15639,2025-10-24,delivered,web,443.87
744340,77838,2025-08-13,shipped,web,107.89
655009,20941,2025-07-10,delivered,mobile_app,632.65
884279,77565,2025-05-08,delivered,web,208.48
826647,83399,2025-02-06,delivered,web,30.93
852045,11415,2025-07-28,delivered,mobile_app,165.86
817017,16519,2025-11-21,delivered,web,413.9
721658,84869,2025-06-05,shipped,web,476.91
848325,74501,2025-10-23,delivered,marketplace,143.94
978221,25069,2025-10-13,delivered,web,333.95
537139,71607,2025-01-18,delivered,mobile_app,78.97
514297,16299,2025-03-01,shipped,mobile_app,182.73
888186,41433,2025-11-24,cancelled,web,47.97
658521,36408,2025-03-25,delivered,web,138.98
550670,45879,2025-10-01,cancelled,mobile_app,134.45
963521,17736,2025-12-10,delivered,mobile_app,563.3
934439,80139,2025-04-17,cancelled,web,274.8
765279,56395,2025-03-16,delivered,web,139.88
597912,15226,2025-12-17,delivered,marketplace,139.48
927422,31559,2025-02-18,cancelled,mobile_app,378.72
929130,76259,2025-07-23,delivered,mobile_app,117.98
858553,16126,2025-02-09,delivered,mobile_app,51.9
770026,90168,2025-09-03,delivered,web,708.89
863841,53754,2025-09-15,delivered,web,786.9
870602,73046,2025-11-17,delivered,web,394.86
719758,76671,2025-01-24,delivered,marketplace,522.91
522646,13005,2025-01-17,delivered,web,350.88
767046,63596,2025-03-14,delivered,web,461.57
809434,93990,2025-11-13,delivered,web,374.95
658095,25460,2025-03-12,delivered,web,381.97
896011,81803,2025-05-14,delivered,web,67.47
867259,25102,2025-03-25,delivered,web,215.6
691162,77235,2025-04-15,delivered,web,49.48
877941,73673,2025-09-12,delivered,web,874.39
663823,11751,2025-04-02,cancelled,mobile_app,273.93
524527,52192,2025-08-14,delivered,web,332.93
721529,47037,2025-11-18,processing,marketplace,342.51
589402,45754,2025-05-07,delivered,mobile_app,113.47
836632,58629,2025-04-08,delivered,web,745.94
913610,90427,2025-05-15,returned,web,1224.35
647406,78087,2025-03-04,delivered,mobile_app,48.94
963152,46965,2025-12-01,delivered,web,58.99
839976,29307,2025-12-11,delivered,mobile_app,193.48
667786,43181,2025-06-14,delivered,web,978.71
969830,53321,2025-11-08,delivered,web,79.9
787692,27665,2025-11-07,delivered,mobile_app,254.95
572173,80502,2025-07-26,delivered,mobile_app,209.99
969258,42946,2025-10-16,delivered,web,107.0
996067,96279,2025-02-07,delivered,web,414.93
782776,72340,2025-04-04,delivered,mobile_app,288.93
823367,35076,2025-12-24,delivered,web,45.99
661428,63737,2025-04-25,delivered,web,1421.99
543231,43872,2025-06-08,delivered,mobile_app,278.85
648953,17456,2025-05-07,returned,mobile_app,25.99
501289,63302,2025-05-28,delivered,web,430.7
571239,18361,2025-07-14,shipped,web,45.98
727676,38805,2025-07-10,delivered,marketplace,576.97
536860,57807,2025-06-15,delivered,web,110.98
757693,44452,2025-03-23,delivered,web,71.94
784621,99446,2025-08-21,delivered,web,462.8
518661,13262,2025-11-08,delivered,mobile_app,388.33
602655,34651,2025-03-15,delivered,marketplace,496.7
808693,69948,2025-12-05,delivered,mobile_app,246.46
641384,85558,2025-08-12,returned,web,176.84
541935,63767,2025-08-26,delivered,web,512.84
818617,44452,2025-01-12,delivered,web,46.98
530186,47386,2025-11-13,delivered,web,848.86
622075,86189,2025-10-04,delivered,mobile_app,258.95
748745,56958,2025-11-10,delivered,mobile_app,21.9
754208,34294,2025-03-21,delivered,web,184.94
644870,50277,2025-05-10,delivered,mobile_app,172.87
662065,94288,2025-10-14,shipped,web,30.99
527143,28525,2025-09-27,delivered,mobile_app,214.0
637800,76771,2025-03-22,shipped,web,211.36
914882,35732,2025-11-01,delivered,web,69.49
745938,80948,2025-08-19,delivered,mobile_app,107.78
974138,52944,2025-10-23,shipped,web,143.92
588148,74363,2025-10-16,delivered,web,17.99
980641,17736,2025-09-23,cancelled,web,221.96
929349,34066,2025-12-26,cancelled,web,40.98
846620,27704,2025-05-02,delivered,web,212.44
790430,92903,2025-05-01,delivered,web,249.75
714973,40347,2025-11-04,delivered,mobile_app,330.98
983936,93744,2025-12-05,shipped,mobile_app,145.89
560682,29794,2025-03-02,delivered,mobile_app,67.48
894054,25934,2025-05-25,cancelled,mobile_app,89.75
945926,59374,2025-10-10,delivered,mobile_app,274.93
621728,36408,2025-02-12,shipped,web,292.91
971875,44612,2025-07-11,returned,marketplace,396.94
836110,68024,2025-06-28,delivered,web,310.93
664705,54011,2025-04-03,delivered,marketplace,113.95
626387,96993,2025-08-09,processing,web,1314.34
658464,70429,2025-01-25,processing,marketplace,681.95
671417,93023,2025-03-20,delivered,mobile_app,351.0
919542,75545,2025-07-14,delivered,mobile_app,56.98
749084,75960,2025-12-28,delivered,mobile_app,366.95
801729,98339,2025-12-07,delivered,mobile_app,220.39
645279,70560,2025-08-04,delivered,mobile_app,433.71
828444,77037,2025-09-10,shipped,mobile_app,120.94
593140,88996,2025-11-02,delivered,mobile_app,298.42
731575,25069,2025-07-21,delivered,web,15.99
966409,98981,2025-11-27,returned,mobile_app,31.95
710405,43367,2025-11-05,returned,mobile_app,465.96
826095,60401,2025-01-01,delivered,marketplace,830.41
550030,18256,2025-03-23,delivered,web,399.99
722803,59183,2025-05-14,delivered,web,82.97
661554,77902,2025-10-25,delivered,mobile_app,944.7
789812,42995,2025-09-16,delivered,mobile_app,65.98
829851,11751,2025-06-24,delivered,marketplace,370.95
644917,38869,2025-12-26,delivered,marketplace,232.83
683531,78994,2025-11-22,delivered,marketplace,209.93
597830,55700,2025-09-22,delivered,web,361.38
571594,22751,2025-06-06,delivered,web,46.99
643030,69590,2025-12-05,delivered,mobile_app,103.43
897491,26767,2025-02-04,delivered,web,271.94
895076,51192,2025-09-27,delivered,mobile_app,164.0
634156,94711,2025-11-25,shipped,mobile_app,256.89
755636,39640,2025-08-26,cancelled,mobile_app,259.3
530492,65371,2025-04-02,delivered,mobile_app,54.99
716058,18361,2025-01-25,delivered,web,90.38
615280,78192,2025-09-03,delivered,mobile_app,1380.49
519560,83394,2025-12-28,shipped,mobile_app,165.74
826592,21547,2025-04-06,delivered,web,17.95
993593,82716,2025-10-28,delivered,mobile_app,166.95
852676,87530,2025-11-19,cancelled,mobile_app,97.98
939750,47151,2025-06-04,delivered,mobile_app,694.93
646247,73673,2025-04-20,returned,mobile_app,178.8
729931,25395,2025-08-05,delivered,mobile_app,170.94
515869,43151,2025-09-21,delivered,mobile_app,415.91
814819,45953,2025-08-07,delivered,web,89.84
930730,64682,2025-11-08,processing,web,104.89
841198,33311,2025-04-24,shipped,mobile_app,190.98
657207,84853,2025-03-25,delivered,marketplace,243.85
763748,70954,2025-11-01,delivered,web,138.45
611862,83394,2025-10-25,delivered,mobile_app,572.85
741879,70041,2025-10-10,delivered,mobile_app,363.72
822969,62983,2025-11-12,delivered,mobile_app,16.98
727335,43872,2025-06-17,returned,mobile_app,923.9
675877,67056,2025-10-06,delivered,mobile_app,530.32
908384,24363,2025-12-14,cancelled,web,457.79
688223,95192,2025-01-07,delivered,mobile_app,122.44
699682,14499,2025-08-19,cancelled,mobile_app,319.87
808099,38247,2025-07-19,delivered,web,111.0
919519,50375,2025-06-26,delivered,marketplace,237.95
867145,88432,2025-12-09,returned,web,88.49
966355,90022,2025-11-27,cancelled,web,234.93
680400,14775,2025-02-27,delivered,web,65.94
523143,48762,2025-10-11,delivered,web,404.94
578858,83394,2025-06-22,delivered,mobile_app,436.66
951179,86670,2025-08-06,delivered,web,351.98
581576,69582,2025-11-10,delivered,mobile_app,647.89
587953,98998,2025-04-14,delivered,web,699.91
790105,10430,2025-12-09,delivered,web,96.92
757314,60458,2025-05-05,delivered,marketplace,502.86
784342,57925,2025-11-21,delivered,web,680.59
813708,98096,2025-09-15,delivered,web,100.39
621189,22624,2025-10-09,cancelled,mobile_app,861.64
700774,65759,2025-12-08,delivered,web,354.99
691558,31565,2025-11-22,delivered,web,216.9
570538,75470,2025-01-21,delivered,mobile_app,149.94
839719,14005,2025-05-24,delivered,web,404.86
680844,67201,2025-08-05,shipped,web,258.94
668490,46567,2025-12-02,shipped,mobile_app,152.91
944832,59226,2025-07-08,delivered,web,164.39
579009,41767,2025-11-28,delivered,mobile_app,164.97
939303,50513,2025-11-02,processing,mobile_app,51.98
916084,86873,2025-08-11,processing,mobile_app,284.97
781508,88742,2025-12-15,delivered,mobile_app,343.44
794006,76255,2025-11-22,delivered,marketplace,146.92
611123,97552,2025-07-24,delivered,mobile_app,851.95
685450,16977,2025-03-21,delivered,web,485.84
547292,25279,2025-04-15,delivered,mobile_app,586.44
527184,95646,2025-04-21,delivered,marketplace,53.97
893693,32211,2025-02-26,delivered,mobile_app,103.88
889953,65468,2025-08-19,returned,web,335.89
786880,15380,2025-08-07,delivered,marketplace,412.92
723242,74686,2025-11-20,delivered,mobile_app,63.83
869397,46567,2025-11-20,shipped,web,196.35
927132,43406,2025-05-28,delivered,mobile_app,169.95
580838,71939,2025-11-24,returned,marketplace,38.99
617274,65352,2025-10-03,delivered,web,171.95
987659,88593,2025-09-26,delivered,web,63.49
808701,48511,2025-07-17,delivered,mobile_app,306.44
705211,25291,2025-02-02,delivered,web,612.5
933441,96279,2025-05-05,delivered,web,224.0
626082,85357,2025-04-06,delivered,mobile_app,89.97
957054,29619,2025-10-11,delivered,mobile_app,383.9
738688,46040,2025-12-11,delivered,web,556.8
671975,49465,2025-03-13,delivered,mobile_app,79.98
715224,54907,2025-11-11,processing,web,448.93
779814,44410,2025-06-15,delivered,mobile_app,464.83
856156,15056,2025-04-03,delivered,web,74.99
839220,15380,2025-12-19,delivered,marketplace,478.76
522341,51627,2025-05-21,processing,web,157.43
847906,48435,2025-10-10,delivered,mobile_app,100.99
529294,29678,2025-01-20,delivered,marketplace,148.29
757578,96287,2025-01-22,delivered,mobile_app,91.97
872975,61822,2025-01-03,processing,mobile_app,317.95
629346,21065,2025-08-11,delivered,mobile_app,139.98
727855,48803,2025-02-22,delivered,marketplace,113.85
755425,34645,2025-03-09,cancelled,marketplace,51.9
754829,98142,2025-03-05,delivered,mobile_app,206.93
626959,12407,2025-07-13,delivered,web,177.99
599561,25918,2025-03-05,delivered,web,316.83
758473,66835,2025-11-16,delivered,mobile_app,118.34
808263,83394,2025-12-02,cancelled,marketplace,294.33
533804,46567,2025-02-27,delivered,mobile_app,685.76
750933,10387,2025-11-01,delivered,mobile_app,40.49
898665,79526,2025-11-07,delivered,mobile_app,118.94
588510,96279,2025-12-23,shipped,web,103.88
864160,10032,2025-07-23,delivered,mobile_app,126.98
762049,14391,2025-07-14,delivered,web,924.73
558754,88028,2025-03-01,cancelled,mobile_app,78.99
773586,97687,2025-04-28,delivered,web,105.95
869640,66997,2025-12-18,returned,mobile_app,132.89
617537,80819,2025-12-27,returned,web,1326.92
794500,61256,2025-07-07,delivered,mobile_app,203.94
581224,21508,2025-02-13,delivered,mobile_app,113.9
732026,58213,2025-11-16,delivered,marketplace,2293.77
768281,20155,2025-11-07,delivered,mobile_app,255.92
525718,68445,2025-01-04,delivered,mobile_app,56.94
623609,78715,2025-02-22,returned,marketplace,536.97
828474,78715,2025-12-16,delivered,mobile_app,15.99
733684,54086,2025-05-25,shipped,mobile_app,33.95
961046,65521,2025-04-02,delivered,web,566.02
978783,46040,2025-05-05,cancelled,web,172.98
918198,83441,2025-05-24,returned,mobile_app,265.77
895192,65741,2025-12-26,delivered,marketplace,304.96
618942,65190,2025-05-28,delivered,web,179.98
991736,61822,2025-08-14,delivered,web,100.97
892993,61415,2025-10-15,cancelled,mobile_app,228.89
581056,80139,2025-11-26,delivered,marketplace,31.89
710645,85268,2025-09-22,delivered,mobile_app,386.97
764831,65476,2025-11-09,delivered,mobile_app,39.48
532369,45874,2025-01-05,delivered,mobile_app,58.99
735640,52192,2025-09-06,delivered,mobile_app,109.95
643975,72088,2025-10-10,delivered,web,111.86
526111,82787,2025-11-09,delivered,web,748.21
791476,11751,2025-02-01,delivered,marketplace,163.88
563522,80118,2025-12-04,processing,mobile_app,203.98
988541,60115,2025-11-14,processing,mobile_app,24.49
754595,27341,2025-10-19,delivered,mobile_app,185.97
986241,84514,2025-04-19,delivered,mobile_app,24.95
836262,75837,2025-10-13,delivered,web,482.99
999932,27439,2025-02-25,delivered,mobile_app,123.94
571209,86640,2025-04-05,delivered,web,173.9
790886,82340,2025-12-14,delivered,web,284.75
671844,93038,2025-12-13,delivered,mobile_app,645.9
806379,38204,2025-04-09,delivered,mobile_app,141.89
655745,58944,2025-04-12,shipped,web,430.98
785348,38805,2025-11-24,delivered,web,302.45
610773,26767,2025-10-12,delivered,mobile_app,271.96
530269,93717,2025-06-25,delivered,mobile_app,149.97
633661,67567,2025-05-24,delivered,mobile_app,614.89
512893,50943,2025-09-12,delivered,mobile_app,231.96
649605,66751,2025-10-19,delivered,mobile_app,549.75
741938,63302,2025-11-19,delivered,marketplace,593.98
548508,42995,2025-12-26,delivered,mobile_app,128.97
819399,83305,2025-11-18,delivered,mobile_app,296.99
967665,17615,2025-10-22,cancelled,marketplace,264.95
563782,63882,2025-09-19,delivered,mobile_app,407.84
587119,11751,2025-01-07,processing,web,314.96
510431,11368,2025-05-10,delivered,mobile_app,848.76
774265,19032,2025-04-06,delivered,marketplace,21.0
584135,26767,2025-01-20,delivered,web,91.98
528224,44536,2025-12-13,delivered,web,111.94
665490,61569,2025-02-13,delivered,web,958.97
681404,47386,2025-12-01,shipped,mobile_app,49.99
915834,74030,2025-05-28,cancelled,web,38.99
923674,28498,2025-11-13,delivered,mobile_app,56.95
592615,15734,2025-04-14,delivered,web,1030.92
848602,41529,2025-04-22,cancelled,web,227.95
754737,52814,2025-07-15,delivered,marketplace,12.99
548889,32490,2025-05-18,delivered,web,427.12
652893,87530,2025-05-23,delivered,mobile_app,1193.18
603299,75545,2025-07-07,delivered,web,191.92
969369,86567,2025-12-04,returned,web,448.9
651572,99566,2025-07-20,delivered,marketplace,65.85
585240,53364,2025-04-11,delivered,mobile_app,233.38
655979,65209,2025-12-20,delivered,marketplace,439.44
936671,77743,2025-04-03,delivered,mobile_app,306.89
998495,93023,2025-11-14,cancelled,mobile_app,168.89
646420,46567,2025-08-16,delivered,web,490.44
718974,34907,2025-05-09,delivered,marketplace,108.49
739954,13964,2025-01-23,delivered,mobile_app,278.98
703901,29666,2025-04-11,delivered,web,174.75
621227,24868,2025-08-10,delivered,web,434.97
841197,65622,2025-03-09,processing,web,381.82
888871,51670,2025-07-09,returned,web,183.96
712876,70796,2025-11-05,delivered,mobile_app,1038.6
939002,49285,2025-11-19,delivered,mobile_app,245.83
730761,58045,2025-02-08,delivered,marketplace,126.92
638167,83047,2025-03-18,delivered,mobile_app,277.43
657246,19213,2025-12-26,delivered,web,269.83
589535,63662,2025-12-06,shipped,mobile_app,154.98
758338,14868,2025-09-11,delivered,web,160.45
774743,35555,2025-01-10,delivered,web,501.88
994224,47151,2025-03-27,delivered,web,44.93
968133,48861,2025-06-08,processing,web,75.46
547685,82872,2025-06-19,returned,marketplace,670.76
580697,53263,2025-06-15,delivered,web,138.98
959630,16387,2025-09-12,delivered,mobile_app,487.92
569536,10162,2025-11-01,shipped,marketplace,193.98
616184,35240,2025-12-13,delivered,marketplace,80.84
520348,35076,2025-11-14,delivered,web,219.93
902454,94264,2025-09-15,delivered,marketplace,84.91
611944,15680,2025-07-10,shipped,web,108.95
902984,74484,2025-06-04,delivered,mobile_app,42.95
852342,47151,2025-12-28,returned,web,1143.44
617532,41265,2025-11-12,shipped,web,198.47
516015,14005,2025-02-13,delivered,web,495.95
676185,75923,2025-04-22,delivered,mobile_app,552.93
742136,66997,2025-05-10,delivered,web,726.15
585041,97994,2025-04-04,delivered,web,320.92
953159,54726,2025-04-08,delivered,web,124.47
885366,96266,2025-11-20,delivered,mobile_app,959.83
658328,20559,2025-08-13,shipped,mobile_app,90.98
922808,99817,2025-10-12,delivered,marketplace,1208.94
740208,69077,2025-11-07,cancelled,web,697.7
554184,73975,2025-12-26,delivered,mobile_app,83.46
587980,84182,2025-07-21,delivered,marketplace,226.98
773379,22748,2025-12-22,delivered,web,70.99
678879,76771,2025-04-14,cancelled,web,340.88
773376,36205,2025-10-13,delivered,web,1042.29
740820,98892,2025-01-11,delivered,web,612.84
701279,15952,2025-04-16,returned,mobile_app,272.92
783614,78317,2025-09-16,cancelled,web,153.79
608736,83373,2025-10-25,delivered,mobile_app,509.95
915054,66580,2025-01-24,delivered,web,494.46
966909,42104,2025-03-10,delivered,web,230.71
634907,51627,2025-04-04,delivered,web,586.82
961609,55563,2025-08-23,shipped,web,448.54
749055,15380,2025-03-27,delivered,marketplace,426.7
955917,40448,2025-12-21,cancelled,mobile_app,279.95
536957,76771,2025-09-16,delivered,web,108.98
697877,45735,2025-02-11,delivered,web,459.86
934870,72596,2025-03-11,delivered,web,58.95
780628,35652,2025-02-03,delivered,web,2058.84
630067,24500,2025-08-16,processing,web,195.93
739306,16126,2025-12-18,delivered,marketplace,22.49
798379,18296,2025-05-19,delivered,web,167.85
965079,86369,2025-06-10,delivered,web,212.89
663981,15380,2025-11-26,delivered,mobile_app,746.44
516194,75913,2025-11-02,shipped,web,667.94
576967,51452,2025-01-22,delivered,web,586.88
632488,34535,2025-12-18,cancelled,web,179.96
954266,51391,2025-01-03,delivered,web,292.38
711809,77235,2025-09-18,cancelled,mobile_app,743.33
678900,94201,2025-09-24,delivered,mobile_app,1912.75
739749,46567,2025-04-09,delivered,web,76.93
924581,67172,2025-12-21,returned,mobile_app,441.92
817023,69426,2025-12-10,delivered,mobile_app,30.95
861516,49859,2025-10-25,processing,web,18.99
805148,22353,2025-05-24,returned,web,241.95
567292,69284,2025-08-16,delivered,mobile_app,374.95
520699,71149,2025-05-23,processing,marketplace,39.9
650165,28525,2025-02-19,delivered,mobile_app,520.87
878903,24478,2025-08-14,returned,web,590.46
769587,59140,2025-03-14,delivered,marketplace,599.94
715894,21308,2025-11-28,delivered,marketplace,189.88
860013,65295,2025-12-21,delivered,web,690.9
879779,18362,2025-06-11,delivered,web,715.96
723249,41231,2025-11-26,returned,mobile_app,436.94
575169,76771,2025-10-21,delivered,mobile_app,899.89
585551,99477,2025-11-05,shipped,web,179.45
759828,21476,2025-09-23,delivered,mobile_app,833.94
599519,15702,2025-06-01,delivered,web,110.84
741118,48597,2025-03-08,delivered,mobile_app,550.91
988886,41242,2025-09-26,delivered,web,250.98
708773,56278,2025-11-15,delivered,web,52.99
535477,61076,2025-08-07,processing,web,55.98
994272,25753,2025-09-11,cancelled,mobile_app,784.77
901822,34262,2025-07-20,cancelled,mobile_app,226.37
582341,86189,2025-09-01,delivered,web,53.93
543157,26767,2025-11-19,returned,web,84.99
853569,50365,2025-10-09,processing,mobile_app,68.99
985840,61243,2025-09-28,cancelled,web,130.98
700159,96539,2025-12-02,delivered,mobile_app,770.92
858231,16423,2025-09-09,delivered,mobile_app,624.72
648299,44460,2025-09-02,shipped,mobile_app,826.62
866910,72974,2025-04-22,delivered,web,62.97
772128,75470,2025-08-24,delivered,web,32.99
576015,18417,2025-12-21,delivered,mobile_app,160.83
539982,94711,2025-04-14,shipped,web,92.96
566061,14120,2025-11-02,delivered,mobile_app,9.98
882665,91822,2025-04-14,delivered,mobile_app,36.49
859356,30521,2025-10-08,delivered,marketplace,399.72
886264,59678,2025-12-17,delivered,web,21.95
894518,57922,2025-11-19,shipped,web,47.99
515687,29404,2025-10-08,delivered,marketplace,17.9
769178,44845,2025-12-10,delivered,mobile_app,226.79
628618,58213,2025-12-08,cancelled,mobile_app,646.94
919853,19715,2025-02-13,delivered,web,69.99
612691,92366,2025-09-16,delivered,web,46.99
681863,76828,2025-02-18,delivered,web,30.99
567901,95695,2025-10-15,processing,mobile_app,38.93
563000,35651,2025-04-11,delivered,web,195.96
776752,85068,2025-04-19,delivered,mobile_app,293.23
804251,63737,2025-07-13,cancelled,mobile_app,94.93
797294,97531,2025-01-23,delivered,mobile_app,288.94
576322,33481,2025-12-03,delivered,web,114.88
675192,46567,2025-10-10,returned,mobile_app,543.71
844051,68045,2025-10-08,shipped,mobile_app,44.49
683180,27171,2025-12-20,delivered,mobile_app,98.98
593574,37962,2025-12-18,delivered,web,101.96
780134,78237,2025-11-15,delivered,mobile_app,32.98
529034,25608,2025-05-02,delivered,marketplace,434.92
712961,13262,2025-05-04,shipped,mobile_app,218.97
904763,96225,2025-12-04,delivered,mobile_app,75.94
522310,76828,2025-03-27,delivered,mobile_app,315.7
600416,30918,2025-11-03,processing,web,49.44
891594,61783,2025-08-23,delivered,mobile_app,47.97
696450,98981,2025-05-15,processing,marketplace,119.98
987776,45903,2025-06-28,delivered,mobile_app,286.93
824854,29307,2025-08-16,delivered,mobile_app,66.94
750871,13643,2025-10-19,delivered,mobile_app,8.98
705301,48725,2025-08-17,processing,web,253.96
566385,10764,2025-12-25,delivered,web,848.37
979712,82872,2025-09-14,cancelled,web,195.87
802594,46769,2025-06-25,delivered,web,263.97
522801,84776,2025-11-08,delivered,web,296.87
606680,15952,2025-03-06,delivered,web,750.37
607392,59422,2025-05-02,shipped,mobile_app,197.78
813787,97584,2025-01-07,shipped,mobile_app,44.97
552749,81886,2025-10-03,delivered,web,321.73
908153,65209,2025-08-09,delivered,mobile_app,205.38
900384,91742,2025-08-18,returned,mobile_app,306.96
985412,27326,2025-01-17,delivered,marketplace,80.43
990438,43151,2025-03-04,delivered,mobile_app,422.42
853497,67895,2025-12-07,delivered,web,120.47
614050,85007,2025-11-15,delivered,mobile_app,131.94
679564,31880,2025-05-06,delivered,mobile_app,84.85
720428,63456,2025-11-25,delivered,mobile_app,53.98
689717,17634,2025-03-02,cancelled,mobile_app,98.93
925464,16008,2025-10-16,delivered,marketplace,521.96
582776,67895,2025-11-04,delivered,mobile_app,157.91
555167,68479,2025-09-08,delivered,mobile_app,114.95
633539,59663,2025-04-09,delivered,mobile_app,149.96
811288,23571,2025-07-16,delivered,web,169.96
696269,81886,2025-11-26,returned,web,332.42
500996,68024,2025-11-13,processing,web,13.44
596872,15214,2025-03-16,delivered,mobile_app,123.44
836867,47342,2025-11-14,delivered,web,26.99
790675,81674,2025-04-27,delivered,marketplace,49.98
718135,46965,2025-08-12,delivered,marketplace,286.47
789599,58944,2025-02-11,delivered,web,105.94
675425,52814,2025-07-19,delivered,web,555.92
585645,28223,2025-04-07,cancelled,mobile_app,248.92
506636,71983,2025-04-03,delivered,mobile_app,66.9
985567,21654,2025-01-17,delivered,mobile_app,16.98
989838,74785,2025-08-23,delivered,web,272.87
608460,39640,2025-03-13,delivered,web,90.98
714769,98359,2025-01-15,cancelled,mobile_app,202.94
988970,21476,2025-06-14,delivered,mobile_app,526.97
941996,98764,2025-04-16,delivered,mobile_app,228.97
842737,65352,2025-11-17,shipped,mobile_app,91.42
795495,76771,2025-12-23,delivered,mobile_app,1057.84
742850,73673,2025-12-16,delivered,mobile_app,39.98
970661,94902,2025-09-11,delivered,web,16.95
973682,55690,2025-02-02,delivered,mobile_app,63.93
548395,48676,2025-12-01,returned,marketplace,7.99
707181,52818,2025-09-25,delivered,web,19.99
710012,19568,2025-07-10,shipped,marketplace,157.98
831470,18457,2025-03-12,delivered,mobile_app,542.96
907868,21155,2025-11-01,delivered,mobile_app,527.83
954628,89577,2025-02-27,processing,web,124.94
846162,46567,2025-11-07,delivered,web,358.93
961229,98798,2025-11-14,delivered,mobile_app,35.9
954490,74961,2025-09-23,cancelled,marketplace,183.96
851709,55437,2025-11-25,delivered,marketplace,487.87
984925,32658,2025-07-28,delivered,mobile_app,496.4
983094,58944,2025-05-03,delivered,mobile_app,762.66
575173,77037,2025-12-19,processing,mobile_app,269.85
970758,10891,2025-06-23,delivered,mobile_app,634.79
916521,85477,2025-04-23,delivered,mobile_app,27.99
646397,14781,2025-02-02,delivered,mobile_app,679.8
997189,42995,2025-08-06,processing,mobile_app,205.74
523671,84317,2025-12-03,delivered,web,383.94
875793,58782,2025-10-17,delivered,web,390.93
781727,20915,2025-02-24,delivered,mobile_app,185.77
670535,77838,2025-12-24,delivered,mobile_app,104.42
724774,15680,2025-08-01,delivered,web,85.99
922663,33505,2025-01-12,cancelled,mobile_app,52.95
847473,43367,2025-07-24,delivered,mobile_app,493.79
716316,74722,2025-07-11,cancelled,mobile_app,226.93
775082,77902,2025-09-14,delivered,mobile_app,590.86
742203,74686,2025-09-23,delivered,web,344.75
899797,65209,2025-03-01,shipped,web,414.42
698627,31534,2025-10-09,delivered,mobile_app,151.42
870792,84213,2025-12-24,delivered,web,320.43
521801,44845,2025-11-04,shipped,mobile_app,42.99
854483,92366,2025-11-11,delivered,mobile_app,569.92
612767,48584,2025-12-03,delivered,mobile_app,47.99
691043,25934,2025-06-27,delivered,mobile_app,236.93
580160,36561,2025-08-23,delivered,marketplace,88.98
887777,95160,2025-01-16,delivered,web,262.93
883939,69307,2025-01-27,delivered,mobile_app,375.88
888661,47512,2025-09-08,delivered,mobile_app,523.9
502419,64273,2025-12-02,delivered,mobile_app,85.98
982094,68024,2025-09-18,delivered,web,179.26
900904,40401,2025-11-04,delivered,mobile_app,99.95
847890,74533,2025-08-14,delivered,mobile_app,158.97
707594,18421,2025-06-08,cancelled,web,279.73
537823,45295,2025-02-10,cancelled,mobile_app,56.98
718040,40143,2025-02-24,delivered,mobile_app,99.75
507027,45756,2025-12-14,delivered,marketplace,172.98
714741,98998,2025-10-28,delivered,web,11.49
655459,96279,2025-09-03,delivered,marketplace,140.74
584318,91464,2025-04-18,delivered,mobile_app,464.91
775553,78317,2025-05-10,delivered,web,69.9
828741,79526,2025-10-14,delivered,mobile_app,1006.38
973571,52499,2025-08-18,processing,mobile_app,578.88
503961,86011,2025-12-15,delivered,mobile_app,1026.79
596568,55700,2025-04-04,delivered,web,2003.7
579112,15953,2025-07-21,shipped,web,1315.64
909170,93989,2025-03-26,delivered,web,214.91
795303,21547,2025-08-23,delivered,mobile_app,245.91
626875,16968,2025-09-06,shipped,mobile_app,106.98
601409,46662,2025-07-15,shipped,web,117.96
921024,23702,2025-02-05,delivered,mobile_app,321.23
597798,51241,2025-04-09,delivered,mobile_app,583.92
893411,40448,2025-08-25,delivered,mobile_app,28.95
798147,15473,2025-03-02,delivered,web,207.47
543649,95394,2025-11-06,delivered,mobile_app,58.99
755017,44410,2025-11-18,delivered,mobile_app,167.86
809518,50649,2025-05-17,delivered,web,349.92
934936,73819,2025-04-17,processing,mobile_app,94.95
865894,36934,2025-12-05,delivered,mobile_app,417.31
780633,91399,2025-08-06,delivered,web,375.4
502697,48981,2025-12-19,processing,web,141.69
617901,81419,2025-10-03,delivered,mobile_app,142.96
578588,63354,2025-12-24,delivered,mobile_app,606.87
555205,53455,2025-09-03,cancelled,mobile_app,23.49
819172,63737,2025-11-21,delivered,web,30.95
530631,58045,2025-03-12,delivered,marketplace,246.91
936972,42875,2025-12-01,delivered,marketplace,45.99
934364,36203,2025-11-01,delivered,mobile_app,105.89
853270,15362,2025-12-21,shipped,mobile_app,243.42
563509,57113,2025-05-09,shipped,mobile_app,407.42
976444,90528,2025-10-07,shipped,mobile_app,407.83
926931,37954,2025-11-21,delivered,web,49.95
768437,97531,2025-10-23,delivered,mobile_app,171.7
970558,23493,2025-05-13,delivered,mobile_app,351.96
840643,88531,2025-12-12,delivered,marketplace,39.46
569023,75116,2025-09-06,delivered,web,74.97
826454,89577,2025-03-23,delivered,web,290.4
518842,27120,2025-09-02,delivered,web,60.9
910521,44612,2025-01-19,delivered,mobile_app,99.95
863445,94292,2025-03-11,shipped,marketplace,215.42
610902,20307,2025-12-08,delivered,mobile_app,210.98
727792,70796,2025-01-19,delivered,web,46.95
888585,36533,2025-11-15,delivered,web,160.55
840225,11751,2025-03-27,delivered,marketplace,8.95
700868,32292,2025-08-02,delivered,mobile_app,1247.32
549530,90173,2025-08-19,delivered,mobile_app,33.98
636691,37626,2025-12-21,delivered,web,178.98
752227,88593,2025-11-21,delivered,marketplace,170.97
747158,65737,2025-11-18,delivered,web,814.9
519460,52192,2025-12-08,delivered,web,181.0
679063,79139,2025-06-14,delivered,mobile_app,1082.77
730269,73526,2025-11-23,delivered,web,13.49
914446,17033,2025-06-16,delivered,mobile_app,245.42
551138,42978,2025-01-12,delivered,mobile_app,310.97
918096,60242,2025-09-23,delivered,mobile_app,2434.88
617410,47191,2025-05-23,delivered,mobile_app,427.96
707954,88195,2025-10-09,processing,web,221.93
768361,47037,2025-12-19,delivered,web,148.92
817118,42280,2025-11-26,delivered,mobile_app,191.82
764429,52882,2025-12-11,delivered,mobile_app,87.99
578888,63781,2025-10-13,delivered,marketplace,498.92
951319,96029,2025-06-28,delivered,web,140.45
962305,25918,2025-03-23,delivered,web,524.23
602959,89442,2025-11-13,delivered,mobile_app,34.95
891253,42325,2025-02-28,delivered,mobile_app,97.93
960311,73274,2025-10-09,delivered,web,1187.95
590421,15702,2025-05-13,delivered,web,209.43
790888,81688,2025-03-05,cancelled,web,184.89
674598,77071,2025-02-13,delivered,web,112.92
582277,18361,2025-10-18,delivered,web,283.83
514524,11635,2025-08-12,delivered,web,380.86
841011,33350,2025-09-21,delivered,marketplace,71.99
978387,30891,2025-09-02,delivered,web,206.96
503467,98339,2025-11-08,shipped,marketplace,39.99
855839,22700,2025-10-09,cancelled,mobile_app,92.93
827013,83590,2025-12-03,delivered,mobile_app,94.99
525926,92066,2025-08-21,shipped,web,35.98
732901,26793,2025-07-09,delivered,mobile_app,128.99
669802,28898,2025-01-13,shipped,mobile_app,341.93
782266,92291,2025-10-13,delivered,web,1034.84
825155,65209,2025-08-18,delivered,marketplace,225.0
828820,58045,2025-10-16,delivered,mobile_app,139.43
864910,49896,2025-02-28,delivered,web,1553.82
713317,10536,2025-09-02,delivered,mobile_app,132.94
978429,51670,2025-11-20,delivered,web,150.93
962951,51035,2025-12-26,delivered,mobile_app,176.87
662523,97643,2025-07-02,delivered,mobile_app,17.98
718426,11751,2025-12-11,delivered,marketplace,68.97
540023,43151,2025-12-22,delivered,marketplace,166.82
962160,43330,2025-04-21,delivered,mobile_app,365.42
974577,19419,2025-02-25,delivered,marketplace,108.99
850522,48725,2025-07-22,delivered,web,126.94
501603,23919,2025-10-05,processing,mobile_app,225.97
815877,83342,2025-08-05,delivered,web,383.83
852420,59183,2025-05-04,delivered,mobile_app,42.48
710208,18017,2025-11-16,shipped,web,824.9
883656,56667,2025-05-21,shipped,web,169.95
650736,35555,2025-11-19,delivered,web,134.92
519467,66246,2025-12-10,delivered,web,301.9
828979,24019,2025-03-08,delivered,mobile_app,284.89
558419,69308,2025-10-13,delivered,web,209.97
631123,79078,2025-03-14,cancelled,web,918.67
609318,40187,2025-12-11,delivered,mobile_app,128.48
973124,69590,2025-11-03,delivered,mobile_app,284.99
832769,11694,2025-01-20,delivered,web,1023.92
595342,71269,2025-09-02,returned,marketplace,66.94
866422,42636,2025-12-15,delivered,web,271.89
537183,74423,2025-12-21,delivered,web,316.75
537209,24273,2025-10-26,delivered,web,32.9
851769,78866,2025-08-13,delivered,web,492.93
628862,67007,2025-07-13,shipped,web,203.98
573197,44612,2025-11-22,delivered,marketplace,615.89
757382,94833,2025-11-27,delivered,mobile_app,182.99
570397,67567,2025-08-04,delivered,mobile_app,81.44
829372,21470,2025-08-14,returned,marketplace,197.74
724718,24638,2025-06-02,delivered,web,22.44
606159,81917,2025-12-14,delivered,web,31.95
643097,55826,2025-08-16,delivered,web,553.95
670981,88498,2025-01-07,returned,mobile_app,1224.15
726440,63662,2025-09-01,delivered,marketplace,180.48
751605,88068,2025-10-02,delivered,mobile_app,49.99
801968,13801,2025-11-21,delivered,web,60.97
592884,64494,2025-04-05,delivered,web,389.91
944333,88028,2025-11-01,delivered,web,28.47
510607,85390,2025-12-11,delivered,web,510.96
975934,17736,2025-12-11,delivered,web,26.99
994532,24673,2025-12-12,delivered,mobile_app,201.96
731249,80827,2025-02-16,shipped,web,153.44
978401,80983,2025-11-18,delivered,mobile_app,172.96
521855,38443,2025-08-02,delivered,mobile_app,121.97
970719,87815,2025-11-07,delivered,mobile_app,575.8
893576,80915,2025-10-17,delivered,web,472.92
515745,31559,2025-12-24,delivered,marketplace,234.96
820216,80827,2025-01-13,delivered,web,529.97
881805,26223,2025-07-03,delivered,marketplace,158.43
510762,45294,2025-12-05,processing,web,463.46
907996,82812,2025-01-27,delivered,web,169.75
797761,72979,2025-06-03,delivered,mobile_app,201.87
611111,38204,2025-12-16,delivered,mobile_app,34.95
936576,15380,2025-04-11,cancelled,web,257.9
938495,80502,2025-09-05,returned,web,169.97
890465,56354,2025-07-26,delivered,mobile_app,39.48
909934,36875,2025-12-23,delivered,web,122.0
858361,87669,2025-12-24,delivered,web,45.93
720627,42992,2025-10-02,delivered,web,36.49
769562,25589,2025-08-07,delivered,web,90.94
784270,30724,2025-11-14,delivered,web,4.49
831523,76107,2025-11-17,processing,marketplace,62.99
952121,48079,2025-03-24,delivered,marketplace,1742.86
952264,58887,2025-05-02,delivered,web,362.61
795298,31334,2025-01-16,delivered,mobile_app,344.9
985693,64494,2025-03-17,delivered,mobile_app,753.32
542759,17596,2025-02-22,delivered,web,403.94
686095,89442,2025-05-17,delivered,marketplace,120.98
930676,78994,2025-12-04,shipped,web,205.37
715881,87562,2025-04-04,delivered,web,81.98
733621,61954,2025-04-24,processing,marketplace,28.99
944406,14005,2025-11-14,delivered,web,567.93
933203,63737,2025-12-02,delivered,web,9.99
925585,50642,2025-10-16,shipped,mobile_app,469.95
791992,22624,2025-06-15,delivered,mobile_app,52.98
845300,54576,2025-12-21,delivered,marketplace,51.98
580364,90710,2025-08-12,delivered,marketplace,686.93
669697,80498,2025-03-23,processing,mobile_app,80.85
551893,25688,2025-10-03,cancelled,mobile_app,421.79
546928,30257,2025-06-16,delivered,mobile_app,37.9
855132,44452,2025-01-26,delivered,web,357.96
879163,60458,2025-03-27,shipped,mobile_app,6.49
931606,12047,2025-07-02,delivered,mobile_app,174.96
538594,24638,2025-09-02,delivered,marketplace,348.95
781112,34465,2025-08-02,delivered,mobile_app,11.49
843161,36289,2025-03-06,returned,web,176.46
605251,53455,2025-12-26,delivered,web,722.42
583901,73867,2025-11-07,delivered,mobile_app,247.38
791116,93023,2025-10-27,delivered,mobile_app,173.45
539799,39564,2025-07-09,delivered,web,786.17
760715,37099,2025-04-03,delivered,mobile_app,230.93
921967,25608,2025-11-23,delivered,web,98.0
842327,43013,2025-03-12,delivered,web,34.94
600253,83310,2025-06-04,cancelled,mobile_app,24.0
611477,82747,2025-11-22,delivered,mobile_app,849.84
946564,70260,2025-01-01,delivered,mobile_app,132.93
941251,15671,2025-09-21,shipped,mobile_app,422.39
808846,47386,2025-06-17,delivered,web,667.86
559791,68737,2025-12-03,delivered,web,132.89
605586,84418,2025-12-01,delivered,web,1061.86
986442,49096,2025-10-17,delivered,web,600.95
853434,32720,2025-04-17,processing,mobile_app,264.92
580752,82747,2025-10-10,delivered,mobile_app,523.94
976532,45419,2025-05-22,delivered,mobile_app,72.93
993557,86782,2025-12-27,delivered,mobile_app,447.84
724824,84942,2025-04-24,cancelled,web,307.94
897533,51849,2025-12-05,delivered,mobile_app,254.66
965583,58862,2025-10-18,delivered,mobile_app,95.93
997455,10536,2025-12-01,shipped,mobile_app,262.62
890926,14120,2025-03-10,cancelled,mobile_app,1111.94
510778,69077,2025-06-08,delivered,web,445.17
631286,10442,2025-11-17,delivered,web,265.97
747138,97643,2025-10-20,delivered,web,176.75
513761,77902,2025-06-07,delivered,web,312.83
795424,70796,2025-09-16,delivered,mobile_app,271.96
585124,42104,2025-10-05,cancelled,mobile_app,574.84
715407,38463,2025-07-12,delivered,marketplace,30.94
663964,90427,2025-09-22,delivered,web,113.19
702819,21470,2025-12-17,delivered,web,108.99
878574,86640,2025-10-11,delivered,mobile_app,1737.68
550574,76153,2025-04-25,delivered,web,124.48
676868,53951,2025-05-03,delivered,web,432.89
520280,56385,2025-03-20,returned,web,508.94
870165,83404,2025-10-28,delivered,web,159.47
953337,82787,2025-11-23,shipped,web,177.48
919674,15952,2025-11-21,delivered,mobile_app,134.47
664318,17374,2025-09-27,processing,marketplace,320.96
888097,45294,2025-04-28,delivered,mobile_app,92.45
695742,90709,2025-08-18,delivered,mobile_app,342.93
861675,10664,2025-04-23,delivered,web,443.79
949282,84539,2025-11-19,delivered,mobile_app,27.99
771656,24478,2025-05-06,delivered,web,207.98
876715,13139,2025-08-15,delivered,marketplace,133.98
909981,66440,2025-12-17,delivered,marketplace,577.83
973760,88195,2025-10-26,delivered,web,248.96
791364,81620,2025-11-15,shipped,web,234.38
611063,21308,2025-12-08,delivered,mobile_app,381.78
917933,83342,2025-05-27,delivered,mobile_app,183.96
811667,81866,2025-10-09,delivered,web,416.91
793409,85558,2025-07-20,processing,web,39.99
635325,95695,2025-10-09,delivered,web,496.7
781071,62183,2025-04-28,delivered,marketplace,38.99
854877,33885,2025-07-14,processing,web,957.69
799604,56630,2025-05-26,delivered,web,117.98
697944,61423,2025-06-14,delivered,web,856.89
647142,22741,2025-05-05,delivered,web,49.99
924598,62557,2025-10-04,delivered,mobile_app,119.82
581532,40347,2025-06-14,delivered,mobile_app,187.96
729490,49493,2025-07-07,delivered,web,16.49
982953,65861,2025-02-11,delivered,mobile_app,299.9
864777,80252,2025-10-07,delivered,web,33.95
922309,94292,2025-09-27,delivered,web,34.95
884231,35732,2025-05-19,delivered,mobile_app,225.36
636589,25291,2025-08-07,delivered,web,67.99
516116,83047,2025-02-12,processing,mobile_app,57.48
733039,71027,2025-12-01,processing,web,270.72
596923,91982,2025-05-05,shipped,web,398.94
836276,53951,2025-08-08,cancelled,mobile_app,309.97
655443,28525,2025-01-09,cancelled,web,88.99
819533,27439,2025-05-01,delivered,web,342.73
723187,65737,2025-12-27,processing,web,184.94
527819,60269,2025-11-04,delivered,mobile_app,145.94
879474,37962,2025-12-13,delivered,web,335.69
656204,50229,2025-11-27,delivered,mobile_app,274.81
627564,15473,2025-10-26,shipped,web,190.98
537652,28136,2025-09-05,delivered,mobile_app,39.75
663509,93023,2025-08-25,delivered,mobile_app,220.88
691877,52091,2025-11-23,delivered,web,211.44
839379,53951,2025-10-28,shipped,web,49.99
911368,62202,2025-06-17,delivered,mobile_app,94.75
815115,17655,2025-12-02,delivered,web,79.75
546334,79526,2025-06-06,returned,web,284.97
523435,10430,2025-06-02,delivered,web,174.95
507602,83595,2025-11-26,delivered,web,959.38
930502,16511,2025-02-28,delivered,mobile_app,1749.22
868061,36561,2025-09-17,delivered,web,228.43
979326,42280,2025-04-08,delivered,web,261.97
959754,92326,2025-11-06,cancelled,mobile_app,610.37
663632,46662,2025-04-23,delivered,web,187.39
581298,24638,2025-04-01,delivered,web,162.94
957704,99383,2025-09-07,delivered,web,351.0
587846,55690,2025-07-11,delivered,mobile_app,1835.99
532553,80139,2025-03-28,delivered,web,16.0
840433,88682,2025-05-09,delivered,web,176.98
655809,42836,2025-03-07,shipped,mobile_app,61.96
993769,53430,2025-04-15,delivered,web,1209.94
923553,52697,2025-12-10,delivered,mobile_app,155.92
569913,31559,2025-11-09,processing,web,292.73
688474,45874,2025-03-09,delivered,mobile_app,15.99
995314,97444,2025-04-18,delivered,mobile_app,269.94
917983,64494,2025-06-02,returned,web,87.98
534753,40347,2025-10-04,delivered,web,89.96
904444,39872,2025-05-12,cancelled,mobile_app,8.99
514353,94292,2025-11-06,delivered,marketplace,26.9
972225,97552,2025-09-09,delivered,web,293.87
882016,58045,2025-04-07,shipped,web,293.96
845001,94863,2025-06-19,returned,web,65.98
737816,98981,2025-06-27,delivered,mobile_app,1325.93
783896,85088,2025-08-03,processing,mobile_app,389.84
720755,91399,2025-10-25,delivered,web,403.95
903459,19591,2025-12-03,delivered,web,234.94
999017,85357,2025-06-14,delivered,mobile_app,201.84
792163,86818,2025-04-07,delivered,web,1336.7
764623,74363,2025-05-14,delivered,mobile_app,24.95
908650,66835,2025-04-11,returned,mobile_app,346.17
922949,57033,2025-10-28,delivered,mobile_app,521.82
678399,48079,2025-12-03,delivered,web,223.89
751592,89358,2025-10-18,delivered,web,59.98
841397,86365,2025-09-03,delivered,marketplace,22.99
685252,30325,2025-06-06,delivered,mobile_app,401.94
687667,73995,2025-01-23,delivered,web,149.98
737913,40448,2025-06-28,delivered,web,17.95
947923,81419,2025-11-10,cancelled,marketplace,56.94
748106,16423,2025-10-05,delivered,web,8.99
906414,85357,2025-12-02,delivered,web,415.44
898234,84281,2025-05-19,delivered,mobile_app,46.99
793444,77999,2025-12-14,delivered,web,111.98
992516,30325,2025-10-16,shipped,web,343.92
821027,30724,2025-04-27,delivered,mobile_app,226.74
559197,13309,2025-10-09,returned,web,453.86
787774,40804,2025-01-25,delivered,web,16.49
948882,91621,2025-05-03,delivered,mobile_app,442.45
572032,81886,2025-06-12,delivered,web,41.99
594647,46298,2025-11-05,delivered,web,37.96
633691,25069,2025-02-04,delivered,web,115.93
852093,83047,2025-10-22,cancelled,marketplace,62.45
709775,78088,2025-12-08,cancelled,marketplace,264.97
782547,68024,2025-09-23,cancelled,marketplace,354.65
878509,31992,2025-09-08,delivered,web,294.92
983101,36356,2025-11-08,delivered,web,268.97
878626,74785,2025-01-19,delivered,web,222.93
776827,68136,2025-11-13,processing,mobile_app,426.9
889608,62960,2025-08-24,delivered,mobile_app,26.99
942911,20453,2025-11-10,delivered,web,75.95
912667,88587,2025-12-18,delivered,mobile_app,233.97
856034,18457,2025-10-10,cancelled,mobile_app,43.94
705818,33880,2025-09-21,delivered,web,151.96
801098,62730,2025-07-04,shipped,mobile_app,35.96
909776,39073,2025-04-17,delivered,web,151.89
843995,80498,2025-12-23,delivered,web,49.99
796579,91990,2025-10-20,delivered,mobile_app,53.79
891472,73839,2025-11-01,delivered,web,68.99
610851,44240,2025-08-13,returned,web,1278.66
686803,32479,2025-03-16,delivered,web,264.94
708509,82151,2025-09-07,delivered,web,42.99
910877,45932,2025-07-07,delivered,marketplace,995.69
976015,63297,2025-01-10,delivered,mobile_app,185.97
553139,25631,2025-09-17,delivered,mobile_app,301.43
560132,82340,2025-08-11,shipped,mobile_app,375.91
649512,61822,2025-08-17,delivered,mobile_app,136.86
957244,74478,2025-06-25,delivered,mobile_app,239.83
740691,72562,2025-09-08,delivered,mobile_app,42.95
840305,79129,2025-04-23,returned,web,423.92
686264,91499,2025-02-01,delivered,web,206.22
589021,52697,2025-02-25,delivered,marketplace,346.97
511562,27704,2025-12-24,delivered,mobile_app,599.77
633435,84776,2025-02-17,delivered,web,309.91
653287,28898,2025-06-05,delivered,mobile_app,388.75
752650,70903,2025-12-15,cancelled,mobile_app,302.94
508563,95031,2025-08-01,delivered,marketplace,397.43
745278,24363,2025-01-22,delivered,mobile_app,69.99
731367,11751,2025-08-11,delivered,web,448.82
562935,78621,2025-11-02,delivered,marketplace,411.12
880463,84102,2025-02-05,delivered,web,111.95
594999,80139,2025-10-24,shipped,web,21.99
970634,34231,2025-05-14,delivered,marketplace,74.99
548500,75923,2025-11-06,delivered,mobile_app,368.93
862268,89852,2025-04-28,shipped,mobile_app,241.97
944803,22094,2025-09-05,delivered,mobile_app,56.95
528110,45754,2025-03-03,delivered,mobile_app,402.97
568945,21022,2025-04-02,shipped,web,44.95
719734,92291,2025-06-22,delivered,mobile_app,128.85
887242,85390,2025-07-08,delivered,mobile_app,1210.82
534800,71912,2025-10-28,delivered,mobile_app,802.27
969049,17456,2025-01-02,delivered,web,341.83
738201,93717,2025-01-25,delivered,mobile_app,77.49
540413,98142,2025-11-21,shipped,web,212.28
669384,91211,2025-10-18,delivered,mobile_app,308.95
637698,12825,2025-01-09,delivered,mobile_app,168.93
505781,40448,2025-11-19,shipped,mobile_app,120.81
817094,70954,2025-02-13,delivered,web,61.9
525186,23030,2025-05-07,cancelled,web,249.97
726096,46225,2025-03-17,delivered,web,109.94
986291,98142,2025-02-03,delivered,web,40.47
737194,21476,2025-12-23,delivered,web,508.83
703319,74533,2025-12-09,cancelled,web,26.99
643098,97703,2025-05-17,returned,mobile_app,152.99
862779,32292,2025-12-07,delivered,mobile_app,120.92
746784,85357,2025-11-14,delivered,mobile_app,708.81
677724,90278,2025-12-09,delivered,marketplace,804.96
585385,71269,2025-10-28,delivered,web,252.87
745888,89852,2025-02-07,delivered,mobile_app,122.85
977618,43538,2025-06-12,delivered,mobile_app,213.98
530704,91499,2025-07-23,delivered,mobile_app,100.47
541108,22704,2025-04-15,delivered,mobile_app,41.99
891328,57807,2025-02-25,delivered,web,321.92
660928,93195,2025-06-13,delivered,web,160.92
627444,11935,2025-12-28,shipped,web,791.44
575165,14774,2025-01-16,delivered,web,512.92
913770,46567,2025-05-25,delivered,web,182.97
990146,95200,2025-03-25,delivered,web,916.74
787260,47386,2025-02-07,shipped,mobile_app,103.98
781871,38805,2025-06-25,returned,web,38.95
536970,29538,2025-06-19,delivered,mobile_app,305.97
539435,72340,2025-09-16,delivered,web,307.25
725617,69552,2025-04-05,delivered,marketplace,329.81
950115,23493,2025-02-25,delivered,web,347.91
861250,84102,2025-06-03,delivered,mobile_app,198.94
769795,71672,2025-10-23,delivered,mobile_app,41.98
620699,77493,2025-12-26,delivered,web,112.82
676340,85357,2025-06-28,delivered,mobile_app,143.87
757878,50602,2025-12-05,delivered,marketplace,975.35
873348,70259,2025-11-02,delivered,web,136.91
749160,65728,2025-03-14,delivered,mobile_app,142.95
904689,73659,2025-04-17,delivered,marketplace,598.29
813295,91499,2025-11-09,shipped,mobile_app,148.99
683761,85062,2025-05-13,shipped,web,605.85
982804,40448,2025-02-08,delivered,web,49.99
915347,13005,2025-03-12,delivered,mobile_app,92.92
649064,10664,2025-12-16,delivered,web,42.99
702418,90734,2025-04-15,delivered,web,231.78
523162,50613,2025-11-10,delivered,marketplace,289.71
860891,86668,2025-08-24,delivered,mobile_app,193.88
833520,83590,2025-11-14,delivered,mobile_app,440.39
642342,24500,2025-10-15,delivered,marketplace,59.99
877579,90734,2025-04-01,delivered,mobile_app,636.94
746601,75470,2025-06-12,delivered,web,327.95
553681,37852,2025-02-06,shipped,mobile_app,695.97
531395,78237,2025-11-19,delivered,marketplace,286.47
907018,60518,2025-04-27,delivered,web,122.34
860451,84102,2025-08-24,shipped,web,172.75
933680,15707,2025-04-28,delivered,mobile_app,17.98
840488,70796,2025-12-14,cancelled,mobile_app,57.95
715213,75019,2025-02-13,delivered,web,134.98
904555,20862,2025-12-05,processing,web,502.63
759240,15074,2025-12-11,delivered,web,58.47
765252,77697,2025-03-24,delivered,mobile_app,121.98
622221,45932,2025-03-19,delivered,web,80.97
653867,65352,2025-06-16,delivered,web,63.9
931795,78194,2025-03-23,shipped,web,19.48
993698,21751,2025-12-16,cancelled,mobile_app,1027.87
949089,88455,2025-08-03,delivered,web,325.45
771219,68260,2025-12-22,delivered,web,409.94
869234,87277,2025-04-14,delivered,web,651.72
882323,36289,2025-09-18,delivered,web,339.9
587988,55522,2025-06-02,delivered,web,177.96
608661,10162,2025-03-04,delivered,mobile_app,1889.96
987634,54726,2025-11-25,shipped,mobile_app,126.75
948236,26767,2025-04-06,delivered,web,112.33
665397,89926,2025-11-11,delivered,mobile_app,1011.74
594429,87381,2025-11-25,shipped,web,54.99
552274,40448,2025-06-25,delivered,web,297.94
841856,17819,2025-05-15,delivered,mobile_app,209.91
704790,15952,2025-10-11,delivered,mobile_app,76.47
676358,94213,2025-05-26,delivered,mobile_app,750.88
793270,15300,2025-08-21,delivered,mobile_app,295.92
733949,69505,2025-03-02,delivered,marketplace,601.36
754974,77838,2025-10-15,shipped,mobile_app,448.96
609477,78237,2025-12-17,delivered,web,16.95
923354,21155,2025-03-05,delivered,web,248.93
868069,10032,2025-09-24,cancelled,web,30.98
920525,80190,2025-03-10,delivered,web,61.98
693798,48981,2025-05-15,delivered,mobile_app,649.77
914930,34927,2025-09-07,delivered,web,36.98
814385,58432,2025-01-24,delivered,mobile_app,101.46
937583,30696,2025-11-03,returned,marketplace,175.98
926251,20964,2025-07-13,delivered,marketplace,301.93
525083,73980,2025-09-09,delivered,web,117.93
516043,74442,2025-12-20,delivered,web,593.9
693783,25342,2025-06-04,returned,mobile_app,202.48
914839,53849,2025-11-24,delivered,mobile_app,210.91
532468,55700,2025-11-01,processing,marketplace,507.89
548188,70260,2025-01-06,delivered,marketplace,28.49
584172,18457,2025-02-07,delivered,mobile_app,171.44
772337,35651,2025-01-09,processing,marketplace,29.93
930224,96539,2025-11-02,delivered,mobile_app,651.84
842074,33147,2025-12-06,delivered,web,253.4
675212,65209,2025-11-17,delivered,mobile_app,176.8
883185,63528,2025-03-04,delivered,web,95.98
701259,74442,2025-09-23,delivered,web,118.92
874966,20915,2025-03-16,delivered,web,520.77
786045,73913,2025-06-26,shipped,web,286.93
713763,34294,2025-03-25,cancelled,mobile_app,383.9
515643,25806,2025-01-07,delivered,web,450.92
915435,23493,2025-12-25,delivered,web,10.99
837747,27609,2025-01-20,returned,mobile_app,608.44
697732,77037,2025-02-03,delivered,mobile_app,402.78
704371,74686,2025-05-02,cancelled,mobile_app,93.93
843305,12047,2025-12-02,delivered,mobile_app,416.79
710501,24500,2025-08-16,delivered,mobile_app,32.99
860366,39564,2025-10-27,delivered,web,676.87
662399,63053,2025-10-12,delivered,mobile_app,204.42
612598,69590,2025-10-27,delivered,web,377.73
984716,20915,2025-05-27,delivered,web,155.94
857869,97310,2025-11-03,delivered,marketplace,82.99
532249,34044,2025-06-14,delivered,web,185.9
692768,22741,2025-12-06,delivered,mobile_app,162.94
720012,31607,2025-11-11,delivered,mobile_app,415.91
632068,37948,2025-12-21,delivered,mobile_app,266.97
971984,63909,2025-12-04,processing,mobile_app,245.78
624704,46004,2025-10-28,delivered,web,29.9
645812,14045,2025-11-10,shipped,mobile_app,242.97
724188,54451,2025-08-01,delivered,web,538.88
539313,35314,2025-04-15,delivered,mobile_app,150.93
551239,18256,2025-01-08,delivered,mobile_app,691.72
923736,17097,2025-05-21,delivered,mobile_app,308.88
592865,60968,2025-05-05,delivered,mobile_app,1358.71
557116,71027,2025-09-01,cancelled,mobile_app,233.47
680752,51035,2025-06-17,delivered,web,940.63
848803,83697,2025-07-01,delivered,web,321.93
945793,10536,2025-04-17,delivered,mobile_app,145.85
529246,53614,2025-01-18,delivered,web,14.49
956379,70796,2025-11-19,delivered,web,153.98
726749,82341,2025-11-05,delivered,mobile_app,53.95
583623,50847,2025-12-10,delivered,web,562.86
776300,77071,2025-05-15,processing,mobile_app,129.96
529879,86011,2025-11-01,shipped,mobile_app,201.91
754842,55727,2025-09-21,delivered,mobile_app,49.98
761605,33977,2025-06-19,delivered,web,44.48
723032,82340,2025-07-21,delivered,marketplace,517.9
685275,24623,2025-01-28,delivered,web,97.97
871875,28498,2025-07-19,processing,mobile_app,291.7
915726,88593,2025-11-26,cancelled,mobile_app,98.98
810637,63737,2025-01-01,delivered,mobile_app,376.9
557422,78866,2025-09-07,delivered,mobile_app,694.93
902365,80147,2025-04-21,delivered,marketplace,217.44
975939,28614,2025-02-14,delivered,web,166.82
948773,78715,2025-01-02,delivered,web,175.82
907884,85088,2025-05-12,delivered,mobile_app,743.86
792577,74785,2025-10-05,delivered,marketplace,120.92
641104,69582,2025-08-10,cancelled,marketplace,132.98
810385,63690,2025-04-15,shipped,web,142.91
906133,46567,2025-12-13,delivered,web,134.94
628743,48725,2025-03-12,delivered,web,184.18
766380,56071,2025-03-04,delivered,web,1089.67
948289,88258,2025-09-10,delivered,web,195.83
943686,37785,2025-11-08,cancelled,mobile_app,355.42
828953,44845,2025-12-12,returned,web,146.93
683092,52882,2025-08-13,delivered,mobile_app,651.89
944544,12825,2025-10-03,shipped,mobile_app,384.98
731751,75470,2025-12-02,delivered,marketplace,141.99
634197,78078,2025-09-02,delivered,web,233.43
946460,27266,2025-11-24,delivered,mobile_app,721.95
509042,93513,2025-03-08,delivered,mobile_app,287.99
511270,85088,2025-08-20,delivered,web,60.44
842265,63309,2025-02-19,delivered,web,29.99
620332,89221,2025-03-06,delivered,web,296.99
875243,76255,2025-06-18,delivered,mobile_app,147.78
606463,58152,2025-11-23,delivered,marketplace,21.99
913570,21104,2025-03-26,delivered,web,355.66
754764,13801,2025-02-21,processing,mobile_app,45.88
548424,19591,2025-08-25,shipped,web,1026.89
573645,98142,2025-04-24,returned,web,224.39
649403,53849,2025-12-04,delivered,web,102.41
573257,73777,2025-08-15,delivered,marketplace,52.99
960365,96539,2025-03-18,delivered,web,400.17
936749,10117,2025-10-23,delivered,web,150.93
933728,50229,2025-09-09,processing,web,171.8
716497,13801,2025-11-04,delivered,mobile_app,403.89
683568,83310,2025-12-28,delivered,mobile_app,128.99
966472,22700,2025-12-08,shipped,mobile_app,121.94
588783,75913,2025-09-25,delivered,web,235.92
579531,63309,2025-12-11,delivered,mobile_app,707.94
728948,10274,2025-09-07,delivered,web,158.89
653909,88195,2025-08-06,delivered,marketplace,174.88
721603,54747,2025-09-05,shipped,mobile_app,701.82
558452,70796,2025-06-23,delivered,mobile_app,290.82
673886,91982,2025-09-18,cancelled,web,4.49
593545,27704,2025-03-08,delivered,mobile_app,465.69
678646,94950,2025-10-15,delivered,mobile_app,468.0
921878,41004,2025-12-24,delivered,mobile_app,620.89
813805,42147,2025-05-05,delivered,web,88.99
941287,10764,2025-10-13,delivered,web,1098.66
692315,22597,2025-11-28,delivered,marketplace,141.16
649420,11375,2025-12-23,delivered,web,217.96
760973,52697,2025-01-19,delivered,mobile_app,420.63
950255,92756,2025-10-05,delivered,mobile_app,214.95
577816,54011,2025-01-23,delivered,web,484.92
805778,60950,2025-12-15,cancelled,mobile_app,270.46
570226,67382,2025-09-02,delivered,web,202.97
984854,94433,2025-06-20,delivered,web,650.93
741704,17983,2025-12-22,processing,web,240.47
501403,52661,2025-09-28,delivered,mobile_app,25.98
703288,25608,2025-08-21,delivered,web,146.97
928153,53754,2025-02-02,delivered,web,421.88
549731,72214,2025-10-11,delivered,mobile_app,55.99
713032,86375,2025-08-02,delivered,web,228.93
824051,92174,2025-12-06,delivered,mobile_app,597.93
777385,36535,2025-05-22,delivered,web,148.97
634174,56354,2025-12-10,delivered,web,178.99
523961,38933,2025-11-03,shipped,web,163.78
950646,38204,2025-10-24,delivered,web,486.8
925159,44068,2025-07-08,shipped,web,65.89
854823,36561,2025-03-06,delivered,mobile_app,137.98
938125,82687,2025-08-20,processing,web,167.97
884570,27439,2025-04-04,delivered,mobile_app,427.4
808364,20399,2025-12-25,processing,web,422.19
892782,19903,2025-10-20,delivered,mobile_app,388.83
783680,34668,2025-10-25,delivered,mobile_app,533.85
995663,40365,2025-10-01,delivered,mobile_app,55.99
604329,82687,2025-11-19,delivered,marketplace,567.45
627792,90173,2025-10-04,delivered,mobile_app,5.99
605964,65661,2025-10-15,processing,mobile_app,305.83
636961,29794,2025-10-11,delivered,mobile_app,88.99
546009,95486,2025-12-16,cancelled,web,113.95
756273,79078,2025-12-12,cancelled,web,357.98
927813,90528,2025-12-03,delivered,web,351.98
707313,45044,2025-11-27,delivered,web,605.87
561191,49523,2025-12-17,cancelled,web,352.93
951241,84102,2025-12-06,processing,web,279.95
966970,73068,2025-12-19,delivered,mobile_app,305.0
885048,94950,2025-07-19,delivered,web,208.49
515526,37839,2025-05-08,delivered,web,18.98
801222,26223,2025-10-12,returned,web,84.99
575275,18457,2025-02-27,delivered,web,153.87
950023,47564,2025-04-17,shipped,web,28.49
854956,55727,2025-03-11,delivered,mobile_app,10.95
757288,90734,2025-02-14,delivered,web,719.68
596378,62179,2025-12-18,cancelled,web,268.88
926935,73274,2025-11-03,delivered,mobile_app,161.94
631550,61783,2025-07-16,shipped,mobile_app,167.94
858008,27439,2025-02-09,delivered,marketplace,263.38
870568,97324,2025-03-04,delivered,web,55.98
571491,83394,2025-12-25,cancelled,web,625.44
947530,15731,2025-12-17,delivered,marketplace,308.0
908907,19591,2025-03-07,delivered,web,131.97
875911,43428,2025-03-10,delivered,mobile_app,42.99
590286,73526,2025-06-10,delivered,mobile_app,683.7
794553,78087,2025-10-03,delivered,web,193.47
994973,83932,2025-09-01,delivered,web,376.38
536306,36408,2025-04-06,delivered,mobile_app,188.95
795401,40448,2025-03-11,delivered,mobile_app,21.0
570722,44985,2025-03-12,delivered,marketplace,136.4
644289,93023,2025-10-03,delivered,mobile_app,140.95
746430,70347,2025-12-11,delivered,web,184.98
942080,96539,2025-02-28,delivered,web,267.76
819102,46229,2025-07-24,delivered,mobile_app,248.8
529931,15952,2025-08-14,cancelled,mobile_app,156.42
925394,64009,2025-08-15,delivered,marketplace,385.41
627673,92366,2025-12-07,delivered,mobile_app,339.9
804271,70412,2025-05-26,delivered,web,281.9
947015,94863,2025-09-17,delivered,mobile_app,166.45
576503,92622,2025-09-08,delivered,mobile_app,69.99
840514,11072,2025-05-07,delivered,web,25.99
594784,95695,2025-09-06,delivered,mobile_app,261.86
710047,90710,2025-03-21,delivered,web,129.89
505896,57918,2025-05-23,delivered,mobile_app,876.88
673115,63309,2025-12-11,delivered,marketplace,47.44
897730,15560,2025-03-23,delivered,mobile_app,49.95
900316,37839,2025-01-09,delivered,mobile_app,130.44
595656,63882,2025-12-22,delivered,marketplace,159.95
837123,27704,2025-08-18,delivered,web,197.48
679199,23919,2025-09-24,delivered,mobile_app,121.97
897711,83026,2025-07-14,delivered,mobile_app,176.97
576274,64682,2025-02-24,delivered,mobile_app,33.9
623228,14045,2025-04-23,delivered,mobile_app,138.98
823425,75477,2025-07-03,returned,mobile_app,162.37
651246,26219,2025-06-06,delivered,web,406.93
802852,40198,2025-12-20,delivered,web,128.9
943970,62695,2025-09-07,returned,web,325.7
869367,60349,2025-08-11,delivered,web,139.9
989646,50551,2025-09-22,delivered,marketplace,314.92
702452,50551,2025-12-09,delivered,mobile_app,292.47
691327,21065,2025-10-04,shipped,web,169.89
744144,75913,2025-12-14,delivered,marketplace,66.47
613101,33505,2025-11-25,delivered,mobile_app,307.92
975538,13772,2025-08-04,delivered,mobile_app,167.43
531388,46145,2025-11-01,delivered,web,243.84
601320,80252,2025-06-02,delivered,marketplace,120.86
832653,81886,2025-10-06,delivered,web,328.81
549669,39512,2025-03-03,delivered,web,9.95
896284,90734,2025-05-24,delivered,marketplace,209.93
899160,60670,2025-11-11,processing,mobile_app,545.77
722057,11751,2025-11-12,delivered,mobile_app,359.3
899685,22700,2025-05-14,delivered,mobile_app,30.99
640882,65468,2025-12-24,delivered,mobile_app,547.92
614922,84281,2025-08-20,delivered,web,358.81
865611,27120,2025-01-14,delivered,web,63.95
797059,71939,2025-11-16,processing,mobile_app,297.78
811766,78087,2025-12-01,delivered,web,712.95
608481,46298,2025-12-01,delivered,mobile_app,307.92
766919,40035,2025-11-12,delivered,marketplace,241.9
809853,68629,2025-05-04,delivered,mobile_app,264.44
650790,86818,2025-07-06,cancelled,mobile_app,73.29
937193,34668,2025-06-13,delivered,mobile_app,401.89
783652,16900,2025-12-12,delivered,mobile_app,190.98
933006,28525,2025-08-24,delivered,mobile_app,950.79
845372,32907,2025-02-21,delivered,marketplace,549.75
778978,32907,2025-11-12,delivered,web,1258.43
695655,97444,2025-11-26,delivered,mobile_app,55.98
518388,97531,2025-07-02,delivered,web,131.85
978151,17456,2025-12-22,delivered,web,767.9
747471,93513,2025-11-07,delivered,web,311.75
704124,89452,2025-08-07,delivered,marketplace,49.0
554793,36533,2025-08-24,returned,mobile_app,33.95
854983,58432,2025-12-20,delivered,marketplace,60.48
657667,76188,2025-09-25,delivered,web,212.83
801842,22748,2025-01-24,delivered,web,126.41
874050,38683,2025-07-04,cancelled,web,58.98
886049,61189,2025-03-21,shipped,mobile_app,275.82
524257,32494,2025-06-19,returned,web,97.94
939812,11751,2025-12-25,delivered,mobile_app,9.99
905551,88593,2025-08-24,returned,mobile_app,209.93
617577,11751,2025-06-24,delivered,mobile_app,154.74
663817,51811,2025-06-10,delivered,web,149.95
801903,47256,2025-12-26,delivered,web,208.87
559600,92012,2025-08-02,delivered,web,381.98
584740,47936,2025-05-02,delivered,mobile_app,255.91
862628,97994,2025-12-02,delivered,mobile_app,383.93
735071,80819,2025-07-10,shipped,mobile_app,362.94
927159,69773,2025-03-09,delivered,mobile_app,356.89
656829,10985,2025-04-02,delivered,marketplace,126.0
976336,26142,2025-04-11,delivered,mobile_app,70.95
804943,40314,2025-04-17,delivered,mobile_app,361.98
689768,31565,2025-11-15,delivered,mobile_app,291.96
813410,91399,2025-05-13,delivered,marketplace,16.49
975661,98339,2025-06-02,delivered,marketplace,64.98
598504,22128,2025-03-28,shipped,mobile_app,207.94
980240,54086,2025-06-27,delivered,mobile_app,669.79
663881,46918,2025-03-06,processing,mobile_app,392.86
675961,62324,2025-07-25,delivered,web,322.96
960454,71669,2025-04-09,delivered,marketplace,497.99
579956,52697,2025-11-14,delivered,marketplace,413.44
736846,54347,2025-03-24,cancelled,web,293.88
951568,99477,2025-03-26,delivered,marketplace,275.97
512396,73913,2025-01-05,delivered,web,490.77
968226,43367,2025-07-25,delivered,web,587.86
894485,30786,2025-09-11,delivered,mobile_app,29.98
528319,75837,2025-02-07,delivered,web,667.87
622515,64972,2025-09-16,delivered,web,53.99
988120,38463,2025-11-04,delivered,mobile_app,229.93
744708,68205,2025-01-20,delivered,web,431.71
974448,88195,2025-12-22,processing,web,669.83
747677,68957,2025-10-17,delivered,marketplace,148.44
762735,37099,2025-07-28,shipped,marketplace,123.48
914744,84770,2025-10-10,shipped,web,287.84
608067,55609,2025-07-10,delivered,web,307.96
526029,89536,2025-10-03,delivered,marketplace,99.99
589044,24160,2025-07-19,delivered,marketplace,122.83
961315,65861,2025-09-25,delivered,web,6.95
980340,97994,2025-11-18,delivered,web,315.93
801756,42995,2025-06-28,shipped,marketplace,73.9
995728,60458,2025-11-02,delivered,web,809.22
927801,93744,2025-12-03,cancelled,web,51.9
890388,77912,2025-05-26,delivered,web,469.96
904838,79078,2025-05-22,delivered,web,210.43
706487,67056,2025-06-06,delivered,web,203.99
505132,35170,2025-11-10,cancelled,marketplace,280.95
880860,58897,2025-12-02,delivered,web,371.9
553408,96206,2025-04-10,shipped,web,537.74
529721,24363,2025-02-18,cancelled,mobile_app,51.97
705055,97584,2025-11-25,delivered,mobile_app,25.95
683472,40448,2025-10-24,delivered,web,660.93
602939,90777,2025-02-18,delivered,mobile_app,97.98
876397,95031,2025-12-26,delivered,mobile_app,657.86
682777,61179,2025-12-03,delivered,web,49.98
547897,70838,2025-06-10,delivered,mobile_app,100.98
968568,32479,2025-03-08,delivered,web,121.99
985273,74501,2025-11-16,delivered,web,99.75
897262,83769,2025-02-03,delivered,mobile_app,85.93
960553,37644,2025-10-08,delivered,web,432.77
588717,97310,2025-06-14,processing,mobile_app,540.94
724663,93989,2025-01-20,processing,web,377.71
794491,47191,2025-12-17,delivered,web,131.94
931758,49096,2025-04-17,shipped,mobile_app,289.98
817107,35953,2025-03-02,delivered,web,403.29
645180,88028,2025-12-19,delivered,mobile_app,77.99
693495,82340,2025-03-13,delivered,web,278.89
989043,13005,2025-09-05,delivered,web,1481.49
704974,65521,2025-02-02,delivered,mobile_app,124.97
842028,31546,2025-01-06,delivered,web,264.44
890148,26142,2025-05-20,shipped,mobile_app,598.96
995165,78194,2025-06-06,cancelled,web,195.95
928998,86335,2025-05-15,delivered,mobile_app,364.78
579560,80502,2025-12-23,returned,marketplace,491.73
602193,92012,2025-10-26,delivered,web,82.36
978775,67945,2025-12-28,cancelled,web,443.94
598128,19537,2025-02-23,delivered,mobile_app,355.96
982417,73274,2025-02-05,delivered,web,107.9
655626,47838,2025-11-28,delivered,mobile_app,249.93
652540,86189,2025-03-19,delivered,web,401.43
502289,24600,2025-07-15,delivered,mobile_app,56.95
898278,96279,2025-10-24,delivered,mobile_app,607.7
656044,39957,2025-03-19,delivered,web,129.95
975468,46662,2025-04-07,delivered,web,12.0
968202,11507,2025-04-03,delivered,mobile_app,134.97
510161,14355,2025-11-04,delivered,web,146.95
512518,80190,2025-02-17,delivered,web,539.19
654243,18195,2025-04-10,delivered,mobile_app,77.96
828161,92843,2025-03-17,delivered,mobile_app,179.84
868557,65759,2025-02-23,shipped,web,51.88
797419,40314,2025-06-18,delivered,web,109.93
847781,80915,2025-01-03,delivered,web,89.99
519292,25102,2025-01-24,delivered,mobile_app,362.63
849510,77902,2025-01-22,shipped,mobile_app,1349.4
873116,28525,2025-12-24,processing,mobile_app,164.93
677574,98981,2025-10-26,shipped,web,289.48
894939,24141,2025-04-26,delivered,mobile_app,108.97
667453,66835,2025-10-09,processing,mobile_app,421.92
665048,75913,2025-06-28,delivered,mobile_app,319.96
508159,55690,2025-09-04,delivered,web,135.42
849943,43736,2025-05-09,delivered,marketplace,95.98
597479,85007,2025-03-04,shipped,web,823.86
690346,75960,2025-10-21,delivered,mobile_app,156.9
933069,21800,2025-08-14,delivered,web,111.98
655330,11960,2025-11-10,delivered,web,379.89
847220,15534,2025-02-19,processing,web,224.37
644907,61129,2025-12-11,cancelled,mobile_app,568.91
605516,73673,2025-10-27,delivered,web,155.32
951456,73937,2025-03-26,delivered,marketplace,132.94
607433,36875,2025-09-07,delivered,marketplace,219.97
604716,38463,2025-03-16,delivered,marketplace,93.98
515894,51627,2025-12-12,delivered,mobile_app,151.85
573593,31534,2025-11-03,delivered,web,43.96
531187,81803,2025-11-28,delivered,mobile_app,149.92
811948,24500,2025-10-21,delivered,marketplace,80.0
504451,43330,2025-06-05,delivered,web,450.94
737638,40448,2025-03-13,delivered,web,522.92
510730,37045,2025-03-18,shipped,mobile_app,126.47
661145,98584,2025-10-07,cancelled,web,136.98
584467,19337,2025-12-16,delivered,mobile_app,163.33
979057,53542,2025-09-19,delivered,web,1437.44
646676,93989,2025-03-22,shipped,web,546.89
970917,82230,2025-12-12,delivered,web,153.46
989261,59586,2025-11-11,shipped,web,55.99
577477,48069,2025-02-17,processing,mobile_app,564.7
893493,21751,2025-09-11,delivered,marketplace,40.49
745296,16432,2025-11-06,delivered,mobile_app,965.72
866013,31804,2025-04-04,delivered,web,118.93
529831,25631,2025-01-11,delivered,web,88.88
915912,95192,2025-07-08,delivered,mobile_app,74.44
676669,40347,2025-12-23,returned,mobile_app,381.58
814996,70954,2025-12-21,cancelled,web,35.95
763039,29518,2025-04-07,delivered,mobile_app,384.97
610049,98359,2025-12-14,delivered,web,45.46
535210,43538,2025-08-24,delivered,web,348.96
638767,75913,2025-12-13,cancelled,mobile_app,163.94
577030,13302,2025-04-23,delivered,mobile_app,122.84
616274,73659,2025-09-12,delivered,web,175.85
702285,40515,2025-12-25,shipped,web,89.94
960029,41461,2025-03-18,delivered,web,379.95
811479,77235,2025-12-21,delivered,mobile_app,677.73
858180,22357,2025-02-22,processing,mobile_app,747.95
835922,77507,2025-04-08,delivered,mobile_app,219.9
851774,67550,2025-09-23,delivered,mobile_app,149.42
777281,45735,2025-12-02,delivered,web,73.94
557105,50613,2025-12-28,shipped,mobile_app,18.99
607739,93038,2025-11-08,delivered,mobile_app,124.96
864201,40673,2025-05-16,delivered,mobile_app,156.93
688012,89221,2025-05-03,delivered,web,122.98
948992,70962,2025-03-09,delivered,web,89.47
564205,21065,2025-03-28,delivered,marketplace,436.69
922394,48079,2025-10-06,delivered,mobile_app,527.73
811742,91745,2025-09-06,delivered,marketplace,612.94
655817,51373,2025-08-18,returned,web,623.29
661965,74291,2025-09-04,delivered,mobile_app,118.97
847433,24419,2025-11-04,delivered,marketplace,145.95
579398,22357,2025-10-09,delivered,web,18.49
963358,80139,2025-07-20,delivered,web,319.95
969869,43367,2025-01-11,delivered,mobile_app,33.99
739300,10032,2025-01-23,delivered,web,296.38
842835,57918,2025-06-19,delivered,web,886.96
736060,66094,2025-06-05,delivered,mobile_app,172.94
520741,15674,2025-08-02,delivered,mobile_app,190.79
619853,33940,2025-11-27,delivered,mobile_app,140.38
630708,15671,2025-08-22,processing,mobile_app,333.46
774387,15380,2025-08-18,delivered,web,153.34
927404,91399,2025-04-07,processing,mobile_app,601.91
691701,88593,2025-10-25,shipped,mobile_app,122.45
840925,78192,2025-07-27,delivered,web,334.43
550337,62202,2025-03-16,delivered,mobile_app,382.85
969872,87530,2025-03-27,delivered,web,401.96
745087,85091,2025-12-09,delivered,web,101.93
629434,23839,2025-07-07,delivered,mobile_app,830.66
510071,44240,2025-06-19,delivered,web,107.85
967930,27266,2025-01-18,processing,mobile_app,135.92
627371,54907,2025-09-21,delivered,web,675.86
943571,64682,2025-11-21,delivered,web,779.96
512782,97310,2025-08-13,delivered,web,1468.74
648359,48725,2025-12-22,delivered,web,44.49
850777,46066,2025-12-07,delivered,mobile_app,85.92
818669,89358,2025-12-07,delivered,mobile_app,877.96
705207,51585,2025-10-21,processing,web,195.84
608607,13262,2025-09-24,delivered,marketplace,215.8
843241,31565,2025-04-28,returned,web,232.88
887290,11751,2025-01-03,delivered,web,273.95
969055,69307,2025-08-04,delivered,web,450.96
604678,83769,2025-04-14,delivered,web,238.98
647404,33350,2025-07-05,delivered,web,94.95
820398,37852,2025-12-20,shipped,web,445.64
552657,85390,2025-01-24,delivered,mobile_app,194.95
782227,52379,2025-08-25,delivered,web,260.93
689783,56083,2025-08-05,delivered,web,881.7
806555,18361,2025-09-10,delivered,web,47.98
842811,21654,2025-01-28,delivered,mobile_app,580.41
918374,22055,2025-11-03,delivered,mobile_app,167.45
529342,33940,2025-05-27,delivered,web,199.9
692668,26215,2025-11-13,delivered,mobile_app,96.93
572254,36561,2025-11-17,delivered,mobile_app,318.91
953031,86335,2025-12-07,delivered,marketplace,16.95
603476,34787,2025-06-10,delivered,marketplace,484.9
606363,48079,2025-09-28,cancelled,mobile_app,190.97
634205,41265,2025-09-05,processing,web,166.84
783471,63456,2025-11-06,shipped,web,225.99
962747,77902,2025-03-08,delivered,web,573.9
643139,63053,2025-10-25,processing,mobile_app,59.85
538864,84912,2025-09-24,delivered,mobile_app,181.44
638781,14005,2025-01-03,delivered,mobile_app,157.99
606026,78237,2025-12-08,delivered,mobile_app,74.97
866113,94288,2025-06-15,delivered,web,69.98
860179,69284,2025-10-14,delivered,mobile_app,221.8
820294,95486,2025-09-07,delivered,mobile_app,783.97
884165,31628,2025-11-02,cancelled,mobile_app,26.98
892203,67895,2025-12-13,delivered,mobile_app,95.98
535341,74363,2025-01-01,delivered,web,86.88
910913,73526,2025-07-16,delivered,marketplace,21.99
606839,71607,2025-12-28,returned,mobile_app,424.94
722396,37948,2025-12-04,delivered,web,327.98
507343,73995,2025-10-26,delivered,marketplace,280.45
873256,44021,2025-11-18,shipped,web,495.26
903884,49845,2025-04-14,delivered,mobile_app,118.97
933763,61405,2025-06-20,delivered,mobile_app,39.95
794902,95983,2025-05-07,delivered,web,271.96
830854,96821,2025-04-25,delivered,mobile_app,515.84
918022,71269,2025-01-25,returned,web,28.99
605928,57107,2025-11-05,delivered,marketplace,22.99
625304,17736,2025-10-10,delivered,mobile_app,515.94
770731,91499,2025-01-15,delivered,mobile_app,484.95
645886,91378,2025-08-20,delivered,mobile_app,17.98
746000,55690,2025-11-26,delivered,web,323.92
667041,61349,2025-11-25,delivered,mobile_app,1207.39
794740,18296,2025-09-01,delivered,web,201.9
540051,78088,2025-11-17,delivered,web,598.62
744771,88933,2025-04-10,delivered,web,381.85
713965,24500,2025-08-27,returned,mobile_app,115.96
820513,58673,2025-10-15,delivered,marketplace,386.93
557641,96545,2025-12-04,delivered,mobile_app,93.9
669483,86335,2025-06-25,delivered,marketplace,416.43
667666,93989,2025-02-04,shipped,mobile_app,179.96
989386,24141,2025-12-09,shipped,marketplace,1040.19
970367,63053,2025-06-14,delivered,web,196.92
945147,79888,2025-05-01,delivered,marketplace,412.85
540858,10387,2025-10-27,processing,web,1230.33
823424,73677,2025-01-04,delivered,mobile_app,125.98
675969,27341,2025-01-13,delivered,web,118.88
577074,26219,2025-11-26,delivered,web,128.48
505826,30933,2025-04-22,delivered,web,959.71
526064,25688,2025-03-19,delivered,mobile_app,159.45
897753,93708,2025-07-26,delivered,marketplace,85.47
900075,50277,2025-06-28,delivered,mobile_app,63.9
704744,16968,2025-12-19,shipped,web,300.48
859111,27560,2025-01-14,delivered,web,9.95
911287,28913,2025-04-28,delivered,web,33.95
597589,36561,2025-01-15,returned,web,240.95
982134,39073,2025-12-16,delivered,mobile_app,509.23
605875,43406,2025-12-21,delivered,web,440.89
775949,86668,2025-05-03,delivered,web,373.27
565462,25539,2025-11-05,delivered,web,267.92
533981,23274,2025-11-04,delivered,mobile_app,1369.92
819769,71431,2025-12-05,delivered,web,184.99
985170,13964,2025-11-18,delivered,marketplace,490.96
607896,86189,2025-07-02,returned,web,266.92
601361,78123,2025-09-22,delivered,mobile_app,312.98
543688,70796,2025-09-23,cancelled,web,187.99
886225,37948,2025-11-01,delivered,web,179.95
545908,70954,2025-02-02,delivered,marketplace,499.95
842704,38212,2025-11-21,delivered,mobile_app,128.87
847356,91499,2025-12-25,delivered,web,18.49
725482,87938,2025-07-05,delivered,mobile_app,217.96
781538,81673,2025-10-20,shipped,mobile_app,64.98
925041,88028,2025-02-13,delivered,mobile_app,914.81
565549,97261,2025-05-15,delivered,web,1532.52
554356,24975,2025-03-03,delivered,marketplace,229.94
621631,88258,2025-07-04,delivered,mobile_app,137.98
666836,57113,2025-11-11,delivered,marketplace,136.0
927369,26788,2025-11-11,delivered,mobile_app,238.96
641736,87381,2025-10-14,delivered,web,15.98
611602,74423,2025-01-25,delivered,web,1500.94
825737,40198,2025-04-15,delivered,web,615.82
540083,76671,2025-09-19,cancelled,web,481.81
799262,34277,2025-04-06,returned,mobile_app,118.72
695522,42992,2025-11-09,delivered,mobile_app,30.49
867160,54384,2025-09-28,delivered,mobile_app,152.97
842211,89221,2025-01-25,delivered,web,181.89
990673,50642,2025-11-23,delivered,marketplace,239.48
814025,11368,2025-12-03,delivered,web,220.95
863665,80147,2025-11-08,returned,mobile_app,77.44
905956,99286,2025-02-10,delivered,web,115.98
568377,74501,2025-01-05,delivered,web,79.85
902117,67056,2025-11-09,delivered,mobile_app,13.99
879419,18421,2025-11-06,delivered,mobile_app,99.94
946779,38805,2025-12-06,delivered,web,237.75
546941,41004,2025-11-02,delivered,marketplace,43.92
972269,73839,2025-12-13,delivered,mobile_app,67.94
766220,31804,2025-08-26,delivered,web,71.97
941506,37535,2025-04-06,processing,web,444.93
846625,51533,2025-06-06,delivered,mobile_app,362.96
658440,48950,2025-02-13,processing,mobile_app,564.4
915998,28875,2025-01-07,delivered,mobile_app,545.44
781517,92366,2025-02-11,delivered,mobile_app,80.94
586555,70796,2025-09-28,cancelled,web,178.48
974863,84164,2025-11-11,delivered,web,497.9
852352,29894,2025-12-10,returned,mobile_app,429.74
840589,47191,2025-03-16,delivered,mobile_app,72.98
691778,77235,2025-04-05,delivered,mobile_app,72.98
797194,11751,2025-09-11,delivered,mobile_app,6.49
522644,63309,2025-05-06,shipped,marketplace,159.98
775708,65725,2025-05-12,delivered,mobile_app,167.98
500397,95973,2025-08-23,delivered,web,67.98
745531,62221,2025-04-03,delivered,web,646.93
589490,73760,2025-11-13,delivered,web,141.99
831782,18256,2025-01-13,delivered,web,106.88
981860,98142,2025-06-01,delivered,mobile_app,13.9
579121,71939,2025-12-04,processing,marketplace,543.94
651034,81138,2025-10-16,delivered,marketplace,102.34
709245,81803,2025-11-28,delivered,mobile_app,212.79
750666,23702,2025-10-03,delivered,mobile_app,803.73
627932,66440,2025-09-18,delivered,mobile_app,157.93
523902,81688,2025-05-18,delivered,mobile_app,438.72
901801,52901,2025-12-18,cancelled,marketplace,366.97
770724,93038,2025-12-24,delivered,mobile_app,414.97
996970,85477,2025-09-05,returned,web,711.96
903099,21308,2025-01-12,delivered,web,267.57
955445,94999,2025-12-16,delivered,web,355.98
824175,79114,2025-01-01,delivered,marketplace,117.0
887615,73526,2025-03-17,delivered,web,325.93
930366,58822,2025-12-12,delivered,web,685.75
701346,76299,2025-12-18,delivered,mobile_app,353.94
570607,27946,2025-12-04,delivered,mobile_app,355.67
779803,42978,2025-11-03,delivered,web,265.98
612440,90807,2025-12-13,delivered,web,14.95
526575,28463,2025-12-11,delivered,web,49.99
874631,46645,2025-03-07,delivered,web,952.87
731019,80903,2025-05-13,delivered,marketplace,9.95
788309,51035,2025-12-08,delivered,mobile_app,223.9
701560,98892,2025-12-15,cancelled,mobile_app,175.75
607220,22748,2025-08-17,delivered,web,42.0
666074,90629,2025-10-06,delivered,mobile_app,206.98
813027,69948,2025-03-14,delivered,web,364.25
525120,40198,2025-01-22,returned,mobile_app,700.87
862742,10387,2025-04-07,shipped,web,31.99
992824,15734,2025-07-08,delivered,mobile_app,11.49
881485,21508,2025-11-21,delivered,web,8.99
935246,68366,2025-05-20,delivered,web,564.34
793632,79139,2025-08-28,delivered,marketplace,566.81
570395,84182,2025-04-12,shipped,mobile_app,221.87
670243,19591,2025-08-12,delivered,mobile_app,417.44
686494,98346,2025-02-01,delivered,web,162.92
633386,39098,2025-03-27,delivered,mobile_app,22.99
756778,31607,2025-05-14,shipped,web,195.98
653816,83047,2025-11-16,delivered,mobile_app,1674.61
917996,58862,2025-05-10,delivered,web,353.0
996441,36561,2025-11-24,delivered,web,96.98
902461,49493,2025-03-24,delivered,mobile_app,403.96
797426,34139,2025-12-11,delivered,mobile_app,180.84
922358,51391,2025-08-14,delivered,web,368.46
818910,70796,2025-11-04,delivered,mobile_app,366.23
509558,89813,2025-11-08,delivered,web,326.97
742580,55437,2025-12-07,delivered,web,109.95
847869,93174,2025-07-05,delivered,mobile_app,30.97
757311,63882,2025-05-02,processing,mobile_app,978.97
973405,30933,2025-06-06,shipped,web,303.47
649815,72331,2025-01-18,delivered,mobile_app,216.81
633019,85928,2025-09-16,delivered,mobile_app,185.85
924114,74686,2025-05-14,delivered,web,233.6
953044,49273,2025-12-05,cancelled,web,427.28
770439,47256,2025-04-02,delivered,marketplace,194.96
564846,36561,2025-02-16,delivered,web,179.95
725749,39114,2025-11-05,delivered,mobile_app,457.23
770371,22120,2025-05-27,delivered,mobile_app,336.97
866588,15674,2025-11-07,shipped,mobile_app,1517.77
522719,21104,2025-12-01,delivered,web,296.98
658044,94213,2025-09-05,delivered,web,153.98
920341,63822,2025-01-04,delivered,mobile_app,535.58
780883,51085,2025-04-12,delivered,mobile_app,85.96
601133,78088,2025-09-07,processing,mobile_app,46.47
753950,95031,2025-11-23,delivered,web,374.69
734059,49465,2025-03-26,returned,mobile_app,398.94
638523,10032,2025-09-10,shipped,mobile_app,203.96
737682,20915,2025-10-22,delivered,web,196.91
712639,68366,2025-07-27,cancelled,mobile_app,487.96
890235,15380,2025-08-08,delivered,mobile_app,108.75
787233,93023,2025-09-08,delivered,web,1387.11
577045,88933,2025-06-20,delivered,mobile_app,103.93
736399,38805,2025-11-27,delivered,mobile_app,479.78
928643,37948,2025-04-19,delivered,marketplace,398.83
674164,87057,2025-05-07,delivered,mobile_app,339.98
631700,67895,2025-11-25,delivered,web,113.94
942897,89182,2025-12-07,returned,mobile_app,890.7
567487,57922,2025-01-20,delivered,marketplace,119.98
610835,92366,2025-03-21,cancelled,mobile_app,165.91
847461,28913,2025-07-02,cancelled,mobile_app,19.99
647839,38933,2025-10-14,delivered,web,920.83
715498,67556,2025-12-16,shipped,web,51.88
618183,64970,2025-11-25,cancelled,mobile_app,137.96
611156,61076,2025-02-20,delivered,web,30.95
530418,38869,2025-06-25,delivered,web,478.79
942113,98359,2025-11-21,delivered,mobile_app,1749.66
930230,92000,2025-03-05,delivered,mobile_app,78.93
861654,23577,2025-06-09,processing,web,198.89
689950,44622,2025-12-16,delivered,mobile_app,255.82
561422,63737,2025-06-13,delivered,mobile_app,231.94
592380,51035,2025-04-11,delivered,web,117.0
738784,29383,2025-12-10,shipped,mobile_app,470.48
630337,30325,2025-12-25,processing,web,51.98
914546,82399,2025-02-24,delivered,mobile_app,455.94
982058,46391,2025-06-07,delivered,web,138.96
669457,42992,2025-01-18,processing,mobile_app,92.98
801327,37839,2025-08-25,delivered,marketplace,306.6
845293,17736,2025-03-03,delivered,marketplace,312.84
516339,40347,2025-10-07,delivered,web,617.9
988161,92707,2025-03-03,delivered,mobile_app,759.93
711370,33885,2025-02-22,delivered,web,461.97
528021,81886,2025-01-01,delivered,mobile_app,1272.22
796483,29578,2025-06-27,shipped,mobile_app,391.98
728854,16126,2025-08-06,delivered,web,127.96
896361,83595,2025-02-02,cancelled,web,319.69
895797,81419,2025-05-23,delivered,marketplace,321.48
843439,95973,2025-05-22,shipped,web,266.36
575718,83047,2025-01-03,delivered,mobile_app,105.98
791236,62221,2025-06-01,processing,mobile_app,88.89
729085,15952,2025-02-13,delivered,web,166.43
528323,77493,2025-11-21,delivered,mobile_app,91.98
852832,53263,2025-01-06,delivered,web,839.72
771442,34465,2025-04-08,delivered,mobile_app,443.7
805362,24478,2025-05-04,delivered,web,603.9
935734,21476,2025-06-06,shipped,mobile_app,146.42
667467,22892,2025-11-17,delivered,web,210.95
762594,69498,2025-11-21,shipped,mobile_app,318.4
893909,66751,2025-11-25,delivered,mobile_app,109.47
716587,77565,2025-10-11,delivered,mobile_app,184.98
663606,91399,2025-11-01,delivered,marketplace,620.83
768918,83026,2025-04-04,processing,web,262.9
547823,82938,2025-01-19,delivered,web,63.96
597863,34294,2025-08-19,delivered,mobile_app,70.94
698587,15850,2025-06-28,delivered,marketplace,140.84
757723,27021,2025-11-17,delivered,mobile_app,407.98
945686,84186,2025-08-19,delivered,web,307.42
910830,27446,2025-03-25,delivered,web,287.46
849900,61783,2025-11-02,delivered,marketplace,314.99
974783,30114,2025-09-18,delivered,mobile_app,449.62
703649,12573,2025-11-27,shipped,mobile_app,144.47
767460,93517,2025-12-28,delivered,mobile_app,186.46
977806,29134,2025-11-14,delivered,web,200.9
837876,40198,2025-08-04,shipped,web,253.42
671780,59979,2025-08-19,cancelled,web,563.95
765019,62557,2025-09-16,delivered,mobile_app,35.99
562212,33505,2025-08-01,delivered,web,179.95
733453,80924,2025-03-22,delivered,mobile_app,227.76
654173,52814,2025-08-28,delivered,web,57.98
630963,34139,2025-01-03,delivered,mobile_app,51.48
823433,71165,2025-08-11,returned,web,348.41
756573,84317,2025-01-07,delivered,mobile_app,796.46
939979,95122,2025-06-01,shipped,mobile_app,390.85
663252,30724,2025-08-28,delivered,web,431.34
756537,24559,2025-01-18,shipped,web,600.91
556718,34668,2025-01-13,delivered,mobile_app,129.93
714429,34915,2025-10-13,delivered,web,141.96
798245,64273,2025-05-24,delivered,mobile_app,1644.73
860053,20828,2025-09-16,delivered,marketplace,292.87
971448,36181,2025-11-20,cancelled,mobile_app,363.89
752957,75960,2025-08-21,delivered,mobile_app,32.99
962338,65209,2025-11-24,delivered,mobile_app,101.85
741842,65661,2025-10-13,delivered,mobile_app,52.99
899220,52882,2025-05-12,delivered,marketplace,657.59
562431,27120,2025-11-12,delivered,mobile_app,705.96
803903,49763,2025-12-26,delivered,mobile_app,224.94
799009,92903,2025-05-28,delivered,mobile_app,104.46
718315,58213,2025-11-04,delivered,mobile_app,422.94
534022,47321,2025-02-09,delivered,web,485.96
835366,49929,2025-12-05,delivered,web,440.4
963665,41242,2025-12-23,delivered,web,585.45
813415,35027,2025-03-05,delivered,mobile_app,460.9
675029,65886,2025-06-05,delivered,web,303.93
551657,71107,2025-12-08,delivered,web,539.76
502437,94999,2025-05-03,delivered,web,92.97
557175,12671,2025-12-08,delivered,marketplace,17.98
756270,96118,2025-06-21,delivered,mobile_app,426.75
787828,29794,2025-02-13,delivered,web,451.94
875603,41131,2025-05-14,delivered,web,166.92
508278,11751,2025-12-16,delivered,mobile_app,96.99
698268,72241,2025-11-18,delivered,web,143.92
816502,92644,2025-03-19,delivered,web,461.47
638008,43151,2025-10-20,delivered,web,452.97
749982,69582,2025-07-26,shipped,marketplace,329.43
869797,46549,2025-04-10,delivered,web,81.99
954030,27120,2025-10-28,delivered,mobile_app,644.95
702005,60670,2025-10-05,cancelled,mobile_app,483.72
954566,21840,2025-08-23,cancelled,mobile_app,227.96
945206,74721,2025-09-25,delivered,web,47.98
837264,33372,2025-11-27,delivered,mobile_app,96.99
598136,90427,2025-11-09,delivered,mobile_app,221.43
513277,70838,2025-12-22,delivered,mobile_app,94.95
538368,15674,2025-11-15,delivered,marketplace,134.45
670749,93517,2025-11-16,shipped,mobile_app,139.88
813077,81886,2025-01-20,delivered,mobile_app,193.98
634133,33880,2025-11-28,processing,web,170.97
982487,68068,2025-11-04,delivered,web,448.92
573389,90427,2025-09-09,delivered,web,8.95
795925,91211,2025-03-01,delivered,mobile_app,128.99
848422,94264,2025-10-22,returned,web,121.95
981657,15774,2025-07-04,delivered,web,501.94
757852,80948,2025-11-10,delivered,mobile_app,461.93
854353,20155,2025-10-01,delivered,web,173.94
862462,14045,2025-10-10,processing,web,83.98
912719,48950,2025-12-21,delivered,mobile_app,84.93
761169,40314,2025-12-14,delivered,mobile_app,10.99
701614,15593,2025-02-25,delivered,web,158.97
830612,75914,2025-10-04,returned,mobile_app,75.85
792731,79460,2025-07-10,delivered,marketplace,21.99
816050,87562,2025-07-08,delivered,web,148.95
858338,43473,2025-06-02,delivered,mobile_app,105.9
582383,85390,2025-01-12,processing,mobile_app,299.88
804313,72331,2025-07-22,delivered,web,82.99
789186,73077,2025-03-21,delivered,web,96.98
769718,96029,2025-09-05,delivered,mobile_app,372.4
756338,23267,2025-02-18,cancelled,mobile_app,27.47
877225,33481,2025-01-16,delivered,web,127.9
609261,62695,2025-10-09,delivered,mobile_app,418.93
688098,45735,2025-11-19,delivered,web,324.82
746684,82716,2025-11-19,delivered,web,468.29
564215,86668,2025-01-25,delivered,mobile_app,245.9
556353,36561,2025-03-06,delivered,mobile_app,468.74
893157,16126,2025-08-04,delivered,marketplace,302.85
580231,14005,2025-10-15,delivered,web,519.96
736029,53508,2025-12-16,shipped,web,193.97
534934,72088,2025-01-18,delivered,web,312.92
912644,52697,2025-01-17,delivered,web,367.97
550999,34231,2025-11-24,delivered,marketplace,408.82
748539,40800,2025-08-27,delivered,mobile_app,27.99
672533,22597,2025-12-23,delivered,web,800.23
534841,18361,2025-10-02,delivered,mobile_app,232.94
938024,72974,2025-12-07,processing,marketplace,722.84
858764,95200,2025-07-08,cancelled,web,4.99
877820,90708,2025-09-17,delivered,mobile_app,356.78
831678,16126,2025-12-06,delivered,web,170.96
518461,20307,2025-08-08,delivered,web,318.95
779917,53293,2025-05-13,delivered,web,32.99
743002,94711,2025-10-01,cancelled,web,612.89
808969,37099,2025-05-22,cancelled,mobile_app,80.43
625834,68365,2025-10-20,shipped,web,259.36
842253,34787,2025-11-28,delivered,mobile_app,550.92
660269,82340,2025-05-11,delivered,web,230.77
635961,31534,2025-04-09,delivered,marketplace,173.69
744056,65521,2025-07-15,delivered,web,90.98
911570,66751,2025-03-25,delivered,mobile_app,439.93
748957,18121,2025-11-07,delivered,web,328.98
634241,34076,2025-12-14,processing,mobile_app,59.49
589395,88068,2025-02-13,delivered,mobile_app,403.97
533170,52016,2025-03-18,delivered,mobile_app,477.84
736479,82341,2025-05-14,delivered,mobile_app,208.85
522806,21695,2025-09-28,cancelled,web,339.81
892830,13139,2025-05-10,delivered,mobile_app,44.49
607187,57640,2025-04-25,delivered,mobile_app,105.95
900264,53430,2025-01-03,delivered,web,635.83
616243,67764,2025-07-24,delivered,web,349.78
666046,96279,2025-05-14,returned,web,364.37
655585,72979,2025-11-10,cancelled,mobile_app,14.95
920484,60621,2025-12-18,shipped,mobile_app,112.95
992796,96118,2025-03-12,delivered,mobile_app,17.95
921597,22704,2025-02-22,delivered,web,47.94
582203,59979,2025-08-10,processing,web,93.98
722145,65622,2025-07-13,cancelled,web,70.99
799896,46965,2025-07-09,delivered,mobile_app,1025.8
588767,33880,2025-04-26,delivered,web,179.94
508836,71669,2025-12-23,delivered,web,85.9
642340,75347,2025-07-14,returned,web,190.91
711144,98339,2025-10-27,delivered,mobile_app,45.99
947829,67895,2025-06-03,delivered,marketplace,68.43
746454,59382,2025-04-20,delivered,mobile_app,45.99
794518,63781,2025-10-10,delivered,web,630.95
577871,73673,2025-09-04,delivered,mobile_app,550.96
684354,25460,2025-11-13,cancelled,marketplace,40.99
725192,69590,2025-06-03,shipped,web,284.97
565842,44164,2025-01-05,delivered,mobile_app,13.48
833769,60903,2025-07-21,delivered,web,25.9
570979,99817,2025-01-04,processing,web,412.95
982666,96180,2025-03-09,delivered,mobile_app,172.94
557171,83342,2025-08-14,shipped,web,220.45
940645,89182,2025-05-17,delivered,mobile_app,135.96
996925,68068,2025-12-10,shipped,web,120.85
668027,87669,2025-12-10,delivered,mobile_app,231.97
546818,97434,2025-12-11,delivered,mobile_app,153.94
858616,94018,2025-08-15,delivered,mobile_app,384.91
889518,13005,2025-12-19,delivered,web,52.99
867426,96287,2025-09-26,delivered,marketplace,22.99
779286,14873,2025-01-06,shipped,marketplace,399.82
639324,22154,2025-03-09,delivered,web,557.85
615339,85558,2025-04-13,delivered,mobile_app,239.47
988576,49465,2025-11-15,delivered,web,133.97
583712,32477,2025-11-26,returned,web,121.93
751370,25653,2025-05-13,shipped,mobile_app,160.83
725311,31434,2025-12-12,delivered,mobile_app,30.99
661764,40109,2025-09-28,shipped,mobile_app,246.95
524229,24273,2025-11-02,delivered,web,77.99
919254,18038,2025-03-05,shipped,web,130.94
793292,71928,2025-12-27,shipped,web,10.99
573046,19876,2025-12-23,shipped,mobile_app,8.99
510103,63612,2025-07-13,delivered,mobile_app,62.98
751540,63662,2025-03-24,shipped,marketplace,216.44
604433,23571,2025-11-05,delivered,web,21.0
934722,92366,2025-07-25,delivered,marketplace,210.87
535029,34869,2025-07-09,delivered,mobile_app,104.93
564536,34927,2025-12-14,delivered,mobile_app,265.44
613104,85095,2025-05-26,delivered,web,163.98
729737,16968,2025-10-10,delivered,web,250.48
914227,50613,2025-10-03,delivered,web,180.99
594014,70999,2025-09-04,delivered,mobile_app,1034.8
502324,47564,2025-01-20,returned,web,1222.58
881469,91982,2025-08-25,delivered,web,110.98
821865,20828,2025-05-26,delivered,web,1477.89
688551,33977,2025-08-08,returned,web,427.44
580696,19436,2025-07-21,cancelled,web,848.72
988940,70347,2025-08-05,delivered,web,9.49
919208,88531,2025-03-17,shipped,web,18.49
675311,71912,2025-09-04,delivered,marketplace,247.93
647279,73975,2025-10-01,delivered,marketplace,128.99
652960,86640,2025-09-10,delivered,mobile_app,237.82
841026,39794,2025-08-24,delivered,web,597.88
903664,54576,2025-10-28,delivered,mobile_app,430.95
749799,61889,2025-05-06,delivered,web,29.99
961652,41622,2025-11-16,delivered,mobile_app,334.23
786747,51391,2025-10-06,shipped,web,887.96
963776,15707,2025-01-16,delivered,web,114.95
738561,23919,2025-01-12,delivered,mobile_app,421.88
719448,24623,2025-07-17,shipped,web,602.81
991817,14222,2025-08-13,delivered,mobile_app,938.85
709319,46662,2025-08-08,delivered,mobile_app,105.98
648096,84186,2025-09-08,delivered,web,220.84
870176,20915,2025-05-08,delivered,mobile_app,76.95
621536,71305,2025-05-14,delivered,web,442.65
705321,85095,2025-10-24,delivered,web,447.89
842648,86668,2025-04-21,delivered,mobile_app,594.85
617668,44460,2025-06-02,delivered,mobile_app,717.92
516750,28136,2025-04-15,shipped,web,298.62
713912,67648,2025-11-10,delivered,web,62.93
611131,56385,2025-07-13,delivered,web,436.46
637770,36535,2025-09-22,cancelled,web,278.83
540773,58897,2025-04-21,processing,mobile_app,420.95
617334,23493,2025-05-02,delivered,marketplace,43.95
800999,53455,2025-05-22,delivered,marketplace,62.94
721955,55057,2025-01-05,delivered,web,947.13
981069,98764,2025-07-12,delivered,web,197.68
957108,65886,2025-06-06,delivered,mobile_app,149.47
772410,22704,2025-10-14,delivered,web,67.49
754147,73274,2025-10-22,cancelled,marketplace,354.73
603498,43297,2025-12-06,delivered,web,188.98
636182,33859,2025-11-01,delivered,mobile_app,55.97
883774,11378,2025-03-03,delivered,web,33.95
946072,23192,2025-12-03,cancelled,web,251.96
878302,49763,2025-03-09,shipped,marketplace,123.94
739816,52038,2025-10-18,delivered,marketplace,1060.66
558433,56083,2025-03-02,delivered,mobile_app,178.93
717321,97444,2025-04-04,delivered,web,118.79
941299,40448,2025-03-21,delivered,marketplace,11.49
516376,80915,2025-10-13,delivered,web,100.89
722419,37099,2025-06-25,delivered,web,820.92
932602,78317,2025-02-12,delivered,mobile_app,137.48
854585,99446,2025-12-18,returned,web,265.72
801207,51670,2025-12-09,delivered,marketplace,343.85
846072,25631,2025-12-23,delivered,mobile_app,24.99
992250,77838,2025-03-23,delivered,marketplace,265.82
771634,53455,2025-06-12,delivered,mobile_app,83.96
821306,44164,2025-05-11,delivered,mobile_app,33.98
977743,45879,2025-04-20,delivered,marketplace,877.42
693053,65622,2025-01-24,delivered,web,365.94
743243,18017,2025-12-27,delivered,mobile_app,552.67
643379,43527,2025-11-11,delivered,mobile_app,485.31
847895,41958,2025-12-04,delivered,marketplace,31.95
675072,30114,2025-09-07,delivered,web,339.96
857013,44149,2025-04-08,delivered,web,22.99
933939,79902,2025-09-02,delivered,web,86.85
660087,82341,2025-09-10,delivered,mobile_app,1137.76
644762,45294,2025-11-19,processing,mobile_app,160.85
906645,98892,2025-07-13,delivered,web,274.42
647393,52297,2025-03-14,delivered,web,383.89
590248,30257,2025-07-03,processing,mobile_app,118.98
851644,76771,2025-08-16,delivered,mobile_app,107.86
811887,75470,2025-01-24,delivered,web,205.98
553346,25631,2025-08-22,delivered,mobile_app,299.87
757983,16432,2025-08-27,cancelled,web,748.38
736672,18457,2025-09-09,delivered,marketplace,242.32
927777,58629,2025-11-19,delivered,marketplace,285.95
936721,36561,2025-09-02,cancelled,web,172.34
564655,24673,2025-11-03,delivered,mobile_app,350.88
991473,30724,2025-06-04,delivered,mobile_app,148.95
724440,10303,2025-03-24,shipped,mobile_app,18.99
500878,60670,2025-09-02,delivered,mobile_app,336.43
673021,11960,2025-11-13,delivered,mobile_app,122.93
917040,36356,2025-03-19,delivered,mobile_app,171.58
964898,38805,2025-11-21,delivered,mobile_app,376.94
855788,81179,2025-02-01,shipped,web,135.85
863631,78994,2025-12-14,delivered,marketplace,327.45
644026,82112,2025-07-22,delivered,mobile_app,68.97
846981,44452,2025-10-10,cancelled,web,479.9
750421,17736,2025-10-17,delivered,mobile_app,302.38
976320,83441,2025-12-01,delivered,web,735.96
588613,29404,2025-11-17,cancelled,mobile_app,92.96
705043,56004,2025-03-11,delivered,web,224.0
610350,97261,2025-12-21,delivered,mobile_app,391.41
980151,81688,2025-06-28,delivered,mobile_app,425.45
837537,13302,2025-06-06,delivered,mobile_app,82.0
555904,67056,2025-10-17,delivered,marketplace,318.7
725257,82399,2025-08-03,delivered,web,265.92
999865,63882,2025-11-03,delivered,web,108.89
983494,46040,2025-11-18,cancelled,marketplace,68.97
885532,15639,2025-10-08,delivered,mobile_app,474.95
969477,25934,2025-08-28,cancelled,marketplace,297.45
512269,83517,2025-06-13,shipped,web,49.95
598785,10725,2025-11-15,delivered,web,1327.92
939855,52379,2025-06-14,delivered,web,100.95
906187,18361,2025-11-24,delivered,mobile_app,251.89
893423,82777,2025-11-07,delivered,web,824.84
785370,71587,2025-11-11,delivered,marketplace,557.98
741912,70962,2025-11-01,delivered,web,379.73
929321,68445,2025-04-01,processing,web,684.69
884210,11988,2025-03-10,returned,mobile_app,209.97
903163,60145,2025-03-28,delivered,marketplace,994.67
875979,34869,2025-05-22,shipped,mobile_app,188.49
526082,64563,2025-12-03,cancelled,web,612.28
860388,64009,2025-11-19,delivered,web,15.99
757609,67895,2025-12-10,delivered,mobile_app,135.98
711535,40314,2025-10-08,delivered,web,160.43
965330,20828,2025-11-12,delivered,mobile_app,58.97
502744,11960,2025-04-09,delivered,marketplace,65.44
533970,99446,2025-06-08,delivered,web,439.84
829212,24600,2025-04-10,delivered,mobile_app,512.7
809491,96118,2025-10-03,delivered,web,651.64
763645,77037,2025-11-13,delivered,mobile_app,53.98
682326,20915,2025-10-20,delivered,mobile_app,460.96
851339,29134,2025-10-07,processing,mobile_app,592.89
902173,89536,2025-07-26,cancelled,web,155.95
599950,73980,2025-11-01,shipped,marketplace,244.25
882028,48942,2025-10-04,delivered,mobile_app,460.86
599634,61129,2025-06-21,delivered,mobile_app,45.99
617918,99700,2025-06-07,delivered,web,139.98
583138,68024,2025-10-12,delivered,web,329.64
975429,20307,2025-05-23,delivered,mobile_app,56.98
575981,84776,2025-05-06,delivered,web,618.85
876661,22507,2025-01-13,delivered,web,543.97
761644,85068,2025-08-15,returned,mobile_app,94.97
950262,78684,2025-07-12,processing,mobile_app,181.0
791555,41802,2025-01-03,delivered,web,928.92
992695,80741,2025-12-06,returned,mobile_app,47.97
974675,68840,2025-06-18,processing,mobile_app,135.96
619638,99358,2025-02-13,shipped,mobile_app,15.99
988659,91745,2025-05-13,delivered,web,345.93
772971,16099,2025-01-02,delivered,web,234.96
834939,52697,2025-06-28,cancelled,web,1037.7
631101,40647,2025-03-18,processing,mobile_app,292.91
541726,12407,2025-08-11,delivered,web,122.92
514315,61415,2025-05-11,delivered,web,251.91
805306,97643,2025-03-18,delivered,web,44.93
648109,35027,2025-12-21,cancelled,mobile_app,19.95
548087,15674,2025-07-28,delivered,mobile_app,19.95
926065,42147,2025-03-28,delivered,mobile_app,169.95
819189,53966,2025-11-25,delivered,web,610.94
972966,24478,2025-08-27,delivered,mobile_app,560.9
510786,86818,2025-03-01,delivered,web,338.97
539985,91510,2025-04-06,delivered,mobile_app,42.92
524969,22357,2025-11-06,shipped,web,449.89
509402,35076,2025-10-22,delivered,web,86.99
517450,66246,2025-03-01,delivered,marketplace,46.94
829134,63053,2025-06-14,shipped,web,111.89
551610,15579,2025-06-09,cancelled,web,404.98
944325,70796,2025-04-27,delivered,web,80.98
828570,62179,2025-04-28,processing,marketplace,1027.94
548656,10985,2025-12-06,delivered,marketplace,221.98
848046,63875,2025-04-06,delivered,mobile_app,235.86
621401,11378,2025-04-14,delivered,mobile_app,296.97
543819,45735,2025-08-08,delivered,web,195.88
568066,66751,2025-05-24,delivered,web,328.85
642627,85478,2025-06-17,delivered,mobile_app,45.0
763669,56004,2025-04-19,delivered,mobile_app,44.98
588420,53364,2025-09-03,delivered,mobile_app,154.38
775122,15074,2025-02-05,delivered,mobile_app,140.98
818613,15380,2025-11-11,delivered,mobile_app,485.93
841657,41242,2025-02-02,delivered,marketplace,297.74
640863,85347,2025-12-20,returned,mobile_app,486.81
790917,95486,2025-12-22,shipped,web,88.99
899055,44815,2025-03-15,shipped,mobile_app,203.42
877836,78088,2025-03-10,delivered,mobile_app,1021.94
604153,90734,2025-06-27,delivered,web,18.49
745631,53532,2025-10-16,delivered,web,94.89
814393,90710,2025-08-10,delivered,mobile_app,290.89
875468,52379,2025-08-22,delivered,web,57.95
635629,65886,2025-10-10,delivered,mobile_app,251.79
973565,32479,2025-05-28,delivered,marketplace,999.41
780115,29404,2025-12-28,shipped,mobile_app,215.96
815754,34066,2025-09-22,delivered,web,28.94
971969,25291,2025-08-05,delivered,marketplace,507.96
882495,19668,2025-09-07,delivered,mobile_app,46.99
840351,17033,2025-01-22,delivered,web,559.97
690000,49096,2025-09-09,cancelled,web,805.15
688320,60968,2025-12-24,cancelled,web,325.46
809976,52477,2025-03-16,delivered,mobile_app,625.79
798265,10536,2025-01-02,delivered,marketplace,575.89
624642,98751,2025-08-10,delivered,web,26.85
867851,65209,2025-10-27,delivered,mobile_app,130.86
968362,37839,2025-09-19,delivered,web,61.0
734060,71607,2025-02-04,cancelled,mobile_app,151.94
809440,62695,2025-02-16,delivered,mobile_app,115.95
800040,13964,2025-11-08,delivered,mobile_app,109.28
827947,33940,2025-12-23,delivered,marketplace,503.41
944534,28875,2025-07-28,delivered,web,217.91
701525,46298,2025-03-20,delivered,mobile_app,81.44
838045,49523,2025-04-12,delivered,marketplace,261.45
790259,70999,2025-06-27,delivered,web,968.27
982965,36561,2025-10-17,delivered,web,249.77
893807,95355,2025-05-12,delivered,web,28.49
851664,17018,2025-07-12,delivered,web,407.92
754579,55915,2025-11-15,delivered,web,44.98
730871,48981,2025-07-19,delivered,mobile_app,364.79
615097,67895,2025-01-27,delivered,web,356.98
611503,58874,2025-08-13,delivered,web,1008.88
609342,14005,2025-07-19,delivered,mobile_app,459.94
870203,72078,2025-04-01,delivered,mobile_app,30.48
542628,88587,2025-12-21,delivered,mobile_app,70.98
926790,86189,2025-03-12,delivered,web,12.98
997738,94702,2025-03-12,delivered,mobile_app,885.9
772117,18296,2025-12-23,shipped,mobile_app,385.84
715590,75486,2025-03-20,delivered,web,635.88
712821,16270,2025-04-15,delivered,web,55.99
927097,83394,2025-05-13,processing,marketplace,813.9
928336,79641,2025-04-17,delivered,mobile_app,316.44
624234,55690,2025-12-13,delivered,web,173.95
759529,59183,2025-08-16,delivered,mobile_app,213.47
926805,54707,2025-09-19,processing,marketplace,54.47
700112,39360,2025-09-24,delivered,web,210.75
742101,65468,2025-12-28,delivered,mobile_app,570.4
568867,77632,2025-11-17,delivered,web,362.93
883989,19116,2025-01-15,delivered,mobile_app,46.99
742783,10205,2025-11-18,delivered,mobile_app,245.84
802582,24478,2025-09-26,delivered,mobile_app,343.89
843424,60675,2025-10-09,delivered,mobile_app,284.88
776178,91253,2025-10-01,delivered,marketplace,41.99
680540,15952,2025-11-21,delivered,web,131.95
626436,58887,2025-02-09,delivered,web,174.97
688228,30786,2025-09-01,delivered,web,86.95
937898,31546,2025-01-14,delivered,web,220.96
553624,23267,2025-07-16,delivered,web,83.9
579102,34869,2025-11-03,delivered,mobile_app,749.84
774978,33318,2025-01-03,delivered,web,267.99
586804,78123,2025-04-19,delivered,mobile_app,955.7
778726,53455,2025-05-05,delivered,mobile_app,30.99
702253,92366,2025-01-28,delivered,web,124.94
552208,22357,2025-12-08,delivered,web,250.94
966435,19436,2025-01-26,processing,mobile_app,709.92
567031,86478,2025-03-17,processing,web,46.94
904651,18858,2025-06-17,delivered,web,289.82
891001,43330,2025-07-22,processing,web,162.43
895166,82567,2025-07-08,delivered,mobile_app,205.89
558388,58213,2025-02-14,delivered,web,360.86
797935,95684,2025-07-14,delivered,web,141.92
836865,53754,2025-10-27,delivered,mobile_app,190.9
581177,91621,2025-11-22,delivered,mobile_app,179.89
734170,38805,2025-09-13,delivered,mobile_app,227.87
653567,53430,2025-07-06,delivered,web,548.81
965788,46286,2025-04-25,cancelled,marketplace,2148.9
940308,16423,2025-03-19,delivered,mobile_app,1712.8
978162,40500,2025-04-06,shipped,web,517.91
824148,55727,2025-08-12,delivered,web,412.88
866410,48981,2025-10-28,delivered,web,467.79
804347,65841,2025-05-11,delivered,web,15.99
639599,97687,2025-06-17,delivered,mobile_app,357.29
855180,77632,2025-01-19,shipped,mobile_app,77.96
835918,63909,2025-08-07,delivered,web,156.93
874027,37743,2025-07-12,delivered,marketplace,642.9
750335,95192,2025-08-11,delivered,web,101.99
571378,10764,2025-12-16,cancelled,mobile_app,401.76
710973,22892,2025-05-11,delivered,web,449.89
651720,74423,2025-04-15,delivered,web,141.9
523598,37954,2025-11-18,delivered,mobile_app,140.84
507741,60621,2025-04-12,shipped,marketplace,189.9
876225,36533,2025-01-24,returned,web,38.99
500011,81886,2025-12-06,delivered,web,289.96
899538,84182,2025-06-17,delivered,marketplace,162.29
667597,46066,2025-07-17,shipped,web,239.88
640081,44536,2025-09-15,delivered,mobile_app,658.46
796162,72603,2025-10-07,processing,web,161.99
788151,70796,2025-04-27,processing,mobile_app,74.99
582757,54086,2025-11-20,delivered,mobile_app,31.98
696090,58247,2025-05-26,delivered,web,190.42
897063,57918,2025-11-06,delivered,marketplace,63.98
747605,86369,2025-12-21,delivered,mobile_app,37.98
722252,12567,2025-12-02,delivered,web,35.99
514166,80139,2025-05-15,delivered,mobile_app,155.46
686011,40631,2025-05-09,delivered,mobile_app,248.94
940030,65600,2025-04-16,delivered,mobile_app,144.98
513089,21476,2025-02-23,delivered,mobile_app,255.95
715525,16599,2025-05-11,delivered,mobile_app,72.89
555176,77235,2025-06-15,delivered,web,211.95
889978,40401,2025-02-10,delivered,mobile_app,74.46
802420,46549,2025-11-11,delivered,mobile_app,44.94
958769,60181,2025-10-27,cancelled,mobile_app,306.93
518554,25069,2025-11-13,delivered,web,45.98
646937,65521,2025-09-27,delivered,web,111.87
712665,81674,2025-06-13,delivered,web,160.93
977510,60349,2025-10-26,delivered,web,263.62
553548,32305,2025-09-28,shipped,mobile_app,84.99
768191,95182,2025-11-01,delivered,mobile_app,196.9
996997,40448,2025-09-09,delivered,mobile_app,43.98
953132,68024,2025-06-23,delivered,mobile_app,257.87
684542,92644,2025-01-08,returned,web,261.7
911541,29894,2025-08-26,processing,mobile_app,897.97
756172,58213,2025-11-22,cancelled,web,54.94
566898,34465,2025-07-08,cancelled,mobile_app,900.9
650206,41265,2025-07-08,shipped,marketplace,445.31
625266,81891,2025-08-22,delivered,web,62.94
950250,71983,2025-07-13,delivered,mobile_app,71.48
585414,63882,2025-03-18,delivered,marketplace,121.39
534650,58944,2025-12-26,delivered,web,40.94
601461,40990,2025-12-01,processing,web,342.47
841612,97434,2025-07-15,cancelled,web,334.57
951149,98359,2025-11-15,returned,web,142.68
694650,46769,2025-07-24,delivered,marketplace,28.99
650041,62730,2025-07-13,shipped,mobile_app,43.98
642539,13801,2025-11-21,shipped,mobile_app,563.95
606211,85478,2025-08-11,delivered,mobile_app,2193.94
623278,34262,2025-07-26,delivered,mobile_app,303.97
524004,18296,2025-11-08,delivered,marketplace,343.68
863238,29404,2025-02-12,delivered,marketplace,149.45
939668,23192,2025-07-03,delivered,web,84.99
790630,75486,2025-03-05,cancelled,web,448.4
819675,85007,2025-08-18,processing,web,136.36
851355,47838,2025-05-21,processing,web,322.97
999247,84569,2025-07-05,delivered,web,303.44
689297,97994,2025-03-03,delivered,web,315.97
648004,58045,2025-12-23,delivered,mobile_app,108.96
805065,68136,2025-10-26,cancelled,web,121.93
808715,21912,2025-01-13,delivered,marketplace,23.9
702448,86189,2025-11-28,shipped,web,137.87
626469,72979,2025-07-27,returned,mobile_app,194.98
966266,72862,2025-03-13,returned,web,173.93
592790,28913,2025-12-09,delivered,web,734.86
500588,95646,2025-01-28,delivered,web,459.84
985743,43501,2025-07-21,processing,mobile_app,383.93
607190,73673,2025-05-16,delivered,mobile_app,320.42
670612,72979,2025-02-23,delivered,mobile_app,231.46
633821,92012,2025-05-14,processing,mobile_app,242.9
534834,22357,2025-07-02,processing,mobile_app,210.96
984122,10764,2025-12-17,delivered,web,32.98
740398,21103,2025-12-01,shipped,web,467.92
565902,68371,2025-08-10,cancelled,web,687.9
927844,22624,2025-12-09,delivered,mobile_app,218.43
671739,64886,2025-12-04,delivered,web,344.45
693729,70560,2025-04-02,delivered,web,388.85
774630,19337,2025-08-07,delivered,web,128.97
677199,32477,2025-10-13,cancelled,mobile_app,156.94
679386,15952,2025-01-08,returned,mobile_app,227.9
575877,37962,2025-03-16,delivered,web,122.0
511544,21792,2025-07-18,shipped,web,84.84
646404,39872,2025-10-05,delivered,mobile_app,192.47
651989,45874,2025-11-05,delivered,marketplace,271.35
601676,87381,2025-11-11,returned,web,26.9
794472,70259,2025-01-19,shipped,mobile_app,195.98
545544,92622,2025-11-25,delivered,marketplace,698.95
813407,77493,2025-03-13,delivered,mobile_app,20.95
675463,97310,2025-02-04,delivered,mobile_app,34.95
686184,67172,2025-12-12,delivered,web,539.98
595920,30786,2025-03-10,delivered,web,149.33
676107,39351,2025-12-04,delivered,mobile_app,200.34
910724,12047,2025-03-16,delivered,mobile_app,45.97
651734,92622,2025-02-27,delivered,mobile_app,10.99
598039,28151,2025-05-06,delivered,marketplace,274.94
515477,82340,2025-11-05,delivered,mobile_app,75.95
847862,89182,2025-11-22,shipped,marketplace,573.82
951199,37962,2025-12-07,delivered,web,41.95
727752,83047,2025-05-28,delivered,web,323.84
757003,24141,2025-07-06,delivered,marketplace,69.98
939289,81688,2025-02-22,delivered,mobile_app,176.87
840548,35753,2025-06-21,delivered,marketplace,250.99
956111,48762,2025-01-05,processing,mobile_app,1690.24
741307,72974,2025-12-06,delivered,web,452.32
916193,48597,2025-12-24,delivered,mobile_app,169.98
758457,36934,2025-12-17,delivered,web,167.97
858695,92807,2025-01-02,delivered,mobile_app,86.97
758363,46567,2025-02-21,delivered,marketplace,94.75
511196,65759,2025-11-13,delivered,web,190.48
592215,81673,2025-12-11,delivered,marketplace,474.8
811141,15671,2025-11-21,delivered,web,1062.67
711105,24141,2025-07-22,delivered,marketplace,47.95
550914,20453,2025-06-12,delivered,mobile_app,14.99
658251,24273,2025-10-27,delivered,mobile_app,24.95
585512,64494,2025-04-07,delivered,mobile_app,897.78
710321,14388,2025-07-13,delivered,web,555.72
570868,44845,2025-12-17,delivered,web,728.89
769852,21476,2025-06-27,delivered,mobile_app,764.97
687470,30343,2025-03-04,delivered,web,171.75
548330,40473,2025-01-14,delivered,web,158.4
865258,95983,2025-12-26,delivered,web,10.99
955210,31565,2025-12-27,delivered,web,245.73
791275,77902,2025-08-22,delivered,mobile_app,119.96
661919,15380,2025-01-22,delivered,web,149.92
517265,78538,2025-04-09,delivered,web,46.99
500384,22597,2025-01-11,shipped,mobile_app,412.87
709640,22357,2025-01-21,delivered,mobile_app,125.97
618142,43013,2025-07-26,delivered,marketplace,329.87
745329,93999,2025-08-09,processing,mobile_app,139.99
592098,40672,2025-11-05,delivered,web,194.97
791138,21022,2025-10-06,processing,web,66.94
941144,12433,2025-07-11,cancelled,marketplace,141.96
830405,52379,2025-12-21,delivered,mobile_app,580.36
846490,90734,2025-12-09,processing,web,890.77
987470,43441,2025-11-20,delivered,mobile_app,41.9
795236,98981,2025-08-05,delivered,mobile_app,183.96
575766,29894,2025-12-07,processing,marketplace,396.95
975615,41802,2025-12-13,processing,web,499.93
860749,41172,2025-05-21,delivered,web,450.97
826494,11555,2025-09-23,delivered,web,206.92
887111,27704,2025-11-27,processing,mobile_app,514.91
812442,39640,2025-02-14,delivered,web,508.8
578600,75947,2025-11-17,shipped,web,175.46
667489,58887,2025-05-27,delivered,web,13.49
828818,93023,2025-12-04,shipped,web,467.92
728319,88498,2025-12-23,shipped,web,67.9
805292,15473,2025-09-24,delivered,mobile_app,148.94
989960,29794,2025-12-25,processing,marketplace,218.98
624013,25934,2025-03-04,delivered,web,96.33
509531,14222,2025-03-20,delivered,mobile_app,99.38
660709,98584,2025-01-02,delivered,web,147.85
755186,12646,2025-12-14,delivered,web,77.9
841292,16423,2025-09-15,delivered,web,487.91
915317,17596,2025-02-12,delivered,marketplace,1025.84
529036,15690,2025-06-21,delivered,mobile_app,56.94
938794,93517,2025-04-25,delivered,mobile_app,125.45
916080,20513,2025-11-07,delivered,mobile_app,122.0
898713,65622,2025-06-06,shipped,mobile_app,198.82
778855,93038,2025-12-26,delivered,web,219.35
585889,82787,2025-05-25,delivered,mobile_app,2027.69
618970,81572,2025-05-01,returned,mobile_app,238.96
748510,56868,2025-12-24,delivered,web,381.94
839047,58535,2025-04-11,delivered,mobile_app,354.27
590639,73913,2025-10-24,delivered,mobile_app,71.9
774475,58822,2025-10-09,processing,mobile_app,380.99
741761,35076,2025-01-24,returned,mobile_app,457.42
782034,50551,2025-10-03,delivered,web,149.97
679967,83404,2025-12-08,delivered,marketplace,117.0
600209,91870,2025-09-17,delivered,web,120.93
534915,98998,2025-08-21,delivered,web,62.97
785175,73659,2025-12-22,delivered,mobile_app,497.9
950804,72518,2025-09-03,shipped,web,1385.91
858420,61415,2025-06-24,shipped,marketplace,573.93
942177,92000,2025-04-28,delivered,web,44.98
753847,95973,2025-11-12,delivered,web,111.48
809455,75923,2025-09-18,returned,mobile_app,77.89
575594,51835,2025-11-12,delivered,web,140.99
905934,52882,2025-12-12,delivered,web,511.25
985776,48020,2025-12-19,delivered,marketplace,141.98
871406,58213,2025-10-17,delivered,web,557.7
515250,38463,2025-01-26,delivered,web,752.94
729739,15690,2025-05-07,returned,web,897.74
516440,51192,2025-11-13,delivered,mobile_app,13.99
865427,42444,2025-05-15,delivered,web,419.85
622633,26223,2025-08-14,delivered,mobile_app,364.44
824794,11751,2025-03-08,delivered,web,264.48
852372,27440,2025-12-01,delivered,web,44.98
545382,69366,2025-04-03,shipped,mobile_app,25.47
753305,37149,2025-04-08,delivered,mobile_app,282.17
691378,40198,2025-01-23,delivered,web,102.94
673113,50777,2025-06-06,delivered,web,74.99
793163,80139,2025-12-07,delivered,mobile_app,217.98
914869,85095,2025-05-04,delivered,web,200.91
966260,68629,2025-11-04,delivered,marketplace,36.98
892368,43103,2025-08-06,delivered,mobile_app,484.9
940738,80819,2025-02-22,cancelled,web,601.92
554882,48584,2025-08-24,delivered,web,626.28
978009,24141,2025-03-16,shipped,mobile_app,687.86
649245,62612,2025-07-12,delivered,mobile_app,110.96
716831,78715,2025-03-18,processing,web,53.44
522542,97584,2025-09-15,delivered,mobile_app,178.92
621265,83517,2025-11-13,delivered,web,35.95
996550,42992,2025-04-26,cancelled,mobile_app,27.99
715060,62557,2025-02-24,delivered,web,84.93
973053,83310,2025-07-19,delivered,web,462.36
659983,47191,2025-03-08,delivered,web,229.98
667067,43151,2025-11-15,shipped,web,171.87
943652,70412,2025-08-06,delivered,web,52.99
845298,52702,2025-12-15,delivered,mobile_app,283.36
954251,50644,2025-10-07,delivered,web,657.9
993013,78158,2025-11-27,shipped,web,199.95
541568,11751,2025-02-05,delivered,web,190.81
525383,10274,2025-12-04,delivered,mobile_app,86.97
641502,36289,2025-06-26,delivered,mobile_app,147.94
954499,48992,2025-08-19,delivered,mobile_app,518.53
827652,42104,2025-06-15,delivered,mobile_app,40.99
869039,25631,2025-07-21,returned,marketplace,112.98
696881,21104,2025-12-10,shipped,mobile_app,224.97
972910,60636,2025-10-04,delivered,marketplace,123.94
863115,52091,2025-02-27,shipped,mobile_app,111.95
789271,74510,2025-05-13,delivered,marketplace,15.99
966585,34262,2025-06-03,delivered,web,689.97
766884,98012,2025-07-03,shipped,marketplace,285.19
554531,39794,2025-08-07,delivered,marketplace,591.85
601132,86818,2025-10-17,delivered,marketplace,94.99
600908,64127,2025-11-07,delivered,mobile_app,603.89
914665,29383,2025-02-27,delivered,web,136.0
632316,58213,2025-12-26,shipped,marketplace,399.97
963438,25608,2025-08-14,delivered,mobile_app,251.94
835494,45292,2025-04-20,delivered,web,40.95
825611,85581,2025-12-08,delivered,mobile_app,104.94
739592,61851,2025-09-19,delivered,mobile_app,170.85
702415,48293,2025-04-16,delivered,mobile_app,463.89
693622,34465,2025-11-22,processing,mobile_app,35.9
668951,75347,2025-10-01,processing,mobile_app,131.97
809082,58944,2025-12-12,delivered,mobile_app,233.83
789337,11751,2025-09-24,delivered,web,23.9
557455,58887,2025-07-17,delivered,marketplace,430.91
626968,60968,2025-10-18,delivered,mobile_app,392.43
996812,59382,2025-10-23,delivered,mobile_app,74.89
705469,58045,2025-12-14,processing,web,568.92
842185,31607,2025-12-04,delivered,mobile_app,943.83
793203,65209,2025-09-06,shipped,mobile_app,190.9
630204,50649,2025-01-04,delivered,mobile_app,584.93
866644,63302,2025-06-15,cancelled,web,163.88
694434,43151,2025-04-07,shipped,mobile_app,64.82
932978,57550,2025-08-27,delivered,mobile_app,88.98
687805,95234,2025-10-13,delivered,mobile_app,189.98
546742,93717,2025-06-21,delivered,web,189.76
959977,65886,2025-11-07,delivered,mobile_app,185.92
978434,95486,2025-11-01,delivered,marketplace,82.97
991699,77448,2025-12-22,delivered,web,61.48
787930,73570,2025-01-04,delivered,web,260.99
577492,88996,2025-01-08,delivered,mobile_app,92.98
857988,77235,2025-07-21,shipped,web,218.97
734019,94702,2025-09-18,delivered,marketplace,433.91
721366,72331,2025-01-17,delivered,web,144.44
662538,77071,2025-12-02,delivered,web,368.84
990528,35578,2025-12-20,delivered,web,515.9
606903,43367,2025-10-08,delivered,marketplace,429.77
860280,15639,2025-05-01,delivered,web,132.97
745837,58673,2025-09-23,cancelled,mobile_app,130.49
659248,69588,2025-09-12,delivered,marketplace,309.39
813093,59226,2025-05-18,processing,web,1071.93
794896,89657,2025-05-12,delivered,marketplace,259.97
706190,49666,2025-11-18,delivered,web,125.98
776221,52420,2025-04-16,delivered,mobile_app,77.97
803882,90629,2025-10-13,delivered,web,100.99
541853,36656,2025-01-15,delivered,web,14.95
622333,39708,2025-12-09,delivered,web,169.95
523432,77019,2025-12-09,cancelled,web,242.9
624181,83394,2025-07-09,cancelled,web,216.9
530617,67056,2025-12-08,delivered,web,35.95
951097,54347,2025-12-06,delivered,web,345.91
973296,80983,2025-07-21,delivered,mobile_app,17.95
670918,97897,2025-04-12,delivered,web,657.84
553763,36934,2025-11-23,delivered,web,101.97
817884,93237,2025-12-28,delivered,web,351.98
698538,42077,2025-08-11,delivered,mobile_app,122.96
623764,71939,2025-10-16,delivered,mobile_app,906.95
930244,18858,2025-07-09,processing,mobile_app,118.92
567532,84317,2025-05-02,delivered,marketplace,284.44
548802,99234,2025-11-10,delivered,mobile_app,95.93
805884,23747,2025-07-03,delivered,web,547.84
614964,87023,2025-06-17,delivered,web,212.93
507256,52091,2025-11-25,delivered,mobile_app,374.95
948572,91745,2025-06-09,delivered,web,256.72
839928,40448,2025-12-10,delivered,web,138.98
858839,49763,2025-11-22,delivered,marketplace,701.38
818165,85578,2025-06-16,delivered,mobile_app,169.95
788347,36561,2025-07-28,delivered,mobile_app,310.41
879306,16099,2025-11-15,delivered,web,440.69
514137,88026,2025-11-25,shipped,web,240.44
624938,65661,2025-07-04,cancelled,mobile_app,13.99
816579,60649,2025-05-09,returned,mobile_app,43.94
915709,73980,2025-11-01,delivered,mobile_app,629.98
709580,36533,2025-11-28,delivered,web,48.94
624847,81234,2025-02-16,shipped,mobile_app,24.49
774107,66246,2025-05-16,shipped,marketplace,318.96
889623,73937,2025-10-25,cancelled,web,570.88
829641,64970,2025-01-07,delivered,web,116.95
868567,75927,2025-10-21,shipped,mobile_app,220.94
592145,91399,2025-12-05,delivered,web,1999.95
811235,40419,2025-04-21,cancelled,web,412.68
590435,92366,2025-06-01,delivered,web,366.84
632630,36561,2025-07-18,delivered,marketplace,252.41
737420,53293,2025-08-05,cancelled,marketplace,232.91
744282,21113,2025-11-26,processing,web,574.95
555747,47037,2025-01-08,delivered,web,44.98
900918,84213,2025-05-21,delivered,marketplace,145.85
878353,65661,2025-07-09,shipped,mobile_app,246.9
831929,24478,2025-10-20,shipped,web,391.87
526336,35501,2025-11-21,delivered,web,84.99
637476,99383,2025-06-28,returned,web,151.96
805193,68024,2025-02-11,cancelled,web,114.99
753560,23571,2025-01-01,delivered,mobile_app,239.98
904823,23443,2025-12-12,delivered,web,1549.7
586259,90708,2025-12-21,cancelled,marketplace,337.93
983824,10536,2025-04-07,processing,mobile_app,28.99
507143,58432,2025-05-21,delivered,web,110.85
735872,92707,2025-12-16,delivered,web,8.49
568858,12881,2025-03-03,delivered,web,1006.93
535189,64324,2025-08-15,delivered,marketplace,888.31
890146,59183,2025-11-26,delivered,marketplace,304.39
742519,15380,2025-07-27,shipped,mobile_app,107.94
894901,14654,2025-12-26,delivered,web,565.56
926108,75927,2025-12-18,processing,web,401.46
834682,20559,2025-11-20,delivered,web,113.98
942142,58874,2025-12-10,shipped,web,374.95
842114,29666,2025-05-08,delivered,web,169.95
816208,33505,2025-07-07,delivered,mobile_app,248.85
808518,27440,2025-10-05,delivered,mobile_app,276.9
537348,31021,2025-09-27,delivered,mobile_app,398.78
716971,81886,2025-05-25,delivered,web,117.0
936465,90573,2025-07-19,delivered,mobile_app,257.76
521318,52016,2025-11-19,delivered,web,584.68
812594,27609,2025-04-03,delivered,web,235.68
728809,87197,2025-11-26,delivered,web,101.93
652200,64682,2025-06-25,delivered,web,420.31
801764,11555,2025-11-08,delivered,web,83.98
634998,52420,2025-04-26,delivered,mobile_app,244.7
887749,44149,2025-05-13,delivered,mobile_app,84.89
579875,46795,2025-05-25,delivered,mobile_app,299.44
554112,30257,2025-08-10,delivered,web,86.47
630738,27560,2025-07-09,delivered,mobile_app,157.72
530413,59183,2025-11-02,delivered,web,56.98
868756,58874,2025-06-05,delivered,web,58.0
998980,93989,2025-12-28,shipped,marketplace,456.5
582020,64494,2025-06-10,delivered,mobile_app,100.47
906028,76153,2025-11-20,delivered,mobile_app,142.93
510785,20860,2025-11-16,delivered,mobile_app,106.92
741243,90709,2025-09-24,delivered,marketplace,353.0
678161,97310,2025-02-18,delivered,mobile_app,62.99
782781,69307,2025-05-20,delivered,web,32.94
741984,21470,2025-12-06,delivered,web,406.75
998843,27341,2025-01-11,delivered,web,355.92
665354,25608,2025-01-28,delivered,mobile_app,424.42
719078,21695,2025-11-28,delivered,mobile_app,228.94
739137,65468,2025-04-08,delivered,web,193.98
662545,19419,2025-07-04,delivered,mobile_app,314.4
565278,65622,2025-12-08,delivered,web,122.92
780491,67767,2025-05-13,delivered,web,28.98
751045,71099,2025-07-23,delivered,mobile_app,209.35
908218,46567,2025-02-14,delivered,web,408.4
528213,88564,2025-07-14,delivered,mobile_app,25.99
520779,10501,2025-09-19,delivered,mobile_app,133.98
977517,34746,2025-02-23,delivered,web,163.94
756502,87197,2025-11-08,delivered,web,164.88
755241,54491,2025-10-05,shipped,web,225.96
835365,58874,2025-11-27,delivered,mobile_app,865.29
927263,16008,2025-07-18,cancelled,mobile_app,188.95
979986,91211,2025-10-17,delivered,mobile_app,48.94
522458,70347,2025-11-24,delivered,mobile_app,33.85
743182,91232,2025-05-19,shipped,mobile_app,81.94
530046,78994,2025-11-02,delivered,mobile_app,584.91
873486,22751,2025-02-22,delivered,mobile_app,255.96
628335,15074,2025-12-20,delivered,mobile_app,436.29
620138,46769,2025-01-13,delivered,mobile_app,167.91
890106,21065,2025-11-19,delivered,marketplace,112.93
872068,27560,2025-02-16,processing,web,349.94
675754,72193,2025-11-03,delivered,web,114.46
529194,17819,2025-02-14,delivered,web,165.9
976842,87562,2025-06-20,cancelled,web,57.97
742314,97324,2025-01-15,delivered,mobile_app,1367.87
586911,63053,2025-12-12,shipped,marketplace,273.83
783450,65622,2025-04-15,delivered,web,254.94
598976,73913,2025-11-16,delivered,web,236.43
982937,82186,2025-10-26,delivered,web,670.93
906345,59663,2025-04-21,delivered,mobile_app,186.45
971264,88195,2025-12-11,delivered,mobile_app,558.85
885756,29307,2025-09-06,processing,web,1109.78
590918,95169,2025-05-24,processing,mobile_app,47.48
738086,81917,2025-11-11,shipped,web,32.99
717245,84102,2025-09-10,delivered,mobile_app,35.95
700508,87428,2025-07-07,delivered,mobile_app,19.95
709742,44164,2025-12-05,processing,web,326.4
904656,85312,2025-02-21,delivered,web,352.97
964009,28898,2025-10-25,delivered,web,387.93
873394,99817,2025-02-11,processing,mobile_app,20.99
504014,73927,2025-02-08,delivered,web,264.84
557744,43543,2025-11-12,cancelled,web,51.93
894712,22507,2025-09-09,delivered,mobile_app,60.94
500875,61759,2025-02-12,delivered,mobile_app,605.92
549081,24965,2025-04-16,delivered,mobile_app,322.87
513288,10032,2025-11-06,delivered,web,200.84
634263,86175,2025-04-17,delivered,web,423.8
746621,58235,2025-05-23,delivered,web,186.98
945855,77448,2025-06-09,delivered,marketplace,1179.93
549827,98359,2025-06-12,shipped,mobile_app,152.95
773079,97487,2025-02-02,delivered,mobile_app,840.89
660075,16423,2025-09-10,delivered,marketplace,329.96
607693,97610,2025-03-24,delivered,web,10.99
551266,78087,2025-10-13,delivered,web,1174.85
931480,20941,2025-08-18,returned,web,250.82
956776,25102,2025-10-02,processing,mobile_app,255.95
923771,33940,2025-11-02,delivered,marketplace,4.99
905860,10303,2025-12-09,delivered,web,1647.82
704888,11811,2025-08-04,delivered,mobile_app,17.95
887624,95486,2025-03-22,delivered,web,309.88
916775,14045,2025-12-25,delivered,web,120.34
819013,67895,2025-06-21,returned,mobile_app,231.92
617965,85182,2025-11-08,delivered,mobile_app,322.96
580894,68282,2025-04-26,cancelled,web,252.69
772145,35240,2025-11-05,delivered,web,192.93
939018,40419,2025-12-07,delivered,web,386.97
803866,28930,2025-11-08,cancelled,mobile_app,150.48
791849,49523,2025-08-25,shipped,web,437.91
884698,44845,2025-03-22,delivered,mobile_app,175.98
909655,27560,2025-12-16,delivered,marketplace,168.79
786615,13272,2025-03-06,delivered,mobile_app,197.33
983761,78866,2025-10-10,delivered,web,423.79
843854,27704,2025-12-26,processing,marketplace,63.99
643432,13371,2025-04-11,delivered,mobile_app,30.99
970327,87955,2025-01-04,cancelled,web,296.94
606075,81688,2025-07-21,delivered,web,209.44
916910,72947,2025-06-26,delivered,mobile_app,476.76
851464,21224,2025-11-12,delivered,web,95.98
584489,33885,2025-04-04,shipped,mobile_app,298.94
603725,31880,2025-09-09,delivered,mobile_app,260.32
589959,69875,2025-06-09,delivered,mobile_app,145.99
853714,73975,2025-04-27,delivered,mobile_app,25.95
560736,39502,2025-11-07,delivered,mobile_app,680.0
550964,93038,2025-07-12,delivered,mobile_app,624.96
730923,15473,2025-10-10,delivered,mobile_app,137.91
868406,60670,2025-07-13,delivered,mobile_app,163.88
952394,83394,2025-06-03,delivered,web,560.79
629207,15534,2025-12-04,delivered,web,254.95
612607,90173,2025-09-15,delivered,web,726.7
902397,87707,2025-06-02,delivered,mobile_app,80.97
766274,58752,2025-02-03,returned,web,650.41
535554,53430,2025-03-09,cancelled,web,17.98
744840,62960,2025-11-02,delivered,web,14.99
655816,13785,2025-08-02,delivered,mobile_app,57.98
690666,77448,2025-09-15,delivered,mobile_app,515.92
982506,10786,2025-04-05,delivered,web,342.94
504799,98012,2025-08-28,shipped,web,176.39
547638,47191,2025-01-24,delivered,mobile_app,287.99
724745,84182,2025-05-01,delivered,web,159.9
876001,21800,2025-09-06,processing,web,416.23
943736,65493,2025-02-02,delivered,mobile_app,75.98
769151,87562,2025-11-16,delivered,web,249.93
660822,69582,2025-09-28,delivered,mobile_app,233.97
795729,30696,2025-01-26,delivered,mobile_app,668.95
543583,26142,2025-04-07,delivered,mobile_app,337.94
686827,80741,2025-11-11,delivered,web,15.99
743628,19419,2025-04-19,delivered,web,493.43
789241,57807,2025-12-02,delivered,marketplace,25.44
948183,46567,2025-08-26,delivered,web,127.88
883621,23493,2025-09-19,delivered,mobile_app,164.43
667778,68024,2025-11-03,delivered,mobile_app,222.87
930000,18195,2025-08-08,delivered,web,92.98
865503,87669,2025-08-18,delivered,marketplace,482.44
907967,86365,2025-10-21,delivered,marketplace,38.9
973695,58045,2025-12-16,delivered,marketplace,209.42
902942,83394,2025-05-09,delivered,mobile_app,68.97
796370,11751,2025-12-07,delivered,mobile_app,385.94
523284,77743,2025-02-12,shipped,mobile_app,762.76
519578,49523,2025-07-23,processing,web,110.97
915796,13896,2025-07-04,shipped,web,218.93
717379,94702,2025-06-14,delivered,marketplace,396.86
527891,50513,2025-04-08,shipped,web,309.98
800699,39502,2025-11-26,delivered,web,219.85
640070,58213,2025-02-16,shipped,web,82.99
636878,74363,2025-01-04,delivered,web,270.33
597779,73659,2025-12-22,cancelled,web,222.45
645552,46225,2025-09-17,delivered,web,71.9
934575,48481,2025-04-08,shipped,mobile_app,94.97
770106,97531,2025-04-27,delivered,web,103.96
896975,36356,2025-04-14,delivered,mobile_app,7.99
576841,62695,2025-12-26,delivered,web,166.98
542149,61822,2025-09-08,processing,web,80.99
531255,22892,2025-09-19,delivered,web,196.94
815429,28136,2025-11-03,delivered,mobile_app,56.89
619904,25228,2025-05-15,delivered,mobile_app,314.96
676935,41529,2025-10-19,delivered,web,185.46
526145,97324,2025-08-17,delivered,mobile_app,767.39
989042,42325,2025-11-24,delivered,mobile_app,538.89
919902,97261,2025-01-27,delivered,web,58.99
604688,44845,2025-09-21,returned,mobile_app,503.9
655322,37644,2025-04-14,delivered,mobile_app,151.96
513935,74533,2025-03-08,cancelled,marketplace,358.83
607547,96206,2025-09-21,cancelled,marketplace,15.99
565848,53455,2025-04-11,delivered,mobile_app,106.88
834817,78087,2025-03-14,delivered,mobile_app,200.99
921002,12886,2025-02-18,delivered,mobile_app,239.91
860650,68746,2025-05-17,shipped,mobile_app,35.99
820960,39957,2025-02-20,returned,mobile_app,184.94
535518,37839,2025-05-16,shipped,mobile_app,20.99
856732,39991,2025-08-13,delivered,mobile_app,114.85
806706,68818,2025-12-23,delivered,web,224.93
590696,57107,2025-12-22,delivered,mobile_app,330.78
799679,65737,2025-11-07,delivered,web,335.72
901005,45872,2025-11-21,returned,web,113.46
657112,97261,2025-05-22,delivered,mobile_app,495.96
997918,32994,2025-04-09,delivered,web,31.95
950729,12047,2025-05-14,processing,mobile_app,977.28
739957,22748,2025-05-14,delivered,web,284.36
941279,12047,2025-05-23,cancelled,mobile_app,409.85
691967,39114,2025-09-24,processing,web,157.93
738351,80502,2025-08-10,delivered,mobile_app,966.32
696906,51192,2025-11-10,delivered,web,33.49
887010,50004,2025-12-08,delivered,mobile_app,342.87
924469,75947,2025-12-05,cancelled,marketplace,40.95
863725,52857,2025-11-08,delivered,mobile_app,917.91
677667,37785,2025-11-23,delivered,mobile_app,552.91
648846,27704,2025-12-01,delivered,web,433.89
923892,10786,2025-02-11,delivered,web,142.88
666721,10764,2025-12-05,shipped,marketplace,1026.93
556533,62468,2025-06-21,delivered,mobile_app,589.97
906818,40547,2025-01-03,delivered,web,658.46
693563,73504,2025-12-22,delivered,web,98.95
948837,46286,2025-10-06,delivered,mobile_app,96.99
694351,45756,2025-06-21,processing,web,525.96
963130,40651,2025-09-03,delivered,web,227.84
848429,42104,2025-10-18,delivered,web,203.92
590100,39114,2025-03-25,shipped,mobile_app,423.92
898495,68365,2025-10-17,returned,marketplace,187.86
546706,24965,2025-01-28,shipped,marketplace,387.48
703144,71099,2025-06-26,processing,marketplace,339.9
893291,20964,2025-09-07,delivered,web,743.25
897571,34568,2025-04-23,delivered,mobile_app,9.99
862416,20915,2025-11-16,delivered,mobile_app,171.89
517888,89372,2025-06-26,delivered,marketplace,70.44
568547,40143,2025-11-26,delivered,web,605.91
975964,43367,2025-02-18,delivered,web,176.82
766853,76188,2025-04-14,delivered,mobile_app,189.96
766144,14868,2025-06-22,shipped,mobile_app,766.48
642701,78237,2025-09-09,delivered,marketplace,181.45
886634,73913,2025-11-07,shipped,web,56.95
664020,15774,2025-11-01,delivered,web,70.99
599775,10032,2025-06-19,delivered,mobile_app,53.98
962462,90444,2025-08-08,delivered,web,18.99
995981,45756,2025-11-19,delivered,mobile_app,34.95
572922,86668,2025-01-09,delivered,web,167.9
645266,10501,2025-11-28,delivered,marketplace,231.49
784892,54010,2025-09-19,returned,web,173.96
785781,72987,2025-04-11,returned,web,81.9
639264,27704,2025-11-19,delivered,mobile_app,11.49
802545,85217,2025-12-15,delivered,mobile_app,78.97
694324,74785,2025-05-12,delivered,web,108.99
795608,86818,2025-09-08,delivered,web,143.91
619470,11211,2025-12-02,delivered,mobile_app,459.93
894532,50642,2025-04-21,delivered,web,252.42
650391,94711,2025-12-11,delivered,marketplace,184.83
958856,82546,2025-10-12,delivered,mobile_app,147.47
956562,93023,2025-09-19,delivered,web,239.95
763181,25539,2025-04-16,shipped,web,67.85
679590,96118,2025-11-26,delivered,mobile_app,187.98
890090,53175,2025-03-12,delivered,web,227.81
625024,46145,2025-02-07,returned,mobile_app,8.49
988743,39640,2025-11-02,delivered,marketplace,128.98
625048,83590,2025-08-23,delivered,mobile_app,133.94
951729,24600,2025-04-26,shipped,mobile_app,69.96
913737,98822,2025-03-01,shipped,mobile_app,675.34
789267,49096,2025-10-27,delivered,web,458.71
596844,78078,2025-08-15,delivered,mobile_app,245.98
685437,86189,2025-01-17,shipped,web,160.92
989804,51391,2025-12-22,processing,web,661.89
997125,20941,2025-03-20,delivered,mobile_app,391.92
730783,70347,2025-01-23,delivered,mobile_app,178.99
789049,73274,2025-06-10,delivered,mobile_app,215.84
694251,47321,2025-11-03,delivered,web,507.95
729096,43151,2025-12-18,delivered,marketplace,28.99
783949,17736,2025-11-09,delivered,mobile_app,95.94
544953,83310,2025-08-09,delivered,mobile_app,35.92
967407,48584,2025-11-20,delivered,marketplace,144.97
567880,82399,2025-06-23,delivered,mobile_app,543.9
850675,33147,2025-08-24,delivered,web,993.87
558322,40672,2025-11-28,delivered,mobile_app,128.93
705182,20915,2025-09-01,processing,mobile_app,77.47
826585,25460,2025-05-05,delivered,web,18.49
569554,33318,2025-11-16,shipped,web,559.67
946314,73673,2025-11-27,delivered,web,378.17
695530,28930,2025-06-11,delivered,marketplace,124.98
718563,32655,2025-11-13,delivered,mobile_app,47.95
860562,11988,2025-08-12,processing,mobile_app,101.94
728038,79902,2025-12-26,delivered,mobile_app,228.93
730644,15579,2025-11-11,delivered,mobile_app,245.96
831686,24965,2025-05-24,shipped,mobile_app,206.48
913177,25539,2025-11-24,delivered,web,207.42
962814,97643,2025-04-25,delivered,web,383.96
948633,76299,2025-11-08,returned,mobile_app,249.92
763163,10205,2025-12-14,delivered,mobile_app,88.99
873705,63662,2025-12-23,delivered,web,153.96
646829,37099,2025-02-17,delivered,marketplace,393.87
862993,30372,2025-12-02,delivered,mobile_app,204.92
571377,54086,2025-07-11,delivered,mobile_app,213.96
955028,82812,2025-04-28,delivered,mobile_app,149.96
802669,24049,2025-07-02,cancelled,mobile_app,304.72
728094,27171,2025-03-11,delivered,marketplace,302.74
920111,58121,2025-11-16,cancelled,web,98.93
848338,97584,2025-04-14,cancelled,mobile_app,228.93
947078,68445,2025-04-28,delivered,mobile_app,208.92
926954,20915,2025-12-02,delivered,web,102.93
765398,62225,2025-01-25,delivered,web,250.97
857939,35240,2025-12-04,delivered,web,177.7
860853,50642,2025-05-15,shipped,marketplace,290.92
505131,94576,2025-09-06,delivered,marketplace,230.87
868604,62202,2025-12-04,processing,mobile_app,590.84
634967,58782,2025-07-03,delivered,marketplace,552.92
750288,33940,2025-04-18,delivered,web,79.96
506988,75947,2025-10-05,delivered,web,61.98
971522,39866,2025-11-22,shipped,web,272.47
677368,83441,2025-01-14,cancelled,web,753.9
968394,98142,2025-01-04,delivered,mobile_app,57.96
952169,34294,2025-06-22,cancelled,web,214.96
610792,11368,2025-12-18,delivered,mobile_app,871.92
573759,11096,2025-12-22,delivered,mobile_app,77.99
850993,68024,2025-12-28,delivered,web,36.94
547386,14355,2025-04-17,delivered,web,310.32
934911,78994,2025-12-24,delivered,web,177.78
548531,20941,2025-12-23,delivered,mobile_app,127.97
692025,87428,2025-03-12,delivered,mobile_app,106.92
642900,46567,2025-06-06,processing,mobile_app,378.82
843571,18421,2025-11-21,returned,marketplace,267.84
563603,34668,2025-07-26,delivered,web,567.9
546703,67767,2025-05-05,delivered,mobile_app,218.98
851480,24600,2025-12-10,delivered,marketplace,1175.89
555038,10786,2025-11-23,delivered,web,224.98
994256,47191,2025-06-16,delivered,mobile_app,169.94
811351,65600,2025-03-28,delivered,mobile_app,51.98
550374,21476,2025-05-18,delivered,web,299.19
908532,41802,2025-06-06,delivered,mobile_app,139.47
700359,34746,2025-07-15,delivered,web,131.96
619464,68024,2025-10-13,delivered,web,198.89
538837,24422,2025-03-10,delivered,web,424.75
968598,71936,2025-02-21,delivered,web,845.67
595372,72561,2025-10-04,returned,mobile_app,406.97
781659,43872,2025-12-09,delivered,mobile_app,456.88
730029,74533,2025-12-28,shipped,mobile_app,323.98
714369,58862,2025-06-16,delivered,web,294.86
503605,55155,2025-03-23,delivered,mobile_app,187.95
742690,85928,2025-04-22,cancelled,web,198.41
812698,82151,2025-10-05,delivered,mobile_app,138.93
668138,65521,2025-07-23,delivered,web,111.96
911632,29298,2025-10-15,delivered,marketplace,533.43
911403,41403,2025-04-17,delivered,mobile_app,127.98
791144,31880,2025-02-02,delivered,web,104.85
699763,64273,2025-05-02,delivered,mobile_app,71.93
518077,22704,2025-12-08,processing,web,311.82
814744,41931,2025-11-07,delivered,mobile_app,152.0
900112,99383,2025-03-27,delivered,web,271.97
876907,65600,2025-03-08,delivered,mobile_app,108.49
733421,76153,2025-04-26,delivered,mobile_app,116.89
993186,75960,2025-11-08,returned,web,302.75
947513,74442,2025-12-01,processing,web,49.99
776219,41609,2025-05-22,delivered,mobile_app,26.97
803872,15380,2025-10-22,delivered,mobile_app,477.24
581249,97687,2025-10-06,delivered,web,172.98
907866,97546,2025-06-11,cancelled,mobile_app,109.94
940568,47256,2025-08-08,shipped,marketplace,195.46
554770,96821,2025-10-24,shipped,web,288.92
626337,82777,2025-05-09,delivered,web,678.37
656555,21113,2025-12-07,processing,web,896.93
833608,24500,2025-09-19,delivered,mobile_app,344.89
671801,96180,2025-10-08,delivered,mobile_app,22.98
708078,48725,2025-11-16,delivered,web,8.95
827285,86818,2025-05-22,delivered,web,159.75
922573,63596,2025-07-15,delivered,web,53.85
689385,89554,2025-02-08,delivered,mobile_app,53.99
865614,61759,2025-02-14,delivered,web,95.96
529093,71761,2025-08-08,delivered,mobile_app,39.98
639568,21476,2025-10-16,delivered,marketplace,260.98
683328,78078,2025-11-20,delivered,mobile_app,33.99
837353,66094,2025-07-02,delivered,web,220.47
864275,78715,2025-12-02,delivered,mobile_app,387.96
744051,53175,2025-10-22,delivered,mobile_app,101.97
817736,98137,2025-10-01,delivered,mobile_app,164.97
695460,22353,2025-03-11,delivered,mobile_app,138.94
721950,40347,2025-11-20,returned,marketplace,499.96
653334,46965,2025-09-02,delivered,marketplace,51.98
980705,48584,2025-12-02,delivered,mobile_app,140.79
788497,22748,2025-02-01,delivered,web,26.99
698222,43429,2025-11-11,delivered,mobile_app,84.99
711321,37152,2025-08-05,shipped,web,159.98
936353,21695,2025-11-03,shipped,mobile_app,80.94
830436,61076,2025-07-19,delivered,web,76.94
808624,46567,2025-11-01,delivered,mobile_app,27.99
632868,15534,2025-04-22,delivered,mobile_app,61.98
798210,48725,2025-06-17,delivered,web,1167.83
507340,73975,2025-02-01,delivered,mobile_app,51.98
855574,61569,2025-12-03,delivered,marketplace,33.95
861921,67281,2025-09-10,delivered,mobile_app,675.31
528444,96584,2025-08-01,processing,web,45.9
783791,85182,2025-03-10,delivered,mobile_app,340.59
572955,86189,2025-03-18,cancelled,web,186.97
832905,42995,2025-06-11,delivered,mobile_app,27.98
730242,61786,2025-09-28,delivered,mobile_app,29.9
903511,23747,2025-05-20,delivered,web,30.99
735975,68068,2025-04-18,cancelled,mobile_app,56.94
830279,46229,2025-05-08,delivered,web,787.73
883223,97444,2025-01-13,delivered,mobile_app,139.98
687100,21155,2025-01-03,delivered,web,793.42
990683,79873,2025-08-25,delivered,web,41.98
654041,86668,2025-12-26,delivered,web,238.84
679668,94354,2025-11-24,shipped,mobile_app,437.74
798221,70796,2025-01-06,shipped,web,384.45
842336,63354,2025-11-08,delivered,web,180.99
626433,37743,2025-11-06,returned,marketplace,117.89
885045,31880,2025-09-05,processing,mobile_app,325.41
706409,49096,2025-02-03,cancelled,mobile_app,292.91
745972,71669,2025-11-03,delivered,web,208.83
973048,20915,2025-07-13,delivered,web,30.99
877787,91348,2025-03-23,shipped,mobile_app,52.89
906158,91271,2025-12-26,shipped,mobile_app,535.83
636650,89997,2025-03-14,delivered,mobile_app,39.98
777787,38463,2025-08-18,delivered,mobile_app,96.99
511162,43151,2025-04-18,delivered,marketplace,432.95
849074,48762,2025-06-09,delivered,mobile_app,471.75
663597,33885,2025-09-13,delivered,mobile_app,797.94
523302,53430,2025-05-07,shipped,web,554.94
915658,29666,2025-07-18,delivered,web,247.91
546732,34294,2025-12-14,delivered,web,111.95
680296,69307,2025-11-02,delivered,mobile_app,350.9
797589,47396,2025-07-18,delivered,web,13.49
829699,50777,2025-10-08,cancelled,web,314.99
676924,16423,2025-12-01,delivered,mobile_app,58.98
950383,37948,2025-12-03,delivered,mobile_app,238.89
923800,34294,2025-12-04,delivered,mobile_app,161.36
915456,15639,2025-12-18,delivered,mobile_app,56.94
712613,82556,2025-12-08,shipped,web,521.87
721502,78087,2025-02-06,delivered,web,178.45
782358,36590,2025-09-19,delivered,mobile_app,67.98
743658,97994,2025-11-01,delivered,mobile_app,787.84
724206,13643,2025-01-10,shipped,mobile_app,135.97
876363,91348,2025-12-25,delivered,web,567.75
976619,75927,2025-07-10,delivered,mobile_app,18.99
958492,98981,2025-02-22,delivered,mobile_app,636.76
941784,79641,2025-04-27,shipped,mobile_app,252.63
796095,60458,2025-11-19,delivered,mobile_app,102.98
563317,88068,2025-10-03,delivered,mobile_app,1027.85
852601,43530,2025-12-10,returned,mobile_app,71.44
669398,33859,2025-04-05,delivered,mobile_app,143.44
843871,64494,2025-05-16,shipped,web,134.93
613321,63309,2025-12-03,delivered,mobile_app,316.25
587298,68045,2025-03-15,delivered,mobile_app,357.92
860873,88432,2025-09-19,shipped,web,46.44
689512,63737,2025-12-18,delivered,marketplace,593.93
860544,86375,2025-11-22,delivered,marketplace,193.93
921526,81620,2025-11-01,delivered,mobile_app,167.9
506937,51192,2025-07-11,cancelled,web,128.99
597207,94950,2025-12-23,delivered,marketplace,23.99
675540,38443,2025-07-16,delivered,web,260.99
531697,60577,2025-07-13,delivered,mobile_app,115.97
952675,11635,2025-11-12,delivered,mobile_app,354.87
883220,54050,2025-11-04,delivered,mobile_app,68.96
965523,21751,2025-12-06,delivered,mobile_app,317.9
609061,73714,2025-11-21,processing,marketplace,243.95
947223,44577,2025-09-13,delivered,web,11.95
735721,55057,2025-05-13,processing,mobile_app,65.92
765587,80252,2025-12-23,cancelled,mobile_app,70.99
852468,77119,2025-04-19,delivered,mobile_app,607.58
803429,15380,2025-11-19,returned,mobile_app,935.68
693647,98589,2025-11-17,delivered,marketplace,280.93
524306,58874,2025-05-05,delivered,web,1007.8
993903,11592,2025-03-17,delivered,mobile_app,158.86
868152,90710,2025-06-02,returned,mobile_app,769.92
715547,37099,2025-12-05,processing,web,53.97
691299,59183,2025-08-11,shipped,mobile_app,22.99
726981,29794,2025-10-02,delivered,marketplace,22.99
703251,44577,2025-11-18,delivered,web,61.98
761926,61129,2025-10-28,delivered,web,83.95
654329,93115,2025-10-21,delivered,web,100.63
856000,97643,2025-03-20,delivered,web,269.34
985730,21113,2025-02-08,delivered,web,294.39
729353,65521,2025-12-25,delivered,mobile_app,27.99
674028,63923,2025-06-15,shipped,mobile_app,28.95
796526,39866,2025-04-24,delivered,web,190.99
884304,18850,2025-12-20,delivered,marketplace,171.95
597985,94288,2025-11-16,delivered,marketplace,499.9
925469,27266,2025-05-03,delivered,web,255.97
787932,61415,2025-11-09,shipped,web,340.88
881736,13875,2025-12-09,delivered,marketplace,768.79
977491,11751,2025-05-15,delivered,web,241.76
947529,71761,2025-05-20,delivered,mobile_app,209.96
757850,87197,2025-03-05,delivered,web,484.94
818242,71107,2025-04-21,delivered,mobile_app,422.97
636074,96279,2025-11-17,delivered,mobile_app,317.94
811280,91745,2025-08-04,delivered,mobile_app,379.92
886882,71587,2025-01-20,delivered,web,160.98
512049,16568,2025-09-23,delivered,marketplace,907.45
689435,97044,2025-08-11,delivered,marketplace,148.96
890036,48992,2025-10-25,delivered,web,105.97
548428,40990,2025-12-24,delivered,web,69.99
513795,48725,2025-12-02,delivered,mobile_app,454.89
673962,40347,2025-08-10,delivered,marketplace,34.98
997500,45756,2025-11-04,delivered,web,373.79
569998,23747,2025-02-13,delivered,mobile_app,35.99
876866,74584,2025-11-01,returned,web,83.98
777519,95275,2025-08-20,delivered,web,108.45
576972,30259,2025-05-15,delivered,mobile_app,147.0
810167,77902,2025-12-06,cancelled,mobile_app,100.98
863906,32494,2025-12-22,delivered,mobile_app,77.97
979140,90734,2025-08-25,delivered,mobile_app,243.92
910203,30786,2025-09-14,delivered,web,760.98
774593,84514,2025-08-05,delivered,marketplace,294.93
834742,98998,2025-10-26,delivered,web,1527.86
761372,42147,2025-10-21,delivered,mobile_app,461.86
711515,94711,2025-11-09,shipped,mobile_app,662.33
785307,85302,2025-02-20,delivered,marketplace,377.69
586963,83394,2025-02-04,delivered,web,84.99
568351,79673,2025-10-21,delivered,marketplace,248.98
839524,13371,2025-12-02,shipped,mobile_app,477.32
968775,27867,2025-01-18,delivered,mobile_app,414.46
681252,21476,2025-10-18,delivered,web,316.83
552665,40515,2025-08-26,delivered,mobile_app,509.8
734881,36330,2025-09-07,cancelled,marketplace,533.62
632597,48450,2025-04-03,processing,web,635.95
585089,11935,2025-07-06,shipped,web,865.89
594608,60670,2025-05-09,delivered,marketplace,114.97
671187,17634,2025-11-19,shipped,mobile_app,370.39
919851,11368,2025-11-16,delivered,web,379.9
545606,84776,2025-07-24,delivered,web,21.99
728084,65661,2025-04-02,delivered,mobile_app,42.99
885266,16299,2025-08-03,delivered,mobile_app,70.99
720179,87938,2025-11-21,delivered,web,299.97
902666,26793,2025-01-05,delivered,web,139.94
827482,60066,2025-01-12,cancelled,web,184.83
542304,91399,2025-05-01,delivered,mobile_app,49.95
753579,71107,2025-04-24,delivered,web,389.85
794360,55609,2025-12-11,delivered,mobile_app,57.99
612734,61955,2025-06-20,returned,mobile_app,136.91
855720,65661,2025-10-14,delivered,mobile_app,201.9
512886,72979,2025-12-21,delivered,marketplace,554.21
858634,14005,2025-12-13,delivered,web,196.99
605529,42992,2025-12-10,delivered,mobile_app,529.95
681377,47342,2025-10-25,delivered,web,152.98
591883,11751,2025-12-03,returned,web,354.23
697030,93513,2025-10-07,delivered,web,499.93
885767,18296,2025-04-25,delivered,web,15.99
790422,18850,2025-05-06,delivered,mobile_app,1259.96
831359,25185,2025-04-03,delivered,mobile_app,630.92
875974,43538,2025-01-11,delivered,marketplace,153.48
651255,17736,2025-08-17,delivered,web,162.79
788792,92007,2025-07-04,cancelled,mobile_app,126.89
843852,70260,2025-11-24,delivered,marketplace,69.38
655982,79078,2025-11-18,delivered,mobile_app,25.95
506811,84073,2025-03-22,returned,marketplace,253.94
684317,21476,2025-06-04,delivered,mobile_app,57.97
733433,66975,2025-05-27,delivered,mobile_app,14.49
758251,19877,2025-10-16,delivered,mobile_app,114.91
638153,55690,2025-12-20,delivered,web,491.79
997823,13964,2025-05-19,delivered,marketplace,57.93
719182,97643,2025-11-03,delivered,mobile_app,155.99
737110,15380,2025-06-16,delivered,web,102.99
647042,23267,2025-03-16,processing,web,233.93
711156,63053,2025-10-18,delivered,mobile_app,158.95
536169,80147,2025-04-03,delivered,web,676.92
973084,87562,2025-07-25,delivered,marketplace,256.96
903370,37675,2025-04-25,delivered,web,52.97
697490,39991,2025-11-04,shipped,marketplace,77.48
822801,18256,2025-05-24,delivered,web,494.47
537241,20860,2025-07-27,delivered,mobile_app,325.47
736744,88088,2025-08-22,processing,mobile_app,31.98
599984,56385,2025-11-17,cancelled,web,195.95
509819,24160,2025-11-05,processing,mobile_app,310.87
723658,96543,2025-09-11,delivered,mobile_app,33.49
856318,27064,2025-02-14,delivered,web,202.46
910972,62179,2025-12-09,cancelled,web,261.82
670662,13302,2025-12-25,delivered,web,96.34
674513,43367,2025-09-25,delivered,mobile_app,48.97
642629,79641,2025-01-28,delivered,mobile_app,155.98
674208,50541,2025-09-24,delivered,web,57.95
898345,80498,2025-10-11,returned,marketplace,33.9
869310,24478,2025-07-01,shipped,web,101.89
937256,21840,2025-11-07,delivered,mobile_app,251.99
861110,56004,2025-01-28,delivered,web,63.99
581498,80677,2025-03-27,delivered,web,1061.78
737579,66313,2025-12-22,delivered,web,47.97
614123,41461,2025-02-11,delivered,marketplace,498.92
587737,24638,2025-01-03,delivered,web,167.93
815958,44577,2025-03-14,delivered,web,93.39
951687,69588,2025-12-05,delivered,web,172.32
746126,34294,2025-08-04,delivered,marketplace,591.95
669412,46860,2025-09-04,delivered,mobile_app,107.99
913696,74510,2025-05-05,delivered,mobile_app,394.9
553420,48293,2025-07-27,shipped,web,246.94
823590,56447,2025-08-22,delivered,web,339.96
744914,64682,2025-12-28,shipped,web,160.77
738444,48476,2025-11-07,delivered,mobile_app,1669.82
669850,52901,2025-06-18,delivered,web,791.29
564962,51452,2025-02-04,delivered,marketplace,545.96
601206,83026,2025-10-12,delivered,web,121.98
808713,42946,2025-09-28,delivered,web,351.48
821359,34746,2025-11-10,processing,mobile_app,27.99
538569,90807,2025-04-11,processing,web,475.94
656207,10536,2025-06-18,processing,web,232.95
913647,29134,2025-06-08,delivered,web,258.91
608190,96755,2025-10-25,delivered,marketplace,119.97
683312,77493,2025-11-11,delivered,marketplace,341.94
809615,95200,2025-07-24,delivered,mobile_app,169.95
988735,48942,2025-06-24,cancelled,web,90.94
832754,47512,2025-07-28,delivered,web,127.95
749494,15380,2025-12-07,returned,mobile_app,146.42
687759,44410,2025-04-26,delivered,mobile_app,113.94
855797,44149,2025-12-21,delivered,web,1038.88
598362,97953,2025-04-04,delivered,marketplace,17.95
625322,64970,2025-03-19,processing,web,143.98
807423,19668,2025-07-21,delivered,web,35.9
632182,96821,2025-10-09,delivered,web,579.88
977565,42992,2025-12-25,delivered,marketplace,392.82
738436,41328,2025-03-27,delivered,mobile_app,31.95
625298,71269,2025-07-04,processing,web,349.92
806223,10032,2025-10-06,delivered,mobile_app,414.8
893653,47386,2025-04-18,processing,web,197.85
787895,39512,2025-05-07,delivered,mobile_app,400.85
823292,28913,2025-12-14,delivered,mobile_app,453.65
995646,98359,2025-12-14,returned,mobile_app,270.93
963768,71213,2025-05-17,delivered,mobile_app,375.34
866648,81674,2025-12-06,processing,mobile_app,217.97
512982,68445,2025-01-05,delivered,web,56.94
508143,28498,2025-01-08,delivered,mobile_app,98.89
746153,41461,2025-03-14,delivered,marketplace,99.97
603127,19436,2025-01-06,delivered,web,295.94
793534,16387,2025-03-23,delivered,web,260.98
843397,58121,2025-12-21,delivered,mobile_app,314.89
805379,49465,2025-09-01,delivered,marketplace,127.9
738764,52192,2025-10-16,delivered,web,24.49
785011,37948,2025-10-19,processing,web,207.87
627218,85088,2025-07-20,delivered,web,541.37
954039,17969,2025-12-24,processing,mobile_app,29.48
590320,13801,2025-03-04,delivered,marketplace,125.9
582287,81886,2025-08-26,delivered,web,517.75
840194,16008,2025-01-23,processing,web,533.69
765229,22892,2025-09-05,delivered,web,71.94
861900,57922,2025-10-14,cancelled,mobile_app,252.71
629388,21751,2025-02-09,delivered,web,117.94
742717,95624,2025-04-01,delivered,mobile_app,326.95
814957,91804,2025-07-06,delivered,web,29.99
625272,44989,2025-12-28,delivered,web,16.0
999631,59592,2025-06-18,shipped,web,207.98
958475,71099,2025-12-12,delivered,mobile_app,89.98
584160,27120,2025-11-01,shipped,web,2230.91
519751,57056,2025-04-28,shipped,web,294.94
637340,16423,2025-01-02,delivered,web,413.78
626713,48435,2025-07-18,delivered,web,188.77
800366,26926,2025-04-06,delivered,web,407.93
760341,16008,2025-10-05,delivered,mobile_app,39.98
850219,91499,2025-11-26,delivered,mobile_app,373.73
672943,98012,2025-06-04,delivered,mobile_app,15.99
930214,11935,2025-09-16,delivered,mobile_app,208.47
514185,54384,2025-12-09,delivered,web,127.99
635980,45292,2025-09-13,delivered,web,148.98
932644,91499,2025-08-24,delivered,web,403.88
886000,98998,2025-06-19,shipped,web,62.99
776732,52297,2025-12-25,delivered,web,328.97
889206,48511,2025-07-12,delivered,marketplace,56.95
