review_id,product_id,customer_id,rating,review_text,review_date
927030,1539,55898,5,The quality is noticeable the moment you unbox it. Support replied within the hour when I had a question. Highly recommend.,2025-07-10
653663,7838,58862,4,Does what it promises. The quality is noticeable the moment you unbox it. Would buy again.,2025-02-11
681323,3814,36335,5,It works exactly as described. Highly recommend.,2025-06-09
728946,5703,91399,4,Works great. Battery life has been excellent so far. Would buy again.,2025-02-22
467957,2712,22357,5,"Best purchase I've made in a while. Delivery arrived two days early, well packaged. Highly recommend.",2025-02-01
13678,3852,80827,5,"The build feels premium and sturdy. Months in, it still works like day one. Worth every penny.",2025-02-26
492028,8306,42875,5,This is exactly what I was looking for. The build feels premium and sturdy.,2025-04-05
328329,5275,75455,4,"The build feels premium and sturdy. The little details show real care. Slightly slow shipping, though that's not the product's fault. Good value overall.",2025-03-17
417098,5264,60181,4,"Almost perfect. Delivery arrived two days early, well packaged. Slightly slow shipping, though that's not the product's fault.",2025-02-19
495312,4790,65371,5,"Honestly blown away. Setup took under five minutes. Months in, it still works like day one. 10/10.",2025-03-09
784023,3572,50541,5,"I rarely write reviews, but this earned one. The quality is noticeable the moment you unbox it. My whole team has switched over since.",2025-01-19
274402,5914,67945,5,Best purchase I've made in a while. Customer service was fast and genuinely helpful. The little details show real care.,2025-07-20
928693,5354,22964,4,Almost perfect. Battery life has been excellent so far. Good value overall.,2025-03-18
192241,6512,37839,5,Performance is smooth even under heavy use. Worth every penny.,2025-01-15
63442,1014,66835,5,"Honestly blown away. Customer service was fast and genuinely helpful. Months in, it still works like day one.",2025-05-24
805748,7985,15811,5,"Five stars, no hesitation. Battery life has been excellent so far. Months in, it still works like day one.",2025-03-18
893105,6275,67007,2,"Below average, sadly. Several features simply don't work as described. Returning it was its own ordeal. Hard to recommend.",2025-02-04
307750,2468,53455,5,Couldn't be happier. It integrates seamlessly with everything I already use. Support replied within the hour when I had a question. Worth every penny.,2025-02-13
445747,6259,34645,4,"The build feels premium and sturdy. Slightly slow shipping, though that's not the product's fault. Happy with the purchase.",2025-03-20
677756,2027,86365,3,"Setup took under five minutes. However, Battery drains far faster than claimed. Not bad, not great.",2025-05-10
526654,1786,48612,4,Works great. It works exactly as described. Happy with the purchase.,2025-05-22
387707,3531,53818,4,It integrates seamlessly with everything I already use. Support replied within the hour when I had a question. Only minor gripe is the packaging. Recommended.,2025-05-18
546468,6214,87955,5,This is exactly what I was looking for. The price is more than fair for what you get. Even the packaging was thoughtfully done. Already recommended it to friends.,2025-02-10
533925,5238,34088,4,"Very happy with this. Instructions were clear and easy to follow. Wish the manual was clearer, but that's minor.",2025-12-06
268382,1655,59678,2,Disappointing. Delivery was late and the box arrived damaged.,2025-04-29
158404,9321,99383,5,The interface is clean and intuitive. 10/10.,2025-04-08
725105,6651,96584,5,"Five stars, no hesitation. Performance is smooth even under heavy use. My whole team has switched over since.",2025-06-26
117359,6249,31434,5,"Performance is smooth even under heavy use. Months in, it still works like day one. 10/10.",2025-12-16
312181,7187,13260,4,It works exactly as described. The little details show real care. Docking one star for the setup process. Recommended.,2025-02-06
276982,5232,91253,5,"Honestly blown away. The interface is clean and intuitive. Months in, it still works like day one. 10/10.",2025-06-18
109284,2619,68366,5,"Five stars, no hesitation. The interface is clean and intuitive. My whole team has switched over since. Worth every penny.",2025-06-01
745437,7128,15362,4,"Impressed for the price. The interface is clean and intuitive. Slightly slow shipping, though that's not the product's fault.",2025-12-30
410531,7265,47711,5,This is exactly what I was looking for. The quality is noticeable the moment you unbox it. Even the packaging was thoughtfully done. Highly recommend.,2025-11-14
649398,4435,36077,1,Complete waste of money. Customer service took a week to respond. No response to two support emails. Buyer beware.,2025-05-14
863706,8704,36875,5,This is exactly what I was looking for. Battery life has been excellent so far. The little details show real care.,2025-03-22
280673,1030,94018,4,"Very happy with this. The price is more than fair for what you get. Months in, it still works like day one. Happy with the purchase.",2025-05-27
320457,8029,56667,5,This is exactly what I was looking for. The price is more than fair for what you get. The little details show real care.,2025-01-26
815236,7644,12825,5,Honestly blown away. The interface is clean and intuitive. Will definitely buy again.,2025-01-20
312522,6275,40473,4,Impressed for the price. The build feels premium and sturdy. Would buy again.,2025-02-04
559499,4852,80403,5,Couldn't be happier. Instructions were clear and easy to follow.,2025-11-20
661482,2468,88258,5,Exceeded every expectation. Customer service was fast and genuinely helpful. My whole team has switched over since.,2025-07-12
723973,1193,47598,5,Absolutely loved it! The quality is noticeable the moment you unbox it. Even the packaging was thoughtfully done.,2025-12-28
100517,8614,69963,2,Not impressed. Setup was confusing and the docs didn't help.,2025-12-14
524453,5239,29964,4,Does what it promises. Battery life has been excellent so far. Docking one star for the setup process.,2025-02-22
955407,9270,30372,4,Very happy with this. Setup took under five minutes. Good value overall.,2025-04-19
447297,4790,11682,5,Absolutely loved it! It integrates seamlessly with everything I already use. My whole team has switched over since.,2025-03-18
621296,2055,95624,5,Best purchase I've made in a while. Setup took under five minutes. Support replied within the hour when I had a question.,2025-04-08
490653,2098,65476,1,Extremely frustrated. The interface is clunky and slow. Photos online are nothing like the real thing. Reporting this to the marketplace. Buyer beware.,2025-06-13
408478,9653,87009,5,Best purchase I've made in a while. Customer service was fast and genuinely helpful. The little details show real care. Already recommended it to friends.,2025-02-12
20006,7567,91378,5,"Honestly blown away. Delivery arrived two days early, well packaged.",2025-05-24
304994,6259,84942,5,Performance is smooth even under heavy use. My whole team has switched over since. Already recommended it to friends.,2025-05-07
330709,8060,62221,2,The interface is clunky and slow. Expected more at this price.,2025-04-10
235656,2054,47677,1,Terrible experience. Setup was confusing and the docs didn't help. Returning it was its own ordeal. Reporting this to the marketplace. Buyer beware.,2025-12-20
632040,1840,73046,5,"Five stars, no hesitation. Performance is smooth even under heavy use. Highly recommend.",2025-06-17
297065,6868,74423,5,"Five stars, no hesitation. Setup took under five minutes. Worth every penny.",2025-01-28
171379,6282,44612,5,The price is more than fair for what you get. Even the packaging was thoughtfully done. Highly recommend.,2025-02-27
6909,4613,77590,1,The interface is clunky and slow. No response to two support emails. Still waiting on a resolution. Never again.,2025-03-27
279181,9821,93980,5,"I rarely write reviews, but this earned one. The price is more than fair for what you get. My whole team has switched over since. Will definitely buy again.",2025-02-01
212924,9285,82186,5,Couldn't be happier. Performance is smooth even under heavy use. Highly recommend.,2025-10-31
205163,3367,99817,1,One star is generous. Customer service took a week to respond. Buyer beware.,2025-01-28
549935,2519,24696,4,Almost perfect. The price is more than fair for what you get. My whole team has switched over since. Happy with the purchase.,2025-12-22
371867,7509,21470,3,"Mixed feelings on this one. The quality feels much cheaper than advertised. To be fair, It works exactly as described. There are probably better options.",2025-02-14
868360,8205,85477,1,Setup was confusing and the docs didn't help. The replacement had the same problem. I've asked for a refund. Buyer beware.,2025-05-04
478373,5278,55991,5,"Honestly blown away. The interface is clean and intuitive. Months in, it still works like day one.",2025-05-09
897351,9653,89372,5,Couldn't be happier. The price is more than fair for what you get. Even the packaging was thoughtfully done.,2025-05-27
117811,7985,58629,5,"Exceeded every expectation. Delivery arrived two days early, well packaged. My whole team has switched over since. 10/10.",2025-01-31
649085,7598,98822,5,"I rarely write reviews, but this earned one. The price is more than fair for what you get. Months in, it still works like day one. 10/10.",2025-01-13
832124,9676,91990,4,Really solid overall. The quality is noticeable the moment you unbox it. My whole team has switched over since. A second color option would be nice.,2025-05-16
171727,7071,54447,5,"Honestly blown away. Setup took under five minutes. Months in, it still works like day one.",2025-10-19
860073,1645,61415,3,"Customer service took a week to respond. To be fair, The quality is noticeable the moment you unbox it. Might give it another try.",2025-06-05
27887,8060,63923,5,"Five stars, no hesitation. It works exactly as described. Months in, it still works like day one.",2025-03-22
903270,5860,70560,5,"Five stars, no hesitation. The interface is clean and intuitive. Support replied within the hour when I had a question.",2025-04-21
969919,8060,77999,5,"It works exactly as described. Months in, it still works like day one. Highly recommend.",2025-06-02
935908,5490,96225,5,"Absolutely loved it! Delivery arrived two days early, well packaged. Highly recommend.",2025-02-16
989033,6664,61358,5,This is exactly what I was looking for. Performance is smooth even under heavy use. Support replied within the hour when I had a question.,2025-02-19
615631,5869,96828,5,This is exactly what I was looking for. Performance is smooth even under heavy use.,2025-09-24
667908,5232,50277,3,"It's overpriced for what you actually get. To be fair, Setup took under five minutes. Not bad, not great.",2025-03-05
288585,7495,31628,5,"I rarely write reviews, but this earned one. The interface is clean and intuitive.",2025-12-13
815604,1102,68068,5,This is exactly what I was looking for. Instructions were clear and easy to follow.,2025-05-10
973339,5682,31334,5,Best purchase I've made in a while. The interface is clean and intuitive. Support replied within the hour when I had a question.,2025-02-21
531295,3953,75947,5,The interface is clean and intuitive. The little details show real care. Worth every penny.,2025-04-14
210343,3814,49848,3,"It's okay. The quality feels much cheaper than advertised. Still, Battery life has been excellent so far.",2025-04-30
307784,1043,47185,3,"Decent, but not great. The quality feels much cheaper than advertised. Still, It works exactly as described. Not bad, not great.",2025-10-06
355899,5999,48069,5,"I rarely write reviews, but this earned one. Setup took under five minutes. Months in, it still works like day one.",2025-04-02
404159,5797,50644,5,Best purchase I've made in a while. Performance is smooth even under heavy use. Support replied within the hour when I had a question.,2025-07-04
864749,5535,16977,2,Expected better. Delivery was late and the box arrived damaged. Look elsewhere first.,2025-05-02
881630,8702,29678,4,It integrates seamlessly with everything I already use. Even the packaging was thoughtfully done. A second color option would be nice. Good value overall.,2025-02-16
161247,8985,71019,5,"I rarely write reviews, but this earned one. Customer service was fast and genuinely helpful.",2025-08-26
308467,1118,97051,4,"Really solid overall. Setup took under five minutes. Even the packaging was thoughtfully done. Wish the manual was clearer, but that's minor.",2025-08-19
194333,5415,15671,4,"Impressed for the price. The quality is noticeable the moment you unbox it. Months in, it still works like day one. Only minor gripe is the packaging.",2025-02-22
371822,8236,43543,5,Absolutely loved it! Setup took under five minutes.,2025-09-01
373475,6438,83565,5,This is exactly what I was looking for. Instructions were clear and easy to follow. Support replied within the hour when I had a question.,2025-04-06
2661,5275,19436,5,This is exactly what I was looking for. The quality is noticeable the moment you unbox it. The little details show real care.,2025-01-26
62685,2055,17808,4,"Really solid overall. The build feels premium and sturdy. Months in, it still works like day one. Would buy again.",2025-03-14
703552,3398,21654,1,Avoid this. Delivery was late and the box arrived damaged. I ended up buying a different brand. Save your money. Never again.,2025-02-18
789006,4890,94032,5,"Best purchase I've made in a while. Delivery arrived two days early, well packaged.",2025-02-19
429487,6868,20155,5,"I rarely write reviews, but this earned one. Setup took under five minutes. My whole team has switched over since.",2025-10-28
23906,7693,26767,5,"Five stars, no hesitation. Battery life has been excellent so far. My whole team has switched over since.",2025-02-06
199395,6757,59069,5,"Couldn't be happier. Delivery arrived two days early, well packaged.",2025-09-04
882071,8561,33940,4,Does what it promises. Instructions were clear and easy to follow. My whole team has switched over since. Would buy again.,2025-04-23
95425,8842,41461,5,Exceeded every expectation. Battery life has been excellent so far. Will definitely buy again.,2025-01-04
80648,3642,42147,5,The price is more than fair for what you get. My whole team has switched over since. Worth every penny.,2025-04-08
367931,2055,10362,5,"Customer service was fast and genuinely helpful. Months in, it still works like day one. Worth every penny.",2025-01-31
330817,1317,91211,1,Battery drains far faster than claimed. I ended up buying a different brand. Save your money. Never again.,2025-03-28
323027,2308,62557,5,Absolutely loved it! Battery life has been excellent so far. Support replied within the hour when I had a question.,2025-03-29
621222,6438,51849,5,Honestly blown away. Performance is smooth even under heavy use. The little details show real care.,2025-05-29
122369,9004,97552,5,This is exactly what I was looking for. Battery life has been excellent so far. Even the packaging was thoughtfully done. 10/10.,2025-04-22
370887,4435,39387,5,"Couldn't be happier. Customer service was fast and genuinely helpful. Months in, it still works like day one.",2025-11-16
157027,6128,55898,5,Best purchase I've made in a while. It works exactly as described. 10/10.,2025-07-05
536417,6829,10205,4,"Almost perfect. Instructions were clear and easy to follow. Even the packaging was thoughtfully done. Slightly slow shipping, though that's not the product's fault.",2025-01-30
774454,2651,21648,5,Best purchase I've made in a while. It works exactly as described. Support replied within the hour when I had a question. Worth every penny.,2025-01-21
836374,8356,41004,5,Absolutely loved it! Performance is smooth even under heavy use.,2025-05-01
718465,5490,93174,2,"Below average, sadly. The sizing/specs are way off from the listing. Expected more at this price.",2025-07-31
979664,4053,22055,5,Honestly blown away. The build feels premium and sturdy. Support replied within the hour when I had a question.,2025-12-08
846216,6150,69125,4,Does what it promises. Customer service was fast and genuinely helpful. Would buy again.,2025-03-21
74125,8260,97444,5,"Five stars, no hesitation. The quality is noticeable the moment you unbox it.",2025-02-19
745959,9821,18850,5,The quality is noticeable the moment you unbox it. 10/10.,2025-05-21
690877,6868,39495,5,"Five stars, no hesitation. It works exactly as described. Support replied within the hour when I had a question.",2025-05-26
567895,2792,72476,4,Almost perfect. It works exactly as described. A second color option would be nice.,2025-03-02
36962,2376,29678,5,Setup took under five minutes. Will definitely buy again.,2025-03-02
173867,5415,71672,5,Couldn't be happier. Customer service was fast and genuinely helpful. Even the packaging was thoughtfully done.,2025-09-11
678149,1317,83310,5,Exceeded every expectation. The build feels premium and sturdy. Already recommended it to friends.,2025-05-08
758482,4527,60115,5,Instructions were clear and easy to follow. The little details show real care. 10/10.,2025-11-25
704133,2549,78225,1,The interface is clunky and slow. No response to two support emails. Still waiting on a resolution. Buyer beware.,2025-12-17
291361,9099,72862,2,Expected better. It stopped working properly after a few days. I ended up buying a different brand.,2025-01-21
513118,6434,87669,5,"Absolutely loved it! Delivery arrived two days early, well packaged. Support replied within the hour when I had a question.",2025-04-03
612941,4574,95026,5,"Best purchase I've made in a while. The price is more than fair for what you get. Months in, it still works like day one. Highly recommend.",2025-05-29
378111,1043,68371,1,It's overpriced for what you actually get. Photos online are nothing like the real thing. Still waiting on a resolution. Do not recommend.,2025-08-30
292773,9984,54384,4,Really solid overall. Performance is smooth even under heavy use. The little details show real care. Recommended.,2025-01-21
197555,5982,34907,5,Best purchase I've made in a while. The build feels premium and sturdy. Support replied within the hour when I had a question.,2025-05-18
320244,6958,67895,4,Impressed for the price. Customer service was fast and genuinely helpful. Recommended.,2025-01-31
818199,6959,25395,5,Best purchase I've made in a while. Setup took under five minutes. The little details show real care. Highly recommend.,2025-03-31
192359,5490,56179,5,Best purchase I've made in a while. It works exactly as described. Support replied within the hour when I had a question. Already recommended it to friends.,2025-10-28
441641,6958,87381,5,This is exactly what I was looking for. The price is more than fair for what you get. The little details show real care.,2025-04-29
904675,9676,96993,1,Battery drains far faster than claimed. No response to two support emails. I've asked for a refund. Never again.,2025-04-23
521511,9402,65209,1,Complete waste of money. It stopped working properly after a few days. Photos online are nothing like the real thing. Buyer beware.,2025-01-25
989951,8641,55023,3,"It's okay. It works exactly as described. But Battery drains far faster than claimed. Not bad, not great.",2025-11-02
313781,2792,11682,5,The price is more than fair for what you get. The little details show real care. Will definitely buy again.,2025-04-16
659004,6214,18850,4,Good experience from start to finish. The interface is clean and intuitive. Even the packaging was thoughtfully done. Would buy again.,2025-04-23
58960,2735,28223,5,Customer service was fast and genuinely helpful. Worth every penny.,2025-04-19
734373,4868,33880,5,Battery life has been excellent so far. Will definitely buy again.,2025-06-09
647097,9963,82747,3,"It's okay. Customer service was fast and genuinely helpful. However, Delivery was late and the box arrived damaged. Might give it another try.",2025-11-09
503912,3455,22892,4,"Good experience from start to finish. The quality is noticeable the moment you unbox it. Even the packaging was thoughtfully done. Wish the manual was clearer, but that's minor.",2025-05-28
104938,3852,30114,4,Good experience from start to finish. The interface is clean and intuitive. Support replied within the hour when I had a question. Recommended.,2025-02-28
592506,1102,15774,5,Honestly blown away. Battery life has been excellent so far. Even the packaging was thoughtfully done. Highly recommend.,2025-05-13
976106,6032,90629,5,Couldn't be happier. Performance is smooth even under heavy use. My whole team has switched over since. 10/10.,2025-04-05
54434,6423,77999,4,"Works great. It integrates seamlessly with everything I already use. Wish the manual was clearer, but that's minor.",2025-06-20
193746,7128,61189,5,Battery life has been excellent so far. Even the packaging was thoughtfully done. 10/10.,2025-04-27
686356,7440,34231,5,It works exactly as described. Even the packaging was thoughtfully done. Will definitely buy again.,2025-02-02
47992,9984,12886,2,"Below average, sadly. Battery drains far faster than claimed. I ended up buying a different brand.",2025-01-28
655171,6275,91804,1,One star is generous. It stopped working properly after a few days. No response to two support emails. Still waiting on a resolution. Do not recommend.,2025-01-12
879064,9685,36503,1,Extremely frustrated. Delivery was late and the box arrived damaged. The replacement had the same problem. Buyer beware.,2025-03-12
825935,8203,70962,1,One star is generous. Battery drains far faster than claimed. Do not recommend.,2025-02-26
343160,7838,48293,1,Avoid this. The quality feels much cheaper than advertised. I ended up buying a different brand. Buyer beware.,2025-02-17
800809,3572,83595,5,"Honestly blown away. Delivery arrived two days early, well packaged. Highly recommend.",2025-03-12
209175,5157,21547,5,"I rarely write reviews, but this earned one. The quality is noticeable the moment you unbox it. My whole team has switched over since.",2025-02-15
254237,3119,46645,5,"Five stars, no hesitation. Performance is smooth even under heavy use. The little details show real care.",2025-02-19
708447,9055,90708,4,Performance is smooth even under heavy use. Only minor gripe is the packaging. Would buy again.,2025-01-07
365564,5096,58822,3,"Decent, but not great. Battery life has been excellent so far. On the other hand, Setup was confusing and the docs didn't help.",2025-06-26
232814,9572,34058,5,The quality is noticeable the moment you unbox it. Already recommended it to friends.,2025-02-11
131769,2226,18417,4,"Almost perfect. Setup took under five minutes. Months in, it still works like day one. Recommended.",2025-05-13
747864,8550,43103,5,This is exactly what I was looking for. The interface is clean and intuitive. The little details show real care.,2025-02-12
782075,5982,12138,5,"Absolutely loved it! Performance is smooth even under heavy use. Months in, it still works like day one. Will definitely buy again.",2025-11-17
968840,7693,88088,4,"Does what it promises. Delivery arrived two days early, well packaged. Even the packaging was thoughtfully done. Wish the manual was clearer, but that's minor.",2025-04-24
22764,2651,72214,5,Honestly blown away. Performance is smooth even under heavy use. My whole team has switched over since. Highly recommend.,2025-03-29
169831,1840,94654,5,"I rarely write reviews, but this earned one. Customer service was fast and genuinely helpful. Months in, it still works like day one. Already recommended it to friends.",2025-01-12
844938,2651,31992,5,Honestly blown away. The build feels premium and sturdy. Highly recommend.,2025-10-15
564965,5157,68366,1,Terrible experience. It's overpriced for what you actually get. The replacement had the same problem. Do not recommend.,2025-06-13
473902,2468,11096,5,The price is more than fair for what you get. The little details show real care. 10/10.,2025-04-25
774836,6150,24273,5,Instructions were clear and easy to follow. Support replied within the hour when I had a question. Already recommended it to friends.,2025-03-25
245275,1193,92903,5,Honestly blown away. Instructions were clear and easy to follow. Support replied within the hour when I had a question. Highly recommend.,2025-03-08
494644,1709,96116,5,Couldn't be happier. Instructions were clear and easy to follow. My whole team has switched over since.,2025-03-27
682382,2050,79641,5,Best purchase I've made in a while. The quality is noticeable the moment you unbox it. The little details show real care.,2025-02-05
609875,1847,93520,1,Avoid this. It's overpriced for what you actually get. Do not recommend.,2025-06-11
980228,9443,13896,4,"Customer service was fast and genuinely helpful. Months in, it still works like day one. Only minor gripe is the packaging. Happy with the purchase.",2025-05-05
741729,3561,91417,4,"Impressed for the price. The build feels premium and sturdy. My whole team has switched over since. Wish the manual was clearer, but that's minor.",2025-10-24
932142,4218,48971,5,"This is exactly what I was looking for. Delivery arrived two days early, well packaged. Even the packaging was thoughtfully done.",2025-10-24
524929,1030,21840,4,"Impressed for the price. Delivery arrived two days early, well packaged. Support replied within the hour when I had a question. Recommended.",2025-07-13
158675,6359,22748,5,"Delivery arrived two days early, well packaged. Months in, it still works like day one. Highly recommend.",2025-03-03
850287,9653,15734,1,Avoid this. Battery drains far faster than claimed. Returning it was its own ordeal. Do not recommend.,2025-02-10
871887,5860,25589,5,"I rarely write reviews, but this earned one. Performance is smooth even under heavy use. Months in, it still works like day one.",2025-05-21
674977,4613,11096,5,The build feels premium and sturdy. Highly recommend.,2025-05-13
546081,7279,12881,4,Battery life has been excellent so far. Only minor gripe is the packaging. Good value overall.,2025-01-29
777566,3225,48597,5,This is exactly what I was looking for. The price is more than fair for what you get. Worth every penny.,2025-03-10
489601,9055,32490,5,"Five stars, no hesitation. Battery life has been excellent so far. Will definitely buy again.",2025-05-11
226979,9763,48992,1,Complete waste of money. It's overpriced for what you actually get. Photos online are nothing like the real thing. Still waiting on a resolution. Never again.,2025-01-24
27700,3531,34139,1,One star is generous. Several features simply don't work as described. Photos online are nothing like the real thing. Still waiting on a resolution. Do not recommend.,2025-01-05
449594,7001,17589,1,Extremely frustrated. Several features simply don't work as described. Buyer beware.,2025-05-01
511516,7440,73526,3,"Somewhere in the middle. The interface is clunky and slow. To be fair, Delivery arrived two days early, well packaged. Not bad, not great.",2025-02-05
800090,5264,32907,5,Absolutely loved it! Battery life has been excellent so far. Even the packaging was thoughtfully done.,2025-03-08
685440,8550,77606,4,"Does what it promises. The interface is clean and intuitive. The little details show real care. Wish the manual was clearer, but that's minor.",2025-02-07
426805,2394,85217,1,Battery drains far faster than claimed. The replacement had the same problem. Reporting this to the marketplace. Do not recommend.,2025-09-17
419051,2619,48795,5,"Absolutely loved it! Delivery arrived two days early, well packaged. The little details show real care.",2025-08-06
367176,7644,45419,3,"It's okay. It integrates seamlessly with everything I already use. However, Setup was confusing and the docs didn't help. Your mileage may vary.",2025-02-08
526005,1014,19213,5,It works exactly as described. Even the packaging was thoughtfully done. Worth every penny.,2025-04-24
728338,5634,22892,3,"It's okay. Delivery arrived two days early, well packaged. But Customer service took a week to respond.",2025-06-23
360287,5157,53614,4,Impressed for the price. Performance is smooth even under heavy use. Only minor gripe is the packaging.,2025-02-23
353318,8681,95646,4,"Does what it promises. It works exactly as described. Months in, it still works like day one. Slightly slow shipping, though that's not the product's fault.",2025-02-26
61655,7394,66246,4,Almost perfect. The price is more than fair for what you get. Good value overall.,2025-03-10
668061,6577,81803,3,"Mixed feelings on this one. The quality feels much cheaper than advertised. On the plus side, Customer service was fast and genuinely helpful.",2025-02-07
691696,6214,74242,5,Absolutely loved it! The quality is noticeable the moment you unbox it. My whole team has switched over since. Will definitely buy again.,2025-03-28
842257,6275,46737,5,Honestly blown away. The price is more than fair for what you get. Support replied within the hour when I had a question. Will definitely buy again.,2025-12-16
236557,2792,93237,5,"Delivery arrived two days early, well packaged. The little details show real care. Worth every penny.",2025-03-31
719018,6829,27171,5,"This is exactly what I was looking for. Delivery arrived two days early, well packaged.",2025-03-17
946890,5860,93980,5,Honestly blown away. The price is more than fair for what you get.,2025-01-16
631763,3053,59422,4,"Does what it promises. Delivery arrived two days early, well packaged. Support replied within the hour when I had a question. Only minor gripe is the packaging.",2025-05-24
354733,3709,37648,2,Wouldn't buy again. Setup was confusing and the docs didn't help. Photos online are nothing like the real thing.,2025-07-26
62764,2027,72241,4,"Does what it promises. It integrates seamlessly with everything I already use. Months in, it still works like day one. Slightly slow shipping, though that's not the product's fault.",2025-07-02
366496,7187,62612,1,Terrible experience. Several features simply don't work as described. No response to two support emails. Buyer beware.,2025-06-06
805313,5345,52103,5,Absolutely loved it! The interface is clean and intuitive. Support replied within the hour when I had a question. Will definitely buy again.,2025-09-29
508600,4435,76257,4,"Does what it promises. Delivery arrived two days early, well packaged. Support replied within the hour when I had a question. Wish the manual was clearer, but that's minor.",2025-10-16
136032,9004,78123,5,Performance is smooth even under heavy use. Support replied within the hour when I had a question. Highly recommend.,2025-03-01
135276,9443,65886,5,"Best purchase I've made in a while. Customer service was fast and genuinely helpful. Months in, it still works like day one.",2025-02-21
396983,9444,45874,1,The sizing/specs are way off from the listing. No response to two support emails. Reporting this to the marketplace. Buyer beware.,2025-01-30
546760,7187,52138,4,Very happy with this. Performance is smooth even under heavy use. Happy with the purchase.,2025-10-24
714098,8203,92078,5,This is exactly what I was looking for. Customer service was fast and genuinely helpful. Support replied within the hour when I had a question.,2025-12-23
538081,4269,12433,4,Almost perfect. It works exactly as described. The little details show real care. Would buy again.,2025-05-23
709192,4868,21395,5,"Five stars, no hesitation. It integrates seamlessly with everything I already use. Months in, it still works like day one.",2025-04-03
284983,5463,38426,3,"Fine for the price, I guess. Instructions were clear and easy to follow. On the other hand, The interface is clunky and slow. Not bad, not great.",2025-08-07
305477,7350,38443,4,Customer service was fast and genuinely helpful. Only minor gripe is the packaging. Would buy again.,2025-05-06
141023,7034,39640,5,The interface is clean and intuitive. The little details show real care. Already recommended it to friends.,2025-02-20
534578,9402,83394,5,Best purchase I've made in a while. It works exactly as described. Even the packaging was thoughtfully done. Will definitely buy again.,2025-01-29
312391,2981,10582,4,"Impressed for the price. Delivery arrived two days early, well packaged. The little details show real care. Would buy again.",2025-12-26
573796,8900,82777,5,Absolutely loved it! The build feels premium and sturdy.,2025-05-27
987772,7598,65737,5,Exceeded every expectation. Performance is smooth even under heavy use. The little details show real care.,2025-11-06
250739,6032,46769,5,Honestly blown away. Battery life has been excellent so far.,2025-01-20
409481,7598,31804,4,"It works exactly as described. Wish the manual was clearer, but that's minor. Would buy again.",2025-04-28
884871,2358,28498,5,Best purchase I've made in a while. Performance is smooth even under heavy use. My whole team has switched over since. 10/10.,2025-02-15
400206,9309,46567,5,This is exactly what I was looking for. The price is more than fair for what you get. 10/10.,2025-01-16
885807,8356,45900,5,This is exactly what I was looking for. It integrates seamlessly with everything I already use. Will definitely buy again.,2025-02-22
788485,6688,83047,3,"Battery life has been excellent so far. That said, It stopped working properly after a few days. Your mileage may vary.",2025-01-24
288651,1509,84502,5,"Honestly blown away. It works exactly as described. Months in, it still works like day one. Already recommended it to friends.",2025-08-21
850168,5232,13875,4,Really solid overall. It integrates seamlessly with everything I already use. Happy with the purchase.,2025-02-12
737407,4269,48450,5,Exceeded every expectation. Instructions were clear and easy to follow.,2025-05-10
69819,1408,85217,5,"Delivery arrived two days early, well packaged. The little details show real care. Will definitely buy again.",2025-09-07
479528,6868,57918,4,Very happy with this. Performance is smooth even under heavy use. My whole team has switched over since. Good value overall.,2025-01-21
926475,7622,62225,1,The quality feels much cheaper than advertised. No response to two support emails. Reporting this to the marketplace. Never again.,2025-02-27
571344,2792,74423,2,Wouldn't buy again. It stopped working properly after a few days.,2025-03-05
338454,8941,25342,5,"I rarely write reviews, but this earned one. It works exactly as described. My whole team has switched over since.",2025-05-11
944430,5163,11072,3,"It's okay. The interface is clean and intuitive. That said, It's overpriced for what you actually get. There are probably better options.",2025-06-06
846871,8060,60621,5,Customer service was fast and genuinely helpful. Even the packaging was thoughtfully done. Highly recommend.,2025-04-09
248602,5414,13896,1,Terrible experience. It stopped working properly after a few days. No response to two support emails. Save your money. Do not recommend.,2025-04-24
553213,5157,99817,5,Exceeded every expectation. The quality is noticeable the moment you unbox it. The little details show real care. Already recommended it to friends.,2025-01-22
931706,6359,51529,4,Does what it promises. The interface is clean and intuitive. Would buy again.,2025-04-05
391235,6150,86640,5,Setup took under five minutes. The little details show real care. Already recommended it to friends.,2025-05-16
427165,1102,71819,5,The interface is clean and intuitive. My whole team has switched over since. Worth every penny.,2025-07-17
554484,4571,43527,4,"The quality is noticeable the moment you unbox it. Slightly slow shipping, though that's not the product's fault. Recommended.",2025-01-20
91979,4269,24673,5,It works exactly as described. Support replied within the hour when I had a question. 10/10.,2025-02-05
98748,2050,40804,4,"Impressed for the price. Customer service was fast and genuinely helpful. Support replied within the hour when I had a question. Wish the manual was clearer, but that's minor.",2025-02-02
43537,3561,71019,5,Absolutely loved it! It works exactly as described. Highly recommend.,2025-09-22
676458,7495,78192,4,Almost perfect. The price is more than fair for what you get. Support replied within the hour when I had a question. Only minor gripe is the packaging.,2025-07-22
779549,6990,64977,5,Absolutely loved it! Setup took under five minutes. My whole team has switched over since. 10/10.,2025-06-15
85338,8681,42147,5,Exceeded every expectation. Customer service was fast and genuinely helpful.,2025-04-28
767334,4919,65737,5,Exceeded every expectation. It works exactly as described. Support replied within the hour when I had a question.,2025-11-30
845749,5535,23535,5,Couldn't be happier. The quality is noticeable the moment you unbox it. Even the packaging was thoughtfully done.,2025-03-21
856883,7632,97953,5,Couldn't be happier. The price is more than fair for what you get.,2025-05-18
377272,5200,87041,4,"Almost perfect. Delivery arrived two days early, well packaged. My whole team has switched over since. Only minor gripe is the packaging.",2025-01-14
975171,6259,91510,5,"Best purchase I've made in a while. The quality is noticeable the moment you unbox it. Months in, it still works like day one. Worth every penny.",2025-04-29
147623,6359,88933,1,One star is generous. Setup was confusing and the docs didn't help. The replacement had the same problem. Still waiting on a resolution. Do not recommend.,2025-02-21
335069,5982,55609,5,"Best purchase I've made in a while. The price is more than fair for what you get. Months in, it still works like day one.",2025-04-27
50102,2376,54451,4,"Really solid overall. Delivery arrived two days early, well packaged. Wish the manual was clearer, but that's minor.",2025-04-19
413881,7128,98798,5,"Five stars, no hesitation. Delivery arrived two days early, well packaged. The little details show real care.",2025-07-10
201589,8704,58535,3,"Mixed feelings on this one. Setup was confusing and the docs didn't help. On the plus side, Setup took under five minutes. Not bad, not great.",2025-04-27
40,8561,18296,5,Couldn't be happier. Battery life has been excellent so far.,2025-02-13
715506,6249,78099,5,Couldn't be happier. The quality is noticeable the moment you unbox it.,2025-05-28
657485,5682,99234,5,"Exceeded every expectation. Delivery arrived two days early, well packaged. My whole team has switched over since. Already recommended it to friends.",2025-12-10
51357,9572,82687,4,"The interface is clean and intuitive. Months in, it still works like day one. Docking one star for the setup process. Recommended.",2025-05-15
749235,8941,68366,5,Setup took under five minutes. 10/10.,2025-06-10
483155,3061,62695,5,It integrates seamlessly with everything I already use. My whole team has switched over since. Already recommended it to friends.,2025-03-24
539852,7809,36533,5,Honestly blown away. Customer service was fast and genuinely helpful. Even the packaging was thoughtfully done. 10/10.,2025-03-09
402252,1317,40035,5,"I rarely write reviews, but this earned one. It works exactly as described. Highly recommend.",2025-11-07
599929,1115,58535,1,The sizing/specs are way off from the listing. Returning it was its own ordeal. I've asked for a refund. Buyer beware.,2025-04-29
62724,9676,88028,5,"Five stars, no hesitation. The interface is clean and intuitive. Support replied within the hour when I had a question. 10/10.",2025-02-20
659075,5200,27665,4,"Very happy with this. The quality is noticeable the moment you unbox it. Wish the manual was clearer, but that's minor.",2025-04-05
146994,8550,93520,5,Best purchase I've made in a while. Performance is smooth even under heavy use. Even the packaging was thoughtfully done. Will definitely buy again.,2025-06-01
558302,6766,59592,4,Almost perfect. It works exactly as described. The little details show real care. Docking one star for the setup process.,2025-01-15
720521,1716,93174,5,"It integrates seamlessly with everything I already use. Months in, it still works like day one. Will definitely buy again.",2025-08-04
419726,8260,81674,2,Expected better. Battery drains far faster than claimed. No response to two support emails.,2025-03-03
65815,5519,82556,5,Couldn't be happier. Setup took under five minutes. My whole team has switched over since. Already recommended it to friends.,2025-05-29
780322,1234,48826,1,Several features simply don't work as described. The replacement had the same problem. Still waiting on a resolution. Do not recommend.,2025-11-25
951115,9763,28175,2,Wouldn't buy again. It's overpriced for what you actually get. Photos online are nothing like the real thing. Look elsewhere first.,2025-03-30
403472,6150,62730,2,Expected better. Delivery was late and the box arrived damaged. I ended up buying a different brand.,2025-07-27
318305,2651,17611,5,Couldn't be happier. The interface is clean and intuitive. Will definitely buy again.,2025-03-27
922757,2619,87009,1,Terrible experience. The sizing/specs are way off from the listing. Returning it was its own ordeal. Save your money. Buyer beware.,2025-01-06
989512,2308,98688,1,The interface is clunky and slow. I ended up buying a different brand. Still waiting on a resolution. Buyer beware.,2025-03-11
80451,5982,23535,5,This is exactly what I was looking for. Battery life has been excellent so far. My whole team has switched over since.,2025-03-09
454424,9285,12566,3,"Decent, but not great. The build feels premium and sturdy. That said, Battery drains far faster than claimed.",2025-07-14
937795,4004,68371,5,Best purchase I've made in a while. Setup took under five minutes. Even the packaging was thoughtfully done. Worth every penny.,2025-09-04
574002,1442,41004,4,Impressed for the price. Customer service was fast and genuinely helpful. Support replied within the hour when I had a question. Would buy again.,2025-04-29
933875,4300,74510,5,Couldn't be happier. The quality is noticeable the moment you unbox it.,2025-04-08
633799,4435,92007,3,It's okay. Setup took under five minutes. But Several features simply don't work as described. Your mileage may vary.,2025-06-06
754231,1442,41131,4,"Works great. The build feels premium and sturdy. My whole team has switched over since. Slightly slow shipping, though that's not the product's fault.",2025-06-04
191772,9362,63882,5,Honestly blown away. Instructions were clear and easy to follow. Worth every penny.,2025-04-04
477304,4004,87648,5,"Five stars, no hesitation. Delivery arrived two days early, well packaged. The little details show real care.",2025-02-16
23823,1193,99446,4,Almost perfect. The price is more than fair for what you get. A second color option would be nice.,2025-03-17
758827,3910,79601,5,Exceeded every expectation. Performance is smooth even under heavy use. My whole team has switched over since.,2025-11-05
101950,3338,15671,5,"I rarely write reviews, but this earned one. The price is more than fair for what you get. Months in, it still works like day one. Highly recommend.",2025-02-10
6578,8454,46145,5,Couldn't be happier. The interface is clean and intuitive. Already recommended it to friends.,2025-01-29
560672,5354,54130,5,This is exactly what I was looking for. Performance is smooth even under heavy use. 10/10.,2025-04-27
422638,9676,41265,5,It integrates seamlessly with everything I already use. Already recommended it to friends.,2025-04-16
301087,9077,26926,5,Exceeded every expectation. Performance is smooth even under heavy use. Highly recommend.,2025-05-14
223959,3053,95973,5,Honestly blown away. It integrates seamlessly with everything I already use.,2025-05-15
538848,2365,35953,5,"Five stars, no hesitation. Customer service was fast and genuinely helpful. Months in, it still works like day one.",2025-03-02
673545,5777,39387,4,Impressed for the price. The build feels premium and sturdy. Support replied within the hour when I had a question. A second color option would be nice.,2025-12-17
749063,8509,29538,1,One star is generous. Delivery was late and the box arrived damaged. No response to two support emails. Still waiting on a resolution. Buyer beware.,2025-07-06
28918,6723,20860,5,"Honestly blown away. Instructions were clear and easy to follow. Months in, it still works like day one.",2025-05-30
592154,1588,39957,5,Couldn't be happier. Setup took under five minutes. Even the packaging was thoughtfully done. Highly recommend.,2025-03-14
911560,5869,51702,1,Extremely frustrated. Customer service took a week to respond. Do not recommend.,2025-03-19
683084,6958,66835,3,"Somewhere in the middle. It stopped working properly after a few days. On the plus side, Instructions were clear and easy to follow.",2025-05-05
347891,2296,93990,4,Almost perfect. Instructions were clear and easy to follow. Recommended.,2025-08-10
797753,4002,25102,4,Almost perfect. Setup took under five minutes. The little details show real care. Recommended.,2025-01-26
367846,4269,81917,4,Good experience from start to finish. Customer service was fast and genuinely helpful. Support replied within the hour when I had a question. Good value overall.,2025-05-26
408320,7128,50004,4,Really solid overall. It works exactly as described. Happy with the purchase.,2025-04-19
656682,4574,10442,5,Exceeded every expectation. Performance is smooth even under heavy use.,2025-02-20
886733,7440,63545,5,Exceeded every expectation. The price is more than fair for what you get. Support replied within the hour when I had a question.,2025-04-08
241576,3367,55437,4,Really solid overall. The quality is noticeable the moment you unbox it. Support replied within the hour when I had a question. Would buy again.,2025-11-04
663200,7001,97434,5,"This is exactly what I was looking for. The price is more than fair for what you get. Months in, it still works like day one. 10/10.",2025-08-01
725733,9321,39387,5,Couldn't be happier. It integrates seamlessly with everything I already use. Even the packaging was thoughtfully done. Worth every penny.,2025-11-06
592623,9044,85478,5,"Couldn't be happier. The interface is clean and intuitive. Months in, it still works like day one. Already recommended it to friends.",2025-05-16
517206,8260,60115,5,"Exceeded every expectation. Performance is smooth even under heavy use. Months in, it still works like day one. Highly recommend.",2025-11-30
4991,3037,30918,3,"The quality is noticeable the moment you unbox it. However, The interface is clunky and slow. Your mileage may vary.",2025-11-22
62177,2054,55325,5,The price is more than fair for what you get. The little details show real care. Already recommended it to friends.,2025-03-12
714614,4790,69875,5,Customer service was fast and genuinely helpful. Already recommended it to friends.,2025-04-03
721825,5682,82747,4,Customer service was fast and genuinely helpful. My whole team has switched over since. Only minor gripe is the packaging. Would buy again.,2025-11-05
900327,6829,99286,4,"Impressed for the price. Battery life has been excellent so far. Months in, it still works like day one. Happy with the purchase.",2025-02-19
181245,8614,51452,1,Extremely frustrated. It's overpriced for what you actually get. Buyer beware.,2025-02-11
105728,7001,67567,3,"Somewhere in the middle. It integrates seamlessly with everything I already use. On the other hand, Delivery was late and the box arrived damaged. Not bad, not great.",2025-02-25
753899,1291,93237,3,"It's okay. It works exactly as described. However, Setup was confusing and the docs didn't help. Your mileage may vary.",2025-03-09
552988,9705,78088,5,Honestly blown away. Performance is smooth even under heavy use. My whole team has switched over since.,2025-03-20
167631,7644,72561,1,Complete waste of money. Customer service took a week to respond. Photos online are nothing like the real thing. Never again.,2025-03-01
36701,8561,11935,3,"Fine for the price, I guess. It's overpriced for what you actually get. Still, The quality is noticeable the moment you unbox it. Might give it another try.",2025-05-18
449839,1858,86670,4,"The interface is clean and intuitive. Even the packaging was thoughtfully done. Wish the manual was clearer, but that's minor. Would buy again.",2025-05-31
499286,7570,22094,5,The price is more than fair for what you get. The little details show real care. Highly recommend.,2025-09-21
251995,9321,60455,5,Absolutely loved it! Customer service was fast and genuinely helpful. Will definitely buy again.,2025-04-27
907520,5384,19419,5,"Couldn't be happier. Delivery arrived two days early, well packaged. Highly recommend.",2025-04-07
300860,5703,89536,5,"Absolutely loved it! Setup took under five minutes. Months in, it still works like day one. Already recommended it to friends.",2025-04-01
465537,8350,72088,4,Very happy with this. It works exactly as described. Even the packaging was thoughtfully done. A second color option would be nice.,2025-01-26
498661,7350,70094,5,"Best purchase I've made in a while. It integrates seamlessly with everything I already use. Months in, it still works like day one. Worth every penny.",2025-06-14
484506,9321,94863,5,"I rarely write reviews, but this earned one. The interface is clean and intuitive. Support replied within the hour when I had a question.",2025-03-14
862038,9321,74442,5,"Five stars, no hesitation. Setup took under five minutes. Support replied within the hour when I had a question.",2025-02-03
461575,2519,42077,5,"Five stars, no hesitation. Instructions were clear and easy to follow. My whole team has switched over since.",2025-01-12
210133,6723,30472,1,Terrible experience. Delivery was late and the box arrived damaged. Photos online are nothing like the real thing. Reporting this to the marketplace. Buyer beware.,2025-05-10
349300,2296,10117,2,Wouldn't buy again. Setup was confusing and the docs didn't help. Expected more at this price.,2025-02-28
444317,8236,43441,5,Absolutely loved it! The quality is noticeable the moment you unbox it. Support replied within the hour when I had a question. Will definitely buy again.,2025-12-24
498527,6259,84502,5,"Best purchase I've made in a while. The interface is clean and intuitive. Months in, it still works like day one.",2025-09-03
955528,1716,61488,4,"The price is more than fair for what you get. Wish the manual was clearer, but that's minor. Would buy again.",2025-09-17
319758,3713,95275,5,Exceeded every expectation. It integrates seamlessly with everything I already use. My whole team has switched over since. Worth every penny.,2025-01-25
991681,6249,51452,5,Exceeded every expectation. The quality is noticeable the moment you unbox it. Support replied within the hour when I had a question. Highly recommend.,2025-02-03
761169,8140,73819,5,Exceeded every expectation. The quality is noticeable the moment you unbox it. The little details show real care.,2025-02-15
992208,9269,83441,4,"Impressed for the price. Delivery arrived two days early, well packaged. The little details show real care. Only minor gripe is the packaging.",2025-02-01
940105,5869,57113,5,This is exactly what I was looking for. Customer service was fast and genuinely helpful. My whole team has switched over since. Will definitely buy again.,2025-06-19
408024,3455,28975,4,Does what it promises. The price is more than fair for what you get. Would buy again.,2025-03-18
901754,2735,25286,5,This is exactly what I was looking for. Performance is smooth even under heavy use. Even the packaging was thoughtfully done. Highly recommend.,2025-05-08
201494,5346,57033,5,"Best purchase I've made in a while. The build feels premium and sturdy. Months in, it still works like day one.",2025-11-04
853485,6959,11635,2,Disappointing. It's overpriced for what you actually get. No response to two support emails.,2025-04-05
200863,6651,25460,5,The interface is clean and intuitive. Support replied within the hour when I had a question. Will definitely buy again.,2025-04-08
140952,5995,61405,5,Customer service was fast and genuinely helpful. My whole team has switched over since. 10/10.,2025-03-06
939059,3561,63427,4,Impressed for the price. It integrates seamlessly with everything I already use. My whole team has switched over since. Would buy again.,2025-03-26
42234,4734,55474,4,"The quality is noticeable the moment you unbox it. Slightly slow shipping, though that's not the product's fault. Would buy again.",2025-10-31
514819,5414,29678,5,The quality is noticeable the moment you unbox it. Worth every penny.,2025-03-03
52769,6150,58944,5,Honestly blown away. Setup took under five minutes. Even the packaging was thoughtfully done. 10/10.,2025-02-07
431863,1408,74423,5,"Five stars, no hesitation. Battery life has been excellent so far. The little details show real care. Highly recommend.",2025-02-15
526221,7632,21800,2,Wouldn't buy again. The sizing/specs are way off from the listing. Expected more at this price.,2025-04-20
87742,7440,46965,5,Instructions were clear and easy to follow. My whole team has switched over since. Already recommended it to friends.,2025-03-13
279340,8236,69325,5,Exceeded every expectation. It integrates seamlessly with everything I already use. Will definitely buy again.,2025-10-11
923514,5869,88068,4,"Very happy with this. The quality is noticeable the moment you unbox it. Wish the manual was clearer, but that's minor.",2025-01-13
557705,6128,33311,5,"Exceeded every expectation. Delivery arrived two days early, well packaged. Will definitely buy again.",2025-03-13
267917,4729,41767,4,"Works great. Delivery arrived two days early, well packaged. Support replied within the hour when I had a question. Would buy again.",2025-12-19
956817,5777,62983,5,Couldn't be happier. It works exactly as described. The little details show real care. Worth every penny.,2025-03-17
693969,4574,14009,5,This is exactly what I was looking for. Performance is smooth even under heavy use. My whole team has switched over since.,2025-10-08
101719,5682,85928,4,Almost perfect. The build feels premium and sturdy. Good value overall.,2025-04-18
56403,1408,99446,2,"Below average, sadly. The quality feels much cheaper than advertised.",2025-03-21
255630,5414,53966,5,Absolutely loved it! The build feels premium and sturdy.,2025-05-15
162383,9444,92078,5,Exceeded every expectation. Battery life has been excellent so far. The little details show real care. 10/10.,2025-12-25
539421,9269,56278,5,Honestly blown away. The quality is noticeable the moment you unbox it. My whole team has switched over since.,2025-11-15
349604,5860,27867,5,"Five stars, no hesitation. Delivery arrived two days early, well packaged. Months in, it still works like day one.",2025-02-20
575661,4613,22748,5,Absolutely loved it! It integrates seamlessly with everything I already use.,2025-02-28
256335,5070,83590,4,"Delivery arrived two days early, well packaged. Months in, it still works like day one. Slightly slow shipping, though that's not the product's fault. Would buy again.",2025-03-23
680636,3852,41130,4,Impressed for the price. It integrates seamlessly with everything I already use. Even the packaging was thoughtfully done. Recommended.,2025-02-18
282987,8842,34465,4,"Really solid overall. The interface is clean and intuitive. Months in, it still works like day one. Docking one star for the setup process.",2025-05-22
148521,5995,95646,4,Almost perfect. Battery life has been excellent so far. My whole team has switched over since. Would buy again.,2025-02-22
918722,7128,89452,3,"Fine for the price, I guess. The interface is clunky and slow. On the plus side, It works exactly as described.",2025-02-11
974210,9077,39098,5,"Five stars, no hesitation. Instructions were clear and easy to follow. Months in, it still works like day one.",2025-04-25
504628,9443,65360,5,It works exactly as described. Support replied within the hour when I had a question. Worth every penny.,2025-03-30
591052,6686,85451,5,Setup took under five minutes. The little details show real care. Worth every penny.,2025-03-27
659864,1118,77632,5,It integrates seamlessly with everything I already use. Already recommended it to friends.,2025-02-20
193488,2365,24515,5,Best purchase I've made in a while. The build feels premium and sturdy.,2025-09-21
999652,8964,14753,5,Absolutely loved it! It works exactly as described. Highly recommend.,2025-05-11
63364,5995,65661,1,Customer service took a week to respond. Returning it was its own ordeal. Save your money. Buyer beware.,2025-02-08
888009,1319,52857,1,Battery drains far faster than claimed. No response to two support emails. I've asked for a refund. Buyer beware.,2025-09-18
994697,5995,97884,5,Honestly blown away. Performance is smooth even under heavy use. Worth every penny.,2025-09-09
282847,1249,59226,1,It's overpriced for what you actually get. Returning it was its own ordeal. I've asked for a refund. Never again.,2025-06-09
319808,4050,59069,5,The interface is clean and intuitive. Already recommended it to friends.,2025-09-16
401770,5634,72862,4,Works great. Setup took under five minutes. Good value overall.,2025-01-19
594228,5989,87707,5,"Five stars, no hesitation. The build feels premium and sturdy. Months in, it still works like day one. 10/10.",2025-06-08
578693,5345,94213,2,Not impressed. The quality feels much cheaper than advertised.,2025-07-01
660708,6757,31607,5,Exceeded every expectation. It works exactly as described. The little details show real care. Highly recommend.,2025-05-12
752503,4961,71656,5,"I rarely write reviews, but this earned one. Delivery arrived two days early, well packaged. The little details show real care. 10/10.",2025-11-24
490023,5311,56868,5,"I rarely write reviews, but this earned one. Delivery arrived two days early, well packaged. Already recommended it to friends.",2025-06-29
567570,4925,23192,5,Exceeded every expectation. The build feels premium and sturdy.,2025-01-29
91102,8203,42636,3,"Delivery arrived two days early, well packaged. That said, It stopped working properly after a few days. There are probably better options.",2025-07-04
594470,1317,33564,5,Couldn't be happier. The price is more than fair for what you get. Support replied within the hour when I had a question.,2025-02-15
111388,6214,55826,5,Couldn't be happier. It works exactly as described. The little details show real care. Already recommended it to friends.,2025-06-09
982458,4961,19568,5,Customer service was fast and genuinely helpful. The little details show real care. Will definitely buy again.,2025-02-19
564621,9443,49929,5,The quality is noticeable the moment you unbox it. The little details show real care. Will definitely buy again.,2025-04-01
427774,7644,91793,3,"Fine for the price, I guess. Battery drains far faster than claimed. To be fair, The build feels premium and sturdy.",2025-02-14
180865,6829,89554,5,This is exactly what I was looking for. It works exactly as described. My whole team has switched over since. Already recommended it to friends.,2025-02-01
926081,8664,29678,5,"Five stars, no hesitation. Battery life has been excellent so far. Even the packaging was thoughtfully done. Worth every penny.",2025-02-23
297191,1408,98584,4,"Very happy with this. The interface is clean and intuitive. Slightly slow shipping, though that's not the product's fault.",2025-01-29
378628,7187,81395,5,Best purchase I've made in a while. Battery life has been excellent so far. Even the packaging was thoughtfully done.,2025-03-21
511580,4443,34767,5,The build feels premium and sturdy. Even the packaging was thoughtfully done. Already recommended it to friends.,2025-05-25
978043,1043,80819,1,Setup was confusing and the docs didn't help. I ended up buying a different brand. I've asked for a refund. Buyer beware.,2025-02-17
989769,8205,19741,5,Couldn't be happier. Customer service was fast and genuinely helpful.,2025-12-11
664962,5345,63302,5,It integrates seamlessly with everything I already use. Even the packaging was thoughtfully done. Will definitely buy again.,2025-03-04
964775,8941,60115,4,"Works great. The quality is noticeable the moment you unbox it. Months in, it still works like day one. Slightly slow shipping, though that's not the product's fault.",2025-11-23
537899,2859,14873,5,"Five stars, no hesitation. Delivery arrived two days early, well packaged. Already recommended it to friends.",2025-01-30
504121,9821,83769,3,"The quality is noticeable the moment you unbox it. On the other hand, Battery drains far faster than claimed. Not bad, not great.",2025-03-19
121763,8881,92644,5,Absolutely loved it! Performance is smooth even under heavy use. The little details show real care.,2025-01-27
750173,9077,86640,1,One star is generous. It's overpriced for what you actually get. The replacement had the same problem. Do not recommend.,2025-05-06
684555,8432,84869,5,"Instructions were clear and easy to follow. Months in, it still works like day one. Will definitely buy again.",2025-03-18
285793,8839,68068,1,One star is generous. Setup was confusing and the docs didn't help. The replacement had the same problem. Still waiting on a resolution. Do not recommend.,2025-05-03
395587,7838,47711,3,"Decent, but not great. The build feels premium and sturdy. That said, Battery drains far faster than claimed. Your mileage may vary.",2025-12-06
952042,9309,36289,4,"Does what it promises. The quality is noticeable the moment you unbox it. Months in, it still works like day one. Only minor gripe is the packaging.",2025-04-08
276981,8550,51849,5,"Couldn't be happier. Instructions were clear and easy to follow. Months in, it still works like day one.",2025-05-17
821770,9443,15473,5,Honestly blown away. The build feels premium and sturdy. 10/10.,2025-03-07
696351,4269,73659,5,Battery life has been excellent so far. Highly recommend.,2025-04-22
235653,5275,69963,5,Absolutely loved it! Customer service was fast and genuinely helpful. The little details show real care.,2025-12-23
836458,7693,12693,5,Customer service was fast and genuinely helpful. The little details show real care. Will definitely buy again.,2025-05-26
394727,5463,10786,4,"Works great. Customer service was fast and genuinely helpful. Months in, it still works like day one. Only minor gripe is the packaging.",2025-02-17
702080,9476,94018,4,Impressed for the price. It works exactly as described. Only minor gripe is the packaging.,2025-06-06
582521,9705,25688,5,Exceeded every expectation. Performance is smooth even under heavy use. My whole team has switched over since.,2025-04-07
474872,9133,81572,5,"Honestly blown away. Delivery arrived two days early, well packaged. Highly recommend.",2025-06-01
155278,1655,63781,5,Best purchase I've made in a while. Battery life has been excellent so far. Will definitely buy again.,2025-02-14
349633,6434,87474,3,"Fine for the price, I guess. Delivery arrived two days early, well packaged. On the other hand, Battery drains far faster than claimed.",2025-12-17
673852,6259,95641,5,"Five stars, no hesitation. Setup took under five minutes. The little details show real care.",2025-01-28
689488,1043,24696,4,"Good experience from start to finish. The build feels premium and sturdy. The little details show real care. Slightly slow shipping, though that's not the product's fault.",2025-12-23
793760,7509,96543,5,Couldn't be happier. It integrates seamlessly with everything I already use. The little details show real care. Will definitely buy again.,2025-04-30
210972,4571,33147,5,Best purchase I've made in a while. It integrates seamlessly with everything I already use. Even the packaging was thoughtfully done.,2025-08-28
38344,7128,40500,1,Avoid this. The interface is clunky and slow. The replacement had the same problem. I've asked for a refund. Do not recommend.,2025-04-18
944950,8681,60458,5,"Five stars, no hesitation. The price is more than fair for what you get. Even the packaging was thoughtfully done.",2025-01-23
107905,6150,97687,5,"I rarely write reviews, but this earned one. Customer service was fast and genuinely helpful. Months in, it still works like day one. 10/10.",2025-03-13
923018,5682,24160,1,Complete waste of money. The interface is clunky and slow. No response to two support emails. Do not recommend.,2025-08-11
547333,3561,54384,5,This is exactly what I was looking for. The price is more than fair for what you get. Support replied within the hour when I had a question. Worth every penny.,2025-02-08
227403,3709,59140,2,Disappointing. Customer service took a week to respond. Returning it was its own ordeal. Expected more at this price.,2025-04-12
149810,7693,52661,5,"I rarely write reviews, but this earned one. The quality is noticeable the moment you unbox it.",2025-02-22
526155,9077,91510,5,Couldn't be happier. It works exactly as described.,2025-04-28
763797,1858,95920,4,Almost perfect. The interface is clean and intuitive. The little details show real care. Good value overall.,2025-10-15
973748,1004,67007,3,"It's okay. Delivery was late and the box arrived damaged. Still, It works exactly as described.",2025-02-13
61833,1939,40800,5,This is exactly what I was looking for. The price is more than fair for what you get.,2025-03-05
507291,3642,21840,5,"Absolutely loved it! It integrates seamlessly with everything I already use. Months in, it still works like day one. Worth every penny.",2025-07-22
640271,1115,60181,4,Works great. It integrates seamlessly with everything I already use. Recommended.,2025-01-28
397993,8583,10786,5,Honestly blown away. Performance is smooth even under heavy use. Even the packaging was thoughtfully done.,2025-02-04
914892,7279,22154,5,Couldn't be happier. Performance is smooth even under heavy use.,2025-03-02
242587,7001,83394,4,"Almost perfect. Customer service was fast and genuinely helpful. Months in, it still works like day one. A second color option would be nice.",2025-02-07
693274,3053,22120,3,"It's overpriced for what you actually get. To be fair, Customer service was fast and genuinely helpful. There are probably better options.",2025-07-06
453652,2394,49845,5,The price is more than fair for what you get. My whole team has switched over since. Worth every penny.,2025-05-06
997159,1539,38683,5,Best purchase I've made in a while. Customer service was fast and genuinely helpful. Highly recommend.,2025-08-17
886609,1291,27341,5,This is exactly what I was looking for. The quality is noticeable the moment you unbox it. Even the packaging was thoughtfully done.,2025-02-10
940941,2027,73867,5,"Best purchase I've made in a while. Performance is smooth even under heavy use. Months in, it still works like day one. 10/10.",2025-04-28
310374,2792,91211,5,Absolutely loved it! The build feels premium and sturdy. 10/10.,2025-03-07
43171,8664,84853,5,Couldn't be happier. The price is more than fair for what you get.,2025-05-08
963155,3795,70041,4,Very happy with this. Performance is smooth even under heavy use. Docking one star for the setup process.,2025-11-12
334848,1858,63612,5,"Honestly blown away. Delivery arrived two days early, well packaged.",2025-04-06
577475,1786,14391,5,This is exactly what I was looking for. Customer service was fast and genuinely helpful. My whole team has switched over since. Already recommended it to friends.,2025-08-17
808307,9799,37948,5,Exceeded every expectation. The price is more than fair for what you get. Worth every penny.,2025-02-28
924291,5209,61179,5,Absolutely loved it! It integrates seamlessly with everything I already use. Already recommended it to friends.,2025-12-17
242667,5415,58138,4,Almost perfect. Customer service was fast and genuinely helpful. Recommended.,2025-01-20
313733,2226,65725,4,"The quality is noticeable the moment you unbox it. Months in, it still works like day one. Wish the manual was clearer, but that's minor. Good value overall.",2025-05-18
38184,1234,59422,5,It works exactly as described. Even the packaging was thoughtfully done. Already recommended it to friends.,2025-05-21
706226,3910,74533,4,Works great. The interface is clean and intuitive. A second color option would be nice.,2025-03-22
632992,3403,82872,1,Avoid this. The interface is clunky and slow. Returning it was its own ordeal. Save your money. Never again.,2025-03-17
977149,2358,34262,4,Setup took under five minutes. Docking one star for the setup process. Happy with the purchase.,2025-02-13
78173,6359,91079,5,"Five stars, no hesitation. The price is more than fair for what you get. My whole team has switched over since.",2025-02-19
883115,1509,44985,1,Terrible experience. It's overpriced for what you actually get. Returning it was its own ordeal. Buyer beware.,2025-02-05
235724,3403,46004,5,Honestly blown away. The interface is clean and intuitive.,2025-06-06
82836,6032,37743,4,The build feels premium and sturdy. My whole team has switched over since. A second color option would be nice. Recommended.,2025-04-02
597825,6420,20513,5,Customer service was fast and genuinely helpful. Support replied within the hour when I had a question. Highly recommend.,2025-04-03
683608,6757,20307,5,Best purchase I've made in a while. The interface is clean and intuitive. Even the packaging was thoughtfully done. Already recommended it to friends.,2025-05-20
825058,6032,91822,5,It works exactly as described. Will definitely buy again.,2025-05-20
3455,1588,61405,5,"I rarely write reviews, but this earned one. The build feels premium and sturdy. Even the packaging was thoughtfully done.",2025-03-02
857437,8203,77507,4,"It works exactly as described. Slightly slow shipping, though that's not the product's fault. Would buy again.",2025-04-10
9487,6434,72314,5,"Couldn't be happier. It integrates seamlessly with everything I already use. Months in, it still works like day one. Already recommended it to friends.",2025-12-25
830666,8964,34083,5,Honestly blown away. Battery life has been excellent so far. Will definitely buy again.,2025-08-11
583067,4002,27440,4,Works great. Customer service was fast and genuinely helpful. Good value overall.,2025-04-29
870627,7693,48566,4,"Almost perfect. Instructions were clear and easy to follow. The little details show real care. Wish the manual was clearer, but that's minor.",2025-02-19
141366,1043,44354,5,Exceeded every expectation. The build feels premium and sturdy. Highly recommend.,2025-06-19
650854,1004,59979,3,"Fine for the price, I guess. The interface is clunky and slow. Still, The build feels premium and sturdy.",2025-02-20
293691,4852,95479,4,"Does what it promises. It works exactly as described. Even the packaging was thoughtfully done. Wish the manual was clearer, but that's minor.",2025-05-06
435088,5869,58673,5,"Five stars, no hesitation. The interface is clean and intuitive.",2025-04-11
771631,4831,23192,5,Battery life has been excellent so far. Support replied within the hour when I had a question. Highly recommend.,2025-02-15
17815,9676,86365,5,Best purchase I've made in a while. Setup took under five minutes. Even the packaging was thoughtfully done.,2025-05-14
959890,6423,78866,4,Very happy with this. It works exactly as described. Good value overall.,2025-04-08
771708,3642,63909,2,Setup was confusing and the docs didn't help. Returning it was its own ordeal. Look elsewhere first.,2025-08-13
702687,8985,80190,5,Absolutely loved it! The quality is noticeable the moment you unbox it. Will definitely buy again.,2025-03-10
236141,8350,25934,5,Honestly blown away. Performance is smooth even under heavy use. My whole team has switched over since.,2025-04-14
851364,4053,21103,5,The quality is noticeable the moment you unbox it. My whole team has switched over since. Already recommended it to friends.,2025-12-25
523871,9799,77448,5,"Five stars, no hesitation. It integrates seamlessly with everything I already use. Will definitely buy again.",2025-02-24
188603,8306,60242,5,Setup took under five minutes. The little details show real care. Already recommended it to friends.,2025-05-29
450215,6150,69963,5,Honestly blown away. The build feels premium and sturdy. The little details show real care.,2025-11-16
126353,2358,99383,4,"Very happy with this. Instructions were clear and easy to follow. Slightly slow shipping, though that's not the product's fault.",2025-04-22
884620,8260,91745,5,"Delivery arrived two days early, well packaged. Worth every penny.",2025-06-15
408745,6128,93999,5,Couldn't be happier. The price is more than fair for what you get. The little details show real care. Highly recommend.,2025-07-17
745207,5995,51835,4,"Instructions were clear and easy to follow. Slightly slow shipping, though that's not the product's fault. Would buy again.",2025-07-19
923490,9099,40401,5,Absolutely loved it! It works exactly as described.,2025-02-17
150643,8614,40473,5,Couldn't be happier. Performance is smooth even under heavy use. My whole team has switched over since. Will definitely buy again.,2025-01-26
185424,9963,21155,5,"Exceeded every expectation. Delivery arrived two days early, well packaged. Even the packaging was thoughtfully done. Highly recommend.",2025-02-05
520544,7643,96086,5,"Five stars, no hesitation. The quality is noticeable the moment you unbox it. Months in, it still works like day one.",2025-04-07
128791,1883,48481,5,Couldn't be happier. The build feels premium and sturdy. Worth every penny.,2025-04-11
755047,4919,17596,5,"Five stars, no hesitation. Performance is smooth even under heavy use.",2025-02-16
167612,4234,22748,1,Setup was confusing and the docs didn't help. I ended up buying a different brand. I've asked for a refund. Buyer beware.,2025-02-15
349732,9292,92366,5,Couldn't be happier. The quality is noticeable the moment you unbox it. My whole team has switched over since.,2025-01-26
471880,1645,17097,5,Absolutely loved it! The price is more than fair for what you get. Even the packaging was thoughtfully done. Worth every penny.,2025-01-26
998361,4218,49133,5,"Five stars, no hesitation. It integrates seamlessly with everything I already use.",2025-02-14
301060,2712,74651,5,This is exactly what I was looking for. Instructions were clear and easy to follow.,2025-02-09
161737,8964,65567,4,"It works exactly as described. Slightly slow shipping, though that's not the product's fault. Good value overall.",2025-08-27
108344,5718,90734,5,"Exceeded every expectation. The build feels premium and sturdy. Months in, it still works like day one. 10/10.",2025-01-14
969081,2697,36561,4,Very happy with this. Setup took under five minutes. Would buy again.,2025-02-07
536865,5777,91399,4,Does what it promises. It integrates seamlessly with everything I already use. My whole team has switched over since. A second color option would be nice.,2025-02-15
241368,9292,64009,1,Terrible experience. Several features simply don't work as described. Never again.,2025-03-26
716390,1588,19877,1,The sizing/specs are way off from the listing. Returning it was its own ordeal. Still waiting on a resolution. Buyer beware.,2025-04-06
226217,3053,72340,4,"Impressed for the price. Instructions were clear and easy to follow. Months in, it still works like day one. Good value overall.",2025-01-18
475339,5239,95394,4,Impressed for the price. Instructions were clear and easy to follow. Support replied within the hour when I had a question. Would buy again.,2025-03-22
272891,6282,87562,4,Really solid overall. The build feels premium and sturdy. The little details show real care. Would buy again.,2025-03-16
660923,2358,95624,5,"I rarely write reviews, but this earned one. The build feels premium and sturdy.",2025-05-14
101290,1509,59422,2,Expected better. Several features simply don't work as described.,2025-06-14
191855,3150,41767,5,Exceeded every expectation. The price is more than fair for what you get.,2025-12-06
874281,1883,12886,5,Couldn't be happier. The interface is clean and intuitive. Support replied within the hour when I had a question. Already recommended it to friends.,2025-02-25
846124,2027,60145,5,The price is more than fair for what you get. Already recommended it to friends.,2025-04-14
672060,6032,31076,4,Very happy with this. Performance is smooth even under heavy use. Docking one star for the setup process.,2025-10-31
477153,1645,68737,4,Really solid overall. It works exactly as described. Even the packaging was thoughtfully done. Recommended.,2025-04-10
333291,5801,85007,5,"Honestly blown away. The quality is noticeable the moment you unbox it. Months in, it still works like day one. Highly recommend.",2025-01-28
71352,9321,29964,5,Setup took under five minutes. Support replied within the hour when I had a question. 10/10.,2025-02-07
790695,3561,15639,4,Really solid overall. Performance is smooth even under heavy use. Only minor gripe is the packaging.,2025-04-05
30381,9581,86396,5,"Five stars, no hesitation. The price is more than fair for what you get. Support replied within the hour when I had a question.",2025-06-03
459829,9685,37045,4,Works great. Customer service was fast and genuinely helpful. Support replied within the hour when I had a question. Docking one star for the setup process.,2025-02-06
128385,8540,27446,3,"Several features simply don't work as described. Still, Delivery arrived two days early, well packaged. Might give it another try.",2025-04-02
493689,1655,70259,1,Avoid this. The interface is clunky and slow. Returning it was its own ordeal. Save your money. Never again.,2025-02-01
535975,1115,37149,5,Absolutely loved it! The interface is clean and intuitive. Worth every penny.,2025-05-19
7577,8655,94264,5,"I rarely write reviews, but this earned one. Delivery arrived two days early, well packaged. Even the packaging was thoughtfully done. 10/10.",2025-04-29
553150,5275,35852,5,The build feels premium and sturdy. My whole team has switched over since. Highly recommend.,2025-03-12
494017,6214,24422,5,Exceeded every expectation. Setup took under five minutes. Support replied within the hour when I had a question. Worth every penny.,2025-04-03
838975,2651,14868,3,"Decent, but not great. The interface is clunky and slow. Still, The quality is noticeable the moment you unbox it. There are probably better options.",2025-07-04
753859,5157,18734,4,Almost perfect. Battery life has been excellent so far. My whole team has switched over since. Good value overall.,2025-09-07
542343,3572,13785,3,"Decent, but not great. It stopped working properly after a few days. To be fair, Delivery arrived two days early, well packaged.",2025-08-20
726008,4218,65476,1,The sizing/specs are way off from the listing. No response to two support emails. Still waiting on a resolution. Never again.,2025-05-24
202612,7570,77632,4,"Almost perfect. It integrates seamlessly with everything I already use. Wish the manual was clearer, but that's minor.",2025-02-08
963132,3061,36371,5,"Five stars, no hesitation. Customer service was fast and genuinely helpful. Support replied within the hour when I had a question. 10/10.",2025-10-16
570703,7140,48481,5,"Honestly blown away. The interface is clean and intuitive. Months in, it still works like day one.",2025-05-05
338654,1539,47113,5,"The build feels premium and sturdy. Months in, it still works like day one. Will definitely buy again.",2025-03-08
49871,3814,18417,3,"Battery drains far faster than claimed. On the plus side, Delivery arrived two days early, well packaged. There are probably better options.",2025-06-09
405880,5157,77235,5,"It integrates seamlessly with everything I already use. Months in, it still works like day one. Worth every penny.",2025-02-23
40744,8881,27135,5,"This is exactly what I was looking for. The interface is clean and intuitive. Months in, it still works like day one. Worth every penny.",2025-04-14
419743,3398,77912,5,"I rarely write reviews, but this earned one. Battery life has been excellent so far. Even the packaging was thoughtfully done. Already recommended it to friends.",2025-02-13
57873,9044,68136,5,Couldn't be happier. It integrates seamlessly with everything I already use.,2025-11-03
690082,5200,53818,5,"Exceeded every expectation. Delivery arrived two days early, well packaged. Months in, it still works like day one. Already recommended it to friends.",2025-04-24
879884,2792,20453,5,Setup took under five minutes. The little details show real care. 10/10.,2025-02-22
376213,1004,91348,5,Honestly blown away. It integrates seamlessly with everything I already use. Even the packaging was thoughtfully done. Highly recommend.,2025-04-25
173164,9984,25918,4,Almost perfect. The interface is clean and intuitive. The little details show real care. Good value overall.,2025-04-16
200081,3852,13504,5,Couldn't be happier. Instructions were clear and easy to follow. The little details show real care. Will definitely buy again.,2025-02-04
944829,5311,88088,5,"Five stars, no hesitation. Performance is smooth even under heavy use. Months in, it still works like day one.",2025-04-03
769865,1440,98142,5,"Five stars, no hesitation. Customer service was fast and genuinely helpful. 10/10.",2025-01-12
205680,9004,58138,2,Expected better. It stopped working properly after a few days. The replacement had the same problem.,2025-02-13
463016,5619,17067,2,"Below average, sadly. Several features simply don't work as described. Hard to recommend.",2025-04-30
196224,9676,45419,5,Honestly blown away. The price is more than fair for what you get. Even the packaging was thoughtfully done. Worth every penny.,2025-01-27
614418,1896,37888,1,Complete waste of money. Customer service took a week to respond. Photos online are nothing like the real thing. Do not recommend.,2025-08-13
408641,1786,71019,3,"It's okay. Delivery was late and the box arrived damaged. On the plus side, It integrates seamlessly with everything I already use.",2025-09-14
464592,4868,10536,5,"Honestly blown away. The price is more than fair for what you get. Months in, it still works like day one. Will definitely buy again.",2025-01-29
658773,2621,95160,4,Good experience from start to finish. It works exactly as described. Even the packaging was thoughtfully done. Would buy again.,2025-02-07
637188,2619,91870,5,Exceeded every expectation. The price is more than fair for what you get. Highly recommend.,2025-08-21
229262,8900,84502,5,"Best purchase I've made in a while. The interface is clean and intuitive. Months in, it still works like day one.",2025-09-01
152076,3367,36077,5,Exceeded every expectation. The price is more than fair for what you get. Support replied within the hour when I had a question.,2025-05-28
833104,8702,96206,4,"Delivery arrived two days early, well packaged. Months in, it still works like day one. Docking one star for the setup process. Recommended.",2025-02-27
832175,2027,61693,5,The interface is clean and intuitive. My whole team has switched over since. 10/10.,2025-04-14
5725,9292,59183,5,Honestly blown away. The price is more than fair for what you get. Support replied within the hour when I had a question.,2025-04-04
575029,8509,39957,5,Best purchase I've made in a while. It integrates seamlessly with everything I already use. Will definitely buy again.,2025-03-22
185907,8964,15671,5,Best purchase I've made in a while. The build feels premium and sturdy. The little details show real care.,2025-02-24
376506,1896,86640,3,"It's okay. Delivery arrived two days early, well packaged. On the other hand, Delivery was late and the box arrived damaged.",2025-04-28
806925,9343,67648,1,Avoid this. Delivery was late and the box arrived damaged. Returning it was its own ordeal. Reporting this to the marketplace. Never again.,2025-08-06
804538,5264,97459,5,Best purchase I've made in a while. The price is more than fair for what you get. My whole team has switched over since.,2025-04-21
714005,6048,38204,5,Exceeded every expectation. The interface is clean and intuitive.,2025-03-28
26852,9077,27021,1,Setup was confusing and the docs didn't help. No response to two support emails. I've asked for a refund. Never again.,2025-05-06
445186,6249,93155,5,Couldn't be happier. Setup took under five minutes. Already recommended it to friends.,2025-06-03
422998,3119,98584,4,"Delivery arrived two days early, well packaged. Slightly slow shipping, though that's not the product's fault. Recommended.",2025-01-04
41785,7187,91399,3,"Decent, but not great. The sizing/specs are way off from the listing. Still, The build feels premium and sturdy.",2025-01-19
729238,8681,81866,5,"Couldn't be happier. Setup took under five minutes. Months in, it still works like day one.",2025-10-29
130588,4527,47936,5,Honestly blown away. The price is more than fair for what you get. My whole team has switched over since.,2025-06-09
962722,7838,91378,5,It integrates seamlessly with everything I already use. The little details show real care. Worth every penny.,2025-05-07
743807,9321,40109,5,Best purchase I've made in a while. The build feels premium and sturdy. Highly recommend.,2025-04-03
756359,1655,56004,4,"Good experience from start to finish. The quality is noticeable the moment you unbox it. The little details show real care. Wish the manual was clearer, but that's minor.",2025-02-19
964306,9685,98584,5,This is exactly what I was looking for. The price is more than fair for what you get. Worth every penny.,2025-02-14
574801,1716,14654,4,The price is more than fair for what you get. A second color option would be nice. Would buy again.,2025-03-19
381523,6512,53407,2,Wouldn't buy again. The quality feels much cheaper than advertised. No response to two support emails. Hard to recommend.,2025-03-05
908694,8060,17033,5,Absolutely loved it! Battery life has been excellent so far.,2025-02-11
738686,2050,59422,5,"Five stars, no hesitation. Delivery arrived two days early, well packaged. The little details show real care. Highly recommend.",2025-05-08
772554,2365,71819,3,"Decent, but not great. The interface is clean and intuitive. That said, Setup was confusing and the docs didn't help.",2025-07-07
655575,6345,22094,4,Almost perfect. Performance is smooth even under heavy use. The little details show real care. Recommended.,2025-10-16
349479,9763,83404,5,Exceeded every expectation. It works exactly as described. The little details show real care.,2025-02-21
355201,6438,23747,5,This is exactly what I was looking for. Customer service was fast and genuinely helpful. 10/10.,2025-03-17
407608,8205,73093,5,"I rarely write reviews, but this earned one. The quality is noticeable the moment you unbox it. The little details show real care. Worth every penny.",2025-04-04
521443,1043,27609,4,Really solid overall. The build feels premium and sturdy. A second color option would be nice.,2025-02-25
279339,9518,16568,3,"Mixed feelings on this one. Battery life has been excellent so far. That said, Battery drains far faster than claimed.",2025-02-27
939972,4435,74555,3,"Somewhere in the middle. Delivery arrived two days early, well packaged. That said, It stopped working properly after a few days. Your mileage may vary.",2025-01-22
306594,9292,17456,5,Setup took under five minutes. Even the packaging was thoughtfully done. Highly recommend.,2025-01-17
920700,1249,12825,5,"Five stars, no hesitation. The price is more than fair for what you get. Already recommended it to friends.",2025-01-11
855504,5535,12573,5,It integrates seamlessly with everything I already use. Will definitely buy again.,2025-10-16
392547,6345,43330,5,Best purchase I've made in a while. The interface is clean and intuitive.,2025-04-04
698324,1193,19877,5,The interface is clean and intuitive. My whole team has switched over since. Highly recommend.,2025-04-12
245080,6651,93646,5,Best purchase I've made in a while. The quality is noticeable the moment you unbox it. Even the packaging was thoughtfully done. Worth every penny.,2025-09-06
908280,6686,31880,3,"The quality feels much cheaper than advertised. To be fair, Instructions were clear and easy to follow. Your mileage may vary.",2025-02-10
827331,9292,83590,2,Not impressed. It's overpriced for what you actually get. Hard to recommend.,2025-02-13
343885,4303,34989,5,Best purchase I've made in a while. It works exactly as described. Support replied within the hour when I had a question. Highly recommend.,2025-07-30
453885,4269,35314,1,It stopped working properly after a few days. The replacement had the same problem. Reporting this to the marketplace. Never again.,2025-04-20
547902,4443,60968,4,Setup took under five minutes. Even the packaging was thoughtfully done. A second color option would be nice. Happy with the purchase.,2025-02-02
230881,5619,60401,5,This is exactly what I was looking for. Instructions were clear and easy to follow. The little details show real care.,2025-01-23
773031,1358,82341,5,"I rarely write reviews, but this earned one. Customer service was fast and genuinely helpful. Support replied within the hour when I had a question.",2025-02-11
710893,5982,95684,5,Couldn't be happier. Battery life has been excellent so far.,2025-04-23
472832,6686,80190,5,Absolutely loved it! It works exactly as described. Support replied within the hour when I had a question.,2025-03-21
872266,5346,78831,5,Honestly blown away. The quality is noticeable the moment you unbox it. My whole team has switched over since. Already recommended it to friends.,2025-06-22
156758,6664,56179,3,"It's okay. The interface is clunky and slow. To be fair, It works exactly as described. Not bad, not great.",2025-10-01
526273,5797,44021,5,This is exactly what I was looking for. Battery life has been excellent so far.,2025-05-11
887057,4919,60145,5,Couldn't be happier. Instructions were clear and easy to follow. 10/10.,2025-03-05
716758,5998,12433,5,This is exactly what I was looking for. The quality is noticeable the moment you unbox it. The little details show real care.,2025-06-06
989570,3709,22773,5,"Five stars, no hesitation. Performance is smooth even under heavy use.",2025-06-16
684331,2365,51093,5,The interface is clean and intuitive. My whole team has switched over since. 10/10.,2025-02-09
970648,5801,50943,5,"I rarely write reviews, but this earned one. Instructions were clear and easy to follow. My whole team has switched over since.",2025-02-08
897745,5346,90022,5,"I rarely write reviews, but this earned one. It works exactly as described.",2025-01-18
48620,6188,27687,1,One star is generous. It's overpriced for what you actually get. The replacement had the same problem. I've asked for a refund. Never again.,2025-03-07
584061,7809,42444,4,Really solid overall. The build feels premium and sturdy. Happy with the purchase.,2025-03-17
283286,6420,30259,5,"Absolutely loved it! Customer service was fast and genuinely helpful. Months in, it still works like day one.",2025-03-08
473807,5346,11072,5,Absolutely loved it! Performance is smooth even under heavy use. My whole team has switched over since.,2025-06-17
102785,8704,47256,4,Does what it promises. The interface is clean and intuitive. Support replied within the hour when I had a question. Recommended.,2025-04-06
166563,3338,64009,4,"Impressed for the price. Delivery arrived two days early, well packaged. Support replied within the hour when I had a question. Wish the manual was clearer, but that's minor.",2025-03-15
94905,5777,64972,5,"I rarely write reviews, but this earned one. Instructions were clear and easy to follow. Worth every penny.",2025-06-22
436599,4158,45668,5,This is exactly what I was looking for. It works exactly as described. My whole team has switched over since. Worth every penny.,2025-02-10
208500,9270,29894,5,Instructions were clear and easy to follow. Already recommended it to friends.,2025-03-17
428856,4872,31559,1,Complete waste of money. Setup was confusing and the docs didn't help. I ended up buying a different brand. Still waiting on a resolution. Never again.,2025-01-17
676107,6653,23493,4,Very happy with this. The interface is clean and intuitive. Happy with the purchase.,2025-02-11
569451,6829,63427,5,Honestly blown away. It integrates seamlessly with everything I already use. My whole team has switched over since. 10/10.,2025-03-22
433407,6249,50375,5,"I rarely write reviews, but this earned one. Delivery arrived two days early, well packaged. Even the packaging was thoughtfully done.",2025-07-25
691274,1786,14355,5,Best purchase I've made in a while. Setup took under five minutes.,2025-05-06
153622,8681,19337,5,"I rarely write reviews, but this earned one. Instructions were clear and easy to follow. Support replied within the hour when I had a question.",2025-03-12
297566,5232,25589,5,Setup took under five minutes. Support replied within the hour when I had a question. Already recommended it to friends.,2025-06-14
469036,4734,60670,2,Setup was confusing and the docs didn't help. Look elsewhere first.,2025-02-27
360583,7622,20771,4,It integrates seamlessly with everything I already use. The little details show real care. Only minor gripe is the packaging. Would buy again.,2025-05-17
982073,2519,73093,1,Complete waste of money. It's overpriced for what you actually get. Returning it was its own ordeal. Do not recommend.,2025-02-26
482529,2376,91632,2,Disappointing. The sizing/specs are way off from the listing. Expected more at this price.,2025-02-04
723642,6345,58235,5,The build feels premium and sturdy. Even the packaging was thoughtfully done. 10/10.,2025-06-24
869076,1004,48725,5,"Five stars, no hesitation. Delivery arrived two days early, well packaged. My whole team has switched over since. Worth every penny.",2025-03-22
449448,9077,24422,1,Complete waste of money. Several features simply don't work as described. The replacement had the same problem. Do not recommend.,2025-03-29
506284,5998,65622,5,"Five stars, no hesitation. The quality is noticeable the moment you unbox it. Support replied within the hour when I had a question.",2025-02-05
630686,7187,72562,5,"Honestly blown away. Customer service was fast and genuinely helpful. Months in, it still works like day one. Already recommended it to friends.",2025-05-07
824930,7622,16299,5,Battery life has been excellent so far. My whole team has switched over since. Will definitely buy again.,2025-03-22
485788,6686,69015,5,Honestly blown away. The build feels premium and sturdy.,2025-06-10
449576,8655,14774,3,"Mixed feelings on this one. The interface is clean and intuitive. On the other hand, The interface is clunky and slow. There are probably better options.",2025-01-21
852413,1193,88269,4,"Setup took under five minutes. Months in, it still works like day one. Only minor gripe is the packaging. Happy with the purchase.",2025-05-15
844559,7128,70805,2,Disappointing. It stopped working properly after a few days. The replacement had the same problem. Hard to recommend.,2025-02-24
158410,8704,55057,5,Couldn't be happier. It works exactly as described. Even the packaging was thoughtfully done.,2025-01-28
283919,7598,46860,5,"Best purchase I've made in a while. The quality is noticeable the moment you unbox it. Months in, it still works like day one.",2025-10-18
212990,7071,47185,5,Couldn't be happier. Performance is smooth even under heavy use. The little details show real care. Worth every penny.,2025-09-15
137125,3061,74826,5,Absolutely loved it! Performance is smooth even under heavy use.,2025-09-11
966326,8405,34651,2,Disappointing. Delivery was late and the box arrived damaged. Look elsewhere first.,2025-04-21
777188,1004,83590,4,"The quality is noticeable the moment you unbox it. The little details show real care. Slightly slow shipping, though that's not the product's fault. Would buy again.",2025-03-03
579412,2054,73867,5,Exceeded every expectation. The interface is clean and intuitive.,2025-03-30
660578,2468,11592,4,Battery life has been excellent so far. A second color option would be nice. Recommended.,2025-04-04
87753,5157,12646,5,Exceeded every expectation. The price is more than fair for what you get. The little details show real care. Highly recommend.,2025-12-21
585129,3081,73760,5,Couldn't be happier. Battery life has been excellent so far. Even the packaging was thoughtfully done. 10/10.,2025-02-16
695277,2722,65476,5,This is exactly what I was looking for. It integrates seamlessly with everything I already use. My whole team has switched over since.,2025-06-16
249734,2792,38805,5,"Five stars, no hesitation. The price is more than fair for what you get.",2025-08-03
26530,9362,23274,5,"Five stars, no hesitation. Delivery arrived two days early, well packaged. Support replied within the hour when I had a question. Worth every penny.",2025-02-22
238459,5232,48676,5,Best purchase I've made in a while. The interface is clean and intuitive. Highly recommend.,2025-12-13
875759,6442,82787,5,Absolutely loved it! Performance is smooth even under heavy use. Highly recommend.,2025-06-27
751062,1588,88068,1,Avoid this. Battery drains far faster than claimed. Do not recommend.,2025-02-11
890390,1896,97448,5,"Absolutely loved it! Delivery arrived two days early, well packaged. Months in, it still works like day one. 10/10.",2025-10-22
800010,8614,86668,5,Instructions were clear and easy to follow. Worth every penny.,2025-02-20
730916,9402,10725,4,"Very happy with this. The price is more than fair for what you get. Even the packaging was thoughtfully done. Wish the manual was clearer, but that's minor.",2025-08-25
421793,3572,84211,5,"Honestly blown away. Instructions were clear and easy to follow. Months in, it still works like day one. Worth every penny.",2025-03-01
868437,1317,64324,5,Battery life has been excellent so far. 10/10.,2025-05-17
727539,3953,34044,3,The interface is clean and intuitive. But Customer service took a week to respond. There are probably better options.,2025-03-15
934313,6577,96543,5,"This is exactly what I was looking for. Battery life has been excellent so far. Months in, it still works like day one.",2025-05-14
153916,4435,19032,4,"Performance is smooth even under heavy use. Months in, it still works like day one. Only minor gripe is the packaging. Good value overall.",2025-05-18
978765,2519,99817,3,"The quality feels much cheaper than advertised. On the plus side, The interface is clean and intuitive. Might give it another try.",2025-01-31
578786,3953,88593,2,The quality feels much cheaper than advertised. I ended up buying a different brand. Hard to recommend.,2025-03-13
38960,9685,78054,5,This is exactly what I was looking for. It integrates seamlessly with everything I already use.,2025-12-08
252748,6444,52103,5,Exceeded every expectation. Battery life has been excellent so far. Support replied within the hour when I had a question. 10/10.,2025-10-12
180854,1115,24975,5,"Five stars, no hesitation. Delivery arrived two days early, well packaged.",2025-04-10
692359,9055,30372,3,"Somewhere in the middle. The quality feels much cheaper than advertised. On the plus side, Customer service was fast and genuinely helpful.",2025-04-19
217783,8681,78194,5,The build feels premium and sturdy. Already recommended it to friends.,2025-04-18
926242,4613,69948,5,Exceeded every expectation. Performance is smooth even under heavy use. Will definitely buy again.,2025-04-04
12179,2792,29307,3,"Mixed feelings on this one. Several features simply don't work as described. To be fair, Delivery arrived two days early, well packaged. Might give it another try.",2025-08-28
671658,8203,63528,1,Avoid this. The sizing/specs are way off from the listing. Returning it was its own ordeal. Reporting this to the marketplace. Do not recommend.,2025-02-13
586092,5797,45976,1,Complete waste of money. Setup was confusing and the docs didn't help. No response to two support emails. I've asked for a refund. Buyer beware.,2025-08-08
54969,7279,94950,5,Absolutely loved it! The price is more than fair for what you get.,2025-02-26
928767,2055,39502,4,Good experience from start to finish. The price is more than fair for what you get. Would buy again.,2025-05-10
444471,6153,17589,5,Couldn't be happier. Performance is smooth even under heavy use. Even the packaging was thoughtfully done.,2025-04-04
918643,2651,21870,5,Instructions were clear and easy to follow. 10/10.,2025-03-29
954395,3403,51035,5,Couldn't be happier. The interface is clean and intuitive. Even the packaging was thoughtfully done.,2025-04-29
686456,6512,98346,5,This is exactly what I was looking for. The price is more than fair for what you get.,2025-01-27
97925,8681,46918,5,"I rarely write reviews, but this earned one. Instructions were clear and easy to follow. Support replied within the hour when I had a question.",2025-03-24
315023,2981,36158,5,Best purchase I've made in a while. Instructions were clear and easy to follow.,2025-09-28
459236,9518,26788,5,"Five stars, no hesitation. The build feels premium and sturdy. The little details show real care. Highly recommend.",2025-02-28
187033,5421,34787,5,Honestly blown away. Customer service was fast and genuinely helpful.,2025-03-27
132248,3150,81423,5,The price is more than fair for what you get. Worth every penny.,2025-08-26
278317,6153,57033,5,Setup took under five minutes. My whole team has switched over since. Will definitely buy again.,2025-11-20
241373,5973,13260,5,Honestly blown away. Performance is smooth even under heavy use. Highly recommend.,2025-02-21
440000,8306,52857,3,"Decent, but not great. Customer service was fast and genuinely helpful. However, The quality feels much cheaper than advertised. There are probably better options.",2025-09-11
67415,7632,91632,5,"Five stars, no hesitation. It integrates seamlessly with everything I already use. The little details show real care.",2025-01-22
794350,8540,42836,4,Almost perfect. Battery life has been excellent so far. The little details show real care. Only minor gripe is the packaging.,2025-03-28
705443,5989,46662,4,Almost perfect. Customer service was fast and genuinely helpful. Even the packaging was thoughtfully done. Happy with the purchase.,2025-03-01
71433,9424,17655,2,Disappointing. Customer service took a week to respond. Photos online are nothing like the real thing.,2025-03-17
83530,5634,59183,5,Exceeded every expectation. The price is more than fair for what you get. The little details show real care. Highly recommend.,2025-03-29
636196,1655,25185,5,Best purchase I've made in a while. Setup took under five minutes. Worth every penny.,2025-01-28
283121,1858,12566,5,Honestly blown away. Performance is smooth even under heavy use. The little details show real care. Worth every penny.,2025-06-15
461432,9343,70954,5,Performance is smooth even under heavy use. Even the packaging was thoughtfully done. Will definitely buy again.,2025-03-15
792418,8350,71656,1,It's overpriced for what you actually get. Returning it was its own ordeal. Save your money. Never again.,2025-11-09
585724,1408,82186,5,"The interface is clean and intuitive. Months in, it still works like day one. 10/10.",2025-11-02
257004,7140,34508,4,"Very happy with this. It works exactly as described. Months in, it still works like day one. Wish the manual was clearer, but that's minor.",2025-03-13
132773,6723,80924,2,Expected better. Setup was confusing and the docs didn't help. I ended up buying a different brand.,2025-03-27
176177,1234,65493,3,"Instructions were clear and easy to follow. On the other hand, Battery drains far faster than claimed. There are probably better options.",2025-03-13
402234,6512,56385,5,Setup took under five minutes. Already recommended it to friends.,2025-02-05
288241,5777,61783,5,The quality is noticeable the moment you unbox it. Highly recommend.,2025-03-24
697001,4734,29588,5,The price is more than fair for what you get. 10/10.,2025-03-30
679597,3403,45295,5,"Absolutely loved it! Delivery arrived two days early, well packaged. Highly recommend.",2025-03-14
386618,8029,78087,5,Exceeded every expectation. The build feels premium and sturdy. My whole team has switched over since. Already recommended it to friends.,2025-02-13
706111,7440,92644,5,Absolutely loved it! Battery life has been excellent so far. My whole team has switched over since.,2025-01-10
704145,1847,62412,5,Honestly blown away. It integrates seamlessly with everything I already use. Already recommended it to friends.,2025-04-16
364689,9821,48597,5,"I rarely write reviews, but this earned one. The price is more than fair for what you get. Highly recommend.",2025-04-19
503905,9518,25806,5,Absolutely loved it! The interface is clean and intuitive. Highly recommend.,2025-01-25
707259,3561,43038,4,Works great. The price is more than fair for what you get. Only minor gripe is the packaging.,2025-05-16
878873,6153,46004,5,"Five stars, no hesitation. The price is more than fair for what you get.",2025-06-15
120619,1408,73913,4,"Does what it promises. The quality is noticeable the moment you unbox it. Slightly slow shipping, though that's not the product's fault.",2025-01-29
379311,4443,41403,2,Expected better. Delivery was late and the box arrived damaged. I ended up buying a different brand.,2025-03-03
267392,7495,55325,5,Couldn't be happier. Battery life has been excellent so far. Support replied within the hour when I had a question.,2025-03-18
251606,2722,11751,5,This is exactly what I was looking for. The interface is clean and intuitive.,2025-01-24
741657,3642,94654,4,"The price is more than fair for what you get. The little details show real care. Wish the manual was clearer, but that's minor. Would buy again.",2025-01-15
659834,5801,95983,1,One star is generous. Setup was confusing and the docs didn't help. The replacement had the same problem. Save your money. Never again.,2025-03-06
674862,6249,51533,5,Absolutely loved it! Setup took under five minutes. Support replied within the hour when I had a question.,2025-02-26
737355,1317,24478,4,Very happy with this. The quality is noticeable the moment you unbox it. Docking one star for the setup process.,2025-01-29
730546,6153,27326,1,Avoid this. Battery drains far faster than claimed. Never again.,2025-01-23
908545,4218,38247,5,"Five stars, no hesitation. Instructions were clear and easy to follow. Even the packaging was thoughtfully done. Will definitely buy again.",2025-02-20
396751,7279,33880,2,Disappointing. Setup was confusing and the docs didn't help. Returning it was its own ordeal.,2025-06-04
513756,2981,75914,4,"Does what it promises. Battery life has been excellent so far. Wish the manual was clearer, but that's minor.",2025-04-11
647862,3150,92291,5,"I rarely write reviews, but this earned one. Setup took under five minutes. Even the packaging was thoughtfully done.",2025-03-21
460895,5239,84102,5,Exceeded every expectation. The price is more than fair for what you get. Even the packaging was thoughtfully done. 10/10.,2025-01-23
671829,2619,74242,5,Best purchase I've made in a while. It works exactly as described. Highly recommend.,2025-04-26
665115,2365,89358,5,This is exactly what I was looking for. It works exactly as described. 10/10.,2025-05-27
253716,1786,67764,5,"Five stars, no hesitation. Performance is smooth even under heavy use. My whole team has switched over since. Worth every penny.",2025-08-04
241598,6087,31021,4,"Really solid overall. Battery life has been excellent so far. The little details show real care. Wish the manual was clearer, but that's minor.",2025-10-28
307462,6438,49845,5,"Delivery arrived two days early, well packaged. 10/10.",2025-05-16
138618,4574,24600,4,Very happy with this. Customer service was fast and genuinely helpful. Good value overall.,2025-02-07
271072,2383,90173,5,Best purchase I've made in a while. Battery life has been excellent so far. Highly recommend.,2025-01-21
583869,2712,56354,3,"Mixed feelings on this one. Instructions were clear and easy to follow. However, Battery drains far faster than claimed. There are probably better options.",2025-05-13
608787,2226,62412,4,"Does what it promises. It integrates seamlessly with everything I already use. Even the packaging was thoughtfully done. Slightly slow shipping, though that's not the product's fault.",2025-04-12
941983,4925,96584,3,"Performance is smooth even under heavy use. On the other hand, Customer service took a week to respond. Not bad, not great.",2025-07-02
308832,5801,14005,4,"Does what it promises. The build feels premium and sturdy. Slightly slow shipping, though that's not the product's fault.",2025-01-07
368123,1509,88379,5,Absolutely loved it! Customer service was fast and genuinely helpful. Even the packaging was thoughtfully done. Highly recommend.,2025-11-04
796560,8756,84627,1,Complete waste of money. Battery drains far faster than claimed. Never again.,2025-02-15
591108,2308,83026,5,"Five stars, no hesitation. Setup took under five minutes. Even the packaging was thoughtfully done. 10/10.",2025-04-27
119759,7622,81419,5,Absolutely loved it! Instructions were clear and easy to follow. The little details show real care.,2025-03-18
806254,9705,11952,4,Does what it promises. Setup took under five minutes. A second color option would be nice.,2025-02-20
28313,9799,68445,5,This is exactly what I was looking for. It integrates seamlessly with everything I already use. My whole team has switched over since. 10/10.,2025-02-13
760087,1115,75927,4,Does what it promises. Performance is smooth even under heavy use. Recommended.,2025-04-27
569384,5238,38776,5,"I rarely write reviews, but this earned one. Instructions were clear and easy to follow. The little details show real care. 10/10.",2025-03-26
866741,4890,50551,5,Best purchase I've made in a while. It integrates seamlessly with everything I already use.,2025-04-07
910093,8702,65360,5,Best purchase I've made in a while. Customer service was fast and genuinely helpful. 10/10.,2025-04-02
174966,5232,52901,3,Performance is smooth even under heavy use. But The quality feels much cheaper than advertised. There are probably better options.,2025-01-24
85566,2735,73958,1,Terrible experience. The quality feels much cheaper than advertised. Buyer beware.,2025-02-06
882020,3814,44612,3,"Fine for the price, I guess. Setup took under five minutes. But The quality feels much cheaper than advertised.",2025-01-29
16537,4218,50613,5,Couldn't be happier. Performance is smooth even under heavy use. The little details show real care. 10/10.,2025-01-23
744007,1193,95641,4,Almost perfect. Battery life has been excellent so far. My whole team has switched over since. Recommended.,2025-02-15
560679,9004,21648,5,"Five stars, no hesitation. Instructions were clear and easy to follow. Will definitely buy again.",2025-02-16
73007,3037,71305,5,"Honestly blown away. Customer service was fast and genuinely helpful. Months in, it still works like day one. Already recommended it to friends.",2025-05-05
13645,5311,56958,3,Mixed feelings on this one. Customer service was fast and genuinely helpful. But It stopped working properly after a few days.,2025-11-22
183269,7570,38247,5,"This is exactly what I was looking for. Delivery arrived two days early, well packaged.",2025-02-09
943948,5535,90173,5,Customer service was fast and genuinely helpful. Even the packaging was thoughtfully done. Will definitely buy again.,2025-01-05
974047,5311,72603,4,Really solid overall. Instructions were clear and easy to follow. My whole team has switched over since. Only minor gripe is the packaging.,2025-04-28
756837,5634,54707,4,Very happy with this. It works exactly as described. Support replied within the hour when I had a question. Only minor gripe is the packaging.,2025-09-20
291693,6664,44164,5,This is exactly what I was looking for. Setup took under five minutes. My whole team has switched over since. 10/10.,2025-01-16
983289,8203,36330,4,The build feels premium and sturdy. Only minor gripe is the packaging. Would buy again.,2025-04-11
27206,3709,51585,5,Setup took under five minutes. Support replied within the hour when I had a question. Worth every penny.,2025-11-09
717142,8236,91982,4,"Instructions were clear and easy to follow. Support replied within the hour when I had a question. Slightly slow shipping, though that's not the product's fault. Would buy again.",2025-06-11
68944,6438,82151,5,"Five stars, no hesitation. Customer service was fast and genuinely helpful. 10/10.",2025-02-02
423214,9653,26767,5,Absolutely loved it! It works exactly as described.,2025-02-26
745796,8900,17611,5,"Honestly blown away. Battery life has been excellent so far. Months in, it still works like day one. Already recommended it to friends.",2025-03-23
604679,9799,19903,5,Best purchase I've made in a while. The build feels premium and sturdy. Support replied within the hour when I had a question.,2025-03-15
666879,8356,82112,1,Extremely frustrated. It stopped working properly after a few days. Do not recommend.,2025-08-08
638898,6766,82496,5,It integrates seamlessly with everything I already use. Worth every penny.,2025-06-13
312333,8985,11179,5,"I rarely write reviews, but this earned one. Setup took under five minutes. Highly recommend.",2025-06-26
791829,5238,14349,4,"Impressed for the price. Performance is smooth even under heavy use. Months in, it still works like day one. Wish the manual was clearer, but that's minor.",2025-09-16
773553,3650,31565,4,"Does what it promises. Customer service was fast and genuinely helpful. Months in, it still works like day one. Wish the manual was clearer, but that's minor.",2025-05-04
228572,5209,34401,5,Setup took under five minutes. Worth every penny.,2025-11-21
270084,1786,78088,3,"Customer service took a week to respond. Still, The interface is clean and intuitive. Might give it another try.",2025-03-30
784235,3338,25539,1,Complete waste of money. Delivery was late and the box arrived damaged. No response to two support emails. Reporting this to the marketplace. Do not recommend.,2025-03-09
297500,8407,82622,5,Couldn't be happier. The interface is clean and intuitive. My whole team has switched over since. Worth every penny.,2025-07-15
681367,5346,83769,4,"Instructions were clear and easy to follow. Months in, it still works like day one. Wish the manual was clearer, but that's minor. Happy with the purchase.",2025-02-28
721888,5703,31804,3,"Mixed feelings on this one. Customer service took a week to respond. To be fair, The interface is clean and intuitive. Your mileage may vary.",2025-04-19
524376,7495,54576,5,"This is exactly what I was looking for. Delivery arrived two days early, well packaged. Already recommended it to friends.",2025-05-12
419950,5157,98339,2,The sizing/specs are way off from the listing. Returning it was its own ordeal. Look elsewhere first.,2025-05-07
238560,7632,72340,5,"Couldn't be happier. The build feels premium and sturdy. Months in, it still works like day one.",2025-01-25
863807,1883,42781,5,Absolutely loved it! Battery life has been excellent so far.,2025-11-08
959171,6259,97610,3,"Battery life has been excellent so far. On the other hand, It's overpriced for what you actually get. Your mileage may vary.",2025-04-23
623912,9140,52075,1,Terrible experience. It's overpriced for what you actually get. Never again.,2025-03-10
639558,2519,88498,5,Absolutely loved it! Performance is smooth even under heavy use. Already recommended it to friends.,2025-01-29
644705,4961,30724,1,Complete waste of money. The quality feels much cheaper than advertised. Do not recommend.,2025-04-02
746382,4734,86732,5,"Exceeded every expectation. Delivery arrived two days early, well packaged. Highly recommend.",2025-06-09
844894,2383,59787,5,Exceeded every expectation. The interface is clean and intuitive. Support replied within the hour when I had a question.,2025-12-04
883654,6718,38869,5,"Five stars, no hesitation. It works exactly as described. My whole team has switched over since.",2025-05-23
926915,2619,99228,4,Almost perfect. The quality is noticeable the moment you unbox it. Recommended.,2025-11-02
396977,3053,79078,5,Best purchase I've made in a while. Performance is smooth even under heavy use. The little details show real care. Worth every penny.,2025-01-14
169495,7643,80827,5,This is exactly what I was looking for. Setup took under five minutes. Even the packaging was thoughtfully done.,2025-02-19
799560,6128,63302,5,This is exactly what I was looking for. It works exactly as described. My whole team has switched over since.,2025-04-10
879692,2308,29501,5,Battery life has been excellent so far. Already recommended it to friends.,2025-04-07
713370,3367,67218,5,Honestly blown away. The interface is clean and intuitive. Already recommended it to friends.,2025-06-18
165537,1102,74354,4,"Really solid overall. The price is more than fair for what you get. Wish the manual was clearer, but that's minor.",2025-01-27
331250,1319,28223,4,Almost perfect. The quality is noticeable the moment you unbox it. Even the packaging was thoughtfully done. Would buy again.,2025-04-13
304116,9270,68365,1,It stopped working properly after a few days. Photos online are nothing like the real thing. Save your money. Do not recommend.,2025-04-24
433288,6359,17634,1,Avoid this. Customer service took a week to respond. The replacement had the same problem. Reporting this to the marketplace. Do not recommend.,2025-01-21
647997,2358,18388,3,"Battery drains far faster than claimed. Still, The interface is clean and intuitive. Your mileage may vary.",2025-04-14
428566,3455,58673,5,"The price is more than fair for what you get. Months in, it still works like day one. Worth every penny.",2025-05-17
147872,6087,43330,4,Really solid overall. Instructions were clear and easy to follow. Even the packaging was thoughtfully done. Docking one star for the setup process.,2025-04-10
304111,6188,34100,1,Customer service took a week to respond. The replacement had the same problem. I've asked for a refund. Never again.,2025-01-29
178112,7071,39360,5,Exceeded every expectation. The quality is noticeable the moment you unbox it.,2025-11-05
695680,4218,82546,3,"It's okay. The quality is noticeable the moment you unbox it. That said, Customer service took a week to respond. Not bad, not great.",2025-10-09
158166,5232,80924,1,One star is generous. Battery drains far faster than claimed. Never again.,2025-05-03
433659,6718,83517,5,It works exactly as described. Support replied within the hour when I had a question. Will definitely buy again.,2025-04-04
740446,9476,39957,5,Honestly blown away. The interface is clean and intuitive. Even the packaging was thoughtfully done.,2025-03-22
806174,4443,82787,5,This is exactly what I was looking for. Customer service was fast and genuinely helpful. My whole team has switched over since. Will definitely buy again.,2025-07-08
648952,4002,52038,5,The build feels premium and sturdy. The little details show real care. Worth every penny.,2025-04-05
983517,3795,43151,3,"Decent, but not great. It stopped working properly after a few days. Still, The interface is clean and intuitive. Not bad, not great.",2025-02-28
753366,5414,35722,5,"Honestly blown away. The quality is noticeable the moment you unbox it. Months in, it still works like day one.",2025-02-22
427021,1709,45419,3,"It stopped working properly after a few days. Still, Setup took under five minutes. There are probably better options.",2025-01-21
395364,9099,58966,5,Honestly blown away. The build feels premium and sturdy. The little details show real care.,2025-11-16
483356,4729,26215,4,Works great. Performance is smooth even under heavy use. Support replied within the hour when I had a question. A second color option would be nice.,2025-09-13
523862,9285,84213,3,"Battery life has been excellent so far. However, The quality feels much cheaper than advertised. Not bad, not great.",2025-04-02
773010,4053,63122,4,Instructions were clear and easy to follow. A second color option would be nice. Good value overall.,2025-12-04
290991,5999,28463,1,Complete waste of money. Delivery was late and the box arrived damaged. No response to two support emails. Still waiting on a resolution. Buyer beware.,2025-01-22
285261,3398,97889,5,"Honestly blown away. Delivery arrived two days early, well packaged. The little details show real care. Already recommended it to friends.",2025-04-19
859292,8060,75913,1,Avoid this. It's overpriced for what you actually get. Photos online are nothing like the real thing. Still waiting on a resolution. Do not recommend.,2025-04-08
951319,5535,26215,5,Setup took under five minutes. Worth every penny.,2025-09-27
236716,1043,15680,5,"I rarely write reviews, but this earned one. Performance is smooth even under heavy use. Highly recommend.",2025-05-05
433706,4218,10725,4,Very happy with this. Instructions were clear and easy to follow. Only minor gripe is the packaging.,2025-09-13
159070,9148,97324,5,"I rarely write reviews, but this earned one. Performance is smooth even under heavy use. Support replied within the hour when I had a question. Already recommended it to friends.",2025-01-26
262485,2433,96118,5,Customer service was fast and genuinely helpful. Will definitely buy again.,2025-04-15
507202,4050,97051,5,Exceeded every expectation. The quality is noticeable the moment you unbox it. The little details show real care. Will definitely buy again.,2025-08-19
232879,2619,87562,4,"Does what it promises. The build feels premium and sturdy. Months in, it still works like day one. Docking one star for the setup process.",2025-04-21
620982,5973,58213,5,"I rarely write reviews, but this earned one. Performance is smooth even under heavy use. Support replied within the hour when I had a question.",2025-03-08
650463,5354,87938,5,This is exactly what I was looking for. Instructions were clear and easy to follow. Even the packaging was thoughtfully done.,2025-08-04
570634,8842,34645,5,Absolutely loved it! Setup took under five minutes. Even the packaging was thoughtfully done.,2025-04-10
307094,5682,12527,5,The build feels premium and sturdy. Support replied within the hour when I had a question. Already recommended it to friends.,2025-10-29
770378,5157,47936,3,It works exactly as described. But The interface is clunky and slow. Your mileage may vary.,2025-05-23
511112,7643,54707,5,Absolutely loved it! The price is more than fair for what you get. My whole team has switched over since.,2025-08-26
17244,6958,17067,5,Absolutely loved it! Battery life has been excellent so far. Even the packaging was thoughtfully done.,2025-05-20
555556,6444,80156,4,"Works great. Battery life has been excellent so far. Months in, it still works like day one. Docking one star for the setup process.",2025-02-17
821890,7570,14355,4,Good experience from start to finish. Instructions were clear and easy to follow. Would buy again.,2025-04-27
684139,5070,74393,4,Good experience from start to finish. The price is more than fair for what you get. My whole team has switched over since. Happy with the purchase.,2025-07-11
895917,7570,25934,5,Absolutely loved it! Setup took under five minutes. The little details show real care.,2025-03-30
365157,2619,23030,1,Customer service took a week to respond. No response to two support emails. Save your money. Never again.,2025-03-20
204909,2712,85477,3,Somewhere in the middle. It integrates seamlessly with everything I already use. But The quality feels much cheaper than advertised. Your mileage may vary.,2025-05-11
398217,6423,55915,5,This is exactly what I was looking for. Setup took under five minutes.,2025-05-14
910120,6892,43527,1,Complete waste of money. It stopped working properly after a few days. The replacement had the same problem. I've asked for a refund. Buyer beware.,2025-01-18
694941,2050,48584,1,Avoid this. The interface is clunky and slow. I ended up buying a different brand. Never again.,2025-01-18
129321,2433,96821,5,"Couldn't be happier. Setup took under five minutes. Months in, it still works like day one. Highly recommend.",2025-03-03
794930,9292,77095,5,Best purchase I've made in a while. Setup took under five minutes.,2025-04-02
103795,5989,65759,5,"Delivery arrived two days early, well packaged. Worth every penny.",2025-03-28
752534,7440,37743,4,The price is more than fair for what you get. Support replied within the hour when I had a question. A second color option would be nice. Good value overall.,2025-04-04
241269,1118,11682,5,The price is more than fair for what you get. 10/10.,2025-04-02
513914,7644,49133,4,Good experience from start to finish. Battery life has been excellent so far. Would buy again.,2025-01-31
974776,7598,46391,5,Exceeded every expectation. Instructions were clear and easy to follow. My whole team has switched over since.,2025-06-29
863149,2621,95287,4,Almost perfect. The price is more than fair for what you get. Recommended.,2025-08-15
785489,7140,81866,5,Honestly blown away. The quality is noticeable the moment you unbox it. My whole team has switched over since.,2025-10-15
780374,8702,71656,5,"This is exactly what I was looking for. Delivery arrived two days early, well packaged.",2025-11-25
666277,8655,52818,5,Honestly blown away. Setup took under five minutes. Support replied within the hour when I had a question. Already recommended it to friends.,2025-09-27
35484,9443,91742,5,Exceeded every expectation. It integrates seamlessly with everything I already use. My whole team has switched over since. Will definitely buy again.,2025-08-30
55424,3398,18121,5,This is exactly what I was looking for. The interface is clean and intuitive.,2025-02-07
554699,6444,98981,3,"The quality feels much cheaper than advertised. To be fair, It integrates seamlessly with everything I already use. There are probably better options.",2025-01-25
120117,2055,38893,1,Extremely frustrated. Delivery was late and the box arrived damaged. Do not recommend.,2025-08-23
611035,6359,96287,5,Exceeded every expectation. Setup took under five minutes. Even the packaging was thoughtfully done.,2025-02-26
880317,2792,32305,4,Impressed for the price. It integrates seamlessly with everything I already use. Good value overall.,2025-04-13
601576,1440,70412,5,"I rarely write reviews, but this earned one. It integrates seamlessly with everything I already use. Worth every penny.",2025-02-03
761370,3565,62412,4,Instructions were clear and easy to follow. A second color option would be nice. Would buy again.,2025-04-08
87282,8260,15492,4,Works great. The interface is clean and intuitive. Only minor gripe is the packaging.,2025-04-22
296055,1840,16432,2,Not impressed. Setup was confusing and the docs didn't help. I ended up buying a different brand.,2025-01-16
39963,3589,71175,5,Exceeded every expectation. The interface is clean and intuitive. Support replied within the hour when I had a question. 10/10.,2025-05-16
979409,5232,97612,5,The build feels premium and sturdy. My whole team has switched over since. Will definitely buy again.,2025-04-21
138740,1408,27064,4,Does what it promises. It integrates seamlessly with everything I already use. Good value overall.,2025-03-18
843334,2792,65737,2,Expected better. The quality feels much cheaper than advertised.,2025-11-15
670218,3403,75914,4,"Impressed for the price. Battery life has been excellent so far. Wish the manual was clearer, but that's minor.",2025-03-27
20313,9518,41403,5,Instructions were clear and easy to follow. Worth every penny.,2025-01-24
527858,2365,15850,2,Not impressed. The interface is clunky and slow. Photos online are nothing like the real thing. Expected more at this price.,2025-07-09
956882,6444,39072,5,"Couldn't be happier. Performance is smooth even under heavy use. Months in, it still works like day one.",2025-04-05
162686,2098,27665,5,Absolutely loved it! It works exactly as described. My whole team has switched over since. Will definitely buy again.,2025-04-02
104439,8704,93005,4,Very happy with this. The build feels premium and sturdy. My whole team has switched over since. Recommended.,2025-05-07
274410,9077,47710,5,The quality is noticeable the moment you unbox it. My whole team has switched over since. 10/10.,2025-03-23
953922,1896,71099,2,The quality feels much cheaper than advertised. No response to two support emails. Look elsewhere first.,2025-04-30
989674,7622,44240,4,Works great. Customer service was fast and genuinely helpful. My whole team has switched over since. A second color option would be nice.,2025-02-26
569904,1847,49493,2,Wouldn't buy again. Delivery was late and the box arrived damaged.,2025-02-26
852834,9763,84912,4,"Works great. The interface is clean and intuitive. My whole team has switched over since. Slightly slow shipping, though that's not the product's fault.",2025-02-23
934126,5275,11751,5,Customer service was fast and genuinely helpful. The little details show real care. Will definitely buy again.,2025-01-19
273567,6829,18421,5,"I rarely write reviews, but this earned one. Delivery arrived two days early, well packaged.",2025-03-09
175474,9424,30459,5,The quality is noticeable the moment you unbox it. The little details show real care. Already recommended it to friends.,2025-03-01
823044,1840,49929,4,Works great. It works exactly as described. Support replied within the hour when I had a question. Docking one star for the setup process.,2025-04-03
916356,8407,15473,5,"I rarely write reviews, but this earned one. It works exactly as described. Highly recommend.",2025-04-02
246965,9099,16008,4,Does what it promises. The price is more than fair for what you get. The little details show real care. Docking one star for the setup process.,2025-02-18
390821,9963,56630,5,The quality is noticeable the moment you unbox it. My whole team has switched over since. 10/10.,2025-01-29
758592,8881,79152,5,The quality is noticeable the moment you unbox it. Even the packaging was thoughtfully done. Worth every penny.,2025-02-10
322504,5157,36680,3,"Decent, but not great. The build feels premium and sturdy. On the other hand, It stopped working properly after a few days.",2025-06-05
360336,7048,57922,5,"The price is more than fair for what you get. Months in, it still works like day one. Already recommended it to friends.",2025-01-23
858400,6723,88258,4,"Very happy with this. Delivery arrived two days early, well packaged. The little details show real care. A second color option would be nice.",2025-07-23
484701,3709,91499,5,Customer service was fast and genuinely helpful. Will definitely buy again.,2025-02-23
57190,9763,91742,5,Couldn't be happier. Performance is smooth even under heavy use.,2025-09-01
6259,9653,84317,4,"Impressed for the price. Delivery arrived two days early, well packaged. The little details show real care. Docking one star for the setup process.",2025-01-26
644403,6214,66975,5,"Five stars, no hesitation. Delivery arrived two days early, well packaged. Months in, it still works like day one. 10/10.",2025-05-06
821352,7567,88985,1,Extremely frustrated. Customer service took a week to respond. I ended up buying a different brand. Still waiting on a resolution. Do not recommend.,2025-01-20
343452,6442,87707,5,It integrates seamlessly with everything I already use. My whole team has switched over since. Will definitely buy again.,2025-06-09
304611,2365,88933,4,Setup took under five minutes. Support replied within the hour when I had a question. A second color option would be nice. Happy with the purchase.,2025-01-24
35011,6359,22055,5,"I rarely write reviews, but this earned one. It integrates seamlessly with everything I already use. My whole team has switched over since. Worth every penny.",2025-12-15
641484,6577,26767,4,"Good experience from start to finish. Delivery arrived two days early, well packaged. Only minor gripe is the packaging.",2025-03-04
124784,7128,74657,5,The interface is clean and intuitive. Support replied within the hour when I had a question. Worth every penny.,2025-11-01
747529,3709,40109,5,"I rarely write reviews, but this earned one. It integrates seamlessly with everything I already use. Will definitely buy again.",2025-04-02
185914,9055,51425,5,It works exactly as described. Even the packaging was thoughtfully done. Already recommended it to friends.,2025-12-21
916260,5345,72979,4,"The interface is clean and intuitive. My whole team has switched over since. Slightly slow shipping, though that's not the product's fault. Happy with the purchase.",2025-03-13
399322,6718,88455,4,"Performance is smooth even under heavy use. Months in, it still works like day one. Only minor gripe is the packaging. Would buy again.",2025-08-31
314272,2548,46737,5,"Exceeded every expectation. Performance is smooth even under heavy use. Months in, it still works like day one. Will definitely buy again.",2025-12-21
929656,2054,61349,5,Best purchase I've made in a while. The build feels premium and sturdy. Even the packaging was thoughtfully done. 10/10.,2025-08-26
719219,4852,81917,5,"This is exactly what I was looking for. Instructions were clear and easy to follow. Months in, it still works like day one. 10/10.",2025-05-03
25953,9676,27687,5,"Couldn't be happier. The interface is clean and intuitive. Months in, it still works like day one. Highly recommend.",2025-03-24
921120,8306,77590,5,This is exactly what I was looking for. Battery life has been excellent so far. The little details show real care. Will definitely buy again.,2025-04-12
293128,2619,59592,4,"Really solid overall. It integrates seamlessly with everything I already use. Months in, it still works like day one. Recommended.",2025-01-25
271138,6577,93990,1,Setup was confusing and the docs didn't help. Photos online are nothing like the real thing. I've asked for a refund. Never again.,2025-08-14
214431,2548,53287,2,Wouldn't buy again. Several features simply don't work as described.,2025-05-07
355361,6150,81011,5,Best purchase I've made in a while. Instructions were clear and easy to follow. My whole team has switched over since. Will definitely buy again.,2025-01-24
66265,6282,53287,5,Absolutely loved it! The quality is noticeable the moment you unbox it. Highly recommend.,2025-05-13
5879,8842,97261,5,Best purchase I've made in a while. Battery life has been excellent so far.,2025-02-03
264800,3852,40804,1,Avoid this. It stopped working properly after a few days. No response to two support emails. Still waiting on a resolution. Do not recommend.,2025-03-01
331257,5797,50551,4,Really solid overall. It works exactly as described. The little details show real care. Only minor gripe is the packaging.,2025-04-23
308446,1249,84213,3,"Decent, but not great. Customer service was fast and genuinely helpful. That said, It stopped working properly after a few days. Not bad, not great.",2025-03-19
470894,5463,95287,5,"I rarely write reviews, but this earned one. Customer service was fast and genuinely helpful. My whole team has switched over since.",2025-08-27
329909,1115,25185,3,"Fine for the price, I guess. It integrates seamlessly with everything I already use. However, Customer service took a week to respond. There are probably better options.",2025-02-01
105961,1539,11635,5,Best purchase I've made in a while. Setup took under five minutes. Support replied within the hour when I had a question. Worth every penny.,2025-04-20
630049,5519,48612,3,"Decent, but not great. Delivery was late and the box arrived damaged. On the plus side, Performance is smooth even under heavy use.",2025-05-13
882858,6188,63297,5,"I rarely write reviews, but this earned one. Instructions were clear and easy to follow. My whole team has switched over since.",2025-01-20
327059,6442,31519,4,Really solid overall. Setup took under five minutes. A second color option would be nice.,2025-02-03
904733,7977,90710,4,Good experience from start to finish. Customer service was fast and genuinely helpful. Even the packaging was thoughtfully done. Only minor gripe is the packaging.,2025-04-09
173925,9077,96543,5,The build feels premium and sturdy. Support replied within the hour when I had a question. Highly recommend.,2025-05-14
56332,2735,52016,4,"It integrates seamlessly with everything I already use. Wish the manual was clearer, but that's minor. Good value overall.",2025-02-20
9224,5163,40303,5,The interface is clean and intuitive. Even the packaging was thoughtfully done. Already recommended it to friends.,2025-02-17
807232,9402,26142,3,"It works exactly as described. That said, It's overpriced for what you actually get. Your mileage may vary.",2025-01-29
779876,7265,93717,4,"Does what it promises. The quality is noticeable the moment you unbox it. My whole team has switched over since. Slightly slow shipping, though that's not the product's fault.",2025-03-03
361047,3053,46909,5,Exceeded every expectation. Performance is smooth even under heavy use.,2025-06-21
169753,2383,93005,5,Absolutely loved it! The build feels premium and sturdy. Support replied within the hour when I had a question.,2025-05-30
701309,9685,21792,4,"Does what it promises. Delivery arrived two days early, well packaged. The little details show real care. A second color option would be nice.",2025-02-24
674054,3119,70903,4,"Really solid overall. Delivery arrived two days early, well packaged. Even the packaging was thoughtfully done. A second color option would be nice.",2025-10-17
749990,3225,73867,5,Absolutely loved it! It works exactly as described. Even the packaging was thoughtfully done.,2025-04-02
939743,3119,49409,5,Absolutely loved it! The interface is clean and intuitive.,2025-06-01
43452,9685,73927,5,"Couldn't be happier. It works exactly as described. Months in, it still works like day one.",2025-03-22
847965,6359,56385,5,"Five stars, no hesitation. Setup took under five minutes. My whole team has switched over since.",2025-01-23
279134,4527,20307,5,This is exactly what I was looking for. The build feels premium and sturdy.,2025-05-13
87193,9362,24673,3,"Battery drains far faster than claimed. Still, The interface is clean and intuitive. Your mileage may vary.",2025-01-07
294356,6868,65360,5,Absolutely loved it! The quality is noticeable the moment you unbox it.,2025-04-04
410304,6423,43538,3,"It's okay. The build feels premium and sturdy. However, It's overpriced for what you actually get.",2025-01-31
889607,5995,99234,5,Exceeded every expectation. The interface is clean and intuitive. Support replied within the hour when I had a question.,2025-12-08
422732,4094,64029,5,"Couldn't be happier. Customer service was fast and genuinely helpful. Months in, it still works like day one.",2025-06-20
614776,4002,35753,4,Very happy with this. The price is more than fair for what you get. The little details show real care. A second color option would be nice.,2025-03-23
545023,6723,27446,5,Exceeded every expectation. Setup took under five minutes. The little details show real care. 10/10.,2025-04-17
205412,8839,15849,4,Does what it promises. The quality is noticeable the moment you unbox it. Recommended.,2025-06-06
870635,9799,52163,5,"I rarely write reviews, but this earned one. The interface is clean and intuitive.",2025-06-27
949504,4443,32683,5,"I rarely write reviews, but this earned one. It works exactly as described. Months in, it still works like day one.",2025-12-02
948268,6766,68136,5,Absolutely loved it! Customer service was fast and genuinely helpful. The little details show real care. Will definitely buy again.,2025-10-29
805471,1319,59400,1,Several features simply don't work as described. No response to two support emails. Save your money. Do not recommend.,2025-04-16
420635,2098,53960,2,Battery drains far faster than claimed. Expected more at this price.,2025-04-03
104564,2519,16568,4,The quality is noticeable the moment you unbox it. The little details show real care. Docking one star for the setup process. Good value overall.,2025-02-26
568961,5384,69590,4,Works great. The price is more than fair for what you get. Even the packaging was thoughtfully done. Only minor gripe is the packaging.,2025-06-03
682826,7693,65352,1,Delivery was late and the box arrived damaged. I ended up buying a different brand. I've asked for a refund. Never again.,2025-03-07
411455,8881,82787,4,Very happy with this. Performance is smooth even under heavy use. Recommended.,2025-06-17
576987,7570,28136,2,"Below average, sadly. It's overpriced for what you actually get.",2025-03-06
60983,4872,67990,4,"Impressed for the price. The price is more than fair for what you get. Months in, it still works like day one. Recommended.",2025-05-19
455482,1043,85478,5,This is exactly what I was looking for. Performance is smooth even under heavy use. Will definitely buy again.,2025-05-20
688252,5490,19537,5,"Absolutely loved it! Delivery arrived two days early, well packaged. The little details show real care. Will definitely buy again.",2025-03-25
7441,5995,63612,5,Customer service was fast and genuinely helpful. Will definitely buy again.,2025-04-25
794670,5682,56071,1,It's overpriced for what you actually get. The replacement had the same problem. Save your money. Do not recommend.,2025-02-14
775575,4852,74584,5,This is exactly what I was looking for. The interface is clean and intuitive. The little details show real care.,2025-04-11
412625,8964,39495,5,It works exactly as described. 10/10.,2025-06-25
99687,5354,81891,5,"Five stars, no hesitation. The price is more than fair for what you get. Months in, it still works like day one. 10/10.",2025-02-12
900651,6868,37462,4,Good experience from start to finish. Battery life has been excellent so far. Would buy again.,2025-03-19
678297,9963,92843,5,Battery life has been excellent so far. Will definitely buy again.,2025-03-17
866421,9963,81911,4,Instructions were clear and easy to follow. Docking one star for the setup process. Good value overall.,2025-12-11
715754,4925,87815,5,"This is exactly what I was looking for. Customer service was fast and genuinely helpful. Months in, it still works like day one.",2025-03-30
113243,3650,32658,5,Honestly blown away. It integrates seamlessly with everything I already use.,2025-06-24
12704,5163,27171,5,The interface is clean and intuitive. Support replied within the hour when I had a question. Already recommended it to friends.,2025-02-10
351843,2054,76299,5,Couldn't be happier. Battery life has been excellent so far. Already recommended it to friends.,2025-05-30
952953,4613,40647,2,Not impressed. Battery drains far faster than claimed. Look elsewhere first.,2025-04-28
524443,6651,95122,4,Instructions were clear and easy to follow. Only minor gripe is the packaging. Happy with the purchase.,2025-03-23
617447,8350,93744,4,Really solid overall. Battery life has been excellent so far. Docking one star for the setup process.,2025-01-21
283659,5519,34058,5,"Delivery arrived two days early, well packaged. Support replied within the hour when I had a question. Highly recommend.",2025-03-03
10683,3398,46225,1,Avoid this. Battery drains far faster than claimed. No response to two support emails. Save your money. Never again.,2025-04-25
94650,6048,11811,4,Good experience from start to finish. The price is more than fair for what you get. Support replied within the hour when I had a question. Good value overall.,2025-04-21
941467,7977,55155,5,The build feels premium and sturdy. Highly recommend.,2025-05-05
177848,9044,20915,5,The quality is noticeable the moment you unbox it. Support replied within the hour when I had a question. Highly recommend.,2025-03-14
121170,1655,51627,5,"The quality is noticeable the moment you unbox it. Months in, it still works like day one. Worth every penny.",2025-04-26
296941,7122,13930,5,Absolutely loved it! Battery life has been excellent so far.,2025-04-14
660855,3814,97444,5,Exceeded every expectation. The build feels premium and sturdy. Highly recommend.,2025-02-11
591512,4002,96116,5,The interface is clean and intuitive. Even the packaging was thoughtfully done. Will definitely buy again.,2025-02-21
389520,6444,60115,5,"Five stars, no hesitation. The build feels premium and sturdy. Support replied within the hour when I had a question.",2025-11-15
356211,6651,30724,5,"I rarely write reviews, but this earned one. The quality is noticeable the moment you unbox it. Months in, it still works like day one. Already recommended it to friends.",2025-04-03
258059,2376,36330,3,"Battery life has been excellent so far. On the other hand, The quality feels much cheaper than advertised. There are probably better options.",2025-04-06
693394,3135,80915,5,"Delivery arrived two days early, well packaged. Even the packaging was thoughtfully done. 10/10.",2025-01-28
843714,9309,29894,4,Very happy with this. Performance is smooth even under heavy use. Support replied within the hour when I had a question. Would buy again.,2025-03-23
366115,8432,62612,5,Exceeded every expectation. Performance is smooth even under heavy use. Even the packaging was thoughtfully done. 10/10.,2025-06-06
923789,8704,40143,4,Works great. Battery life has been excellent so far. Good value overall.,2025-03-15
233279,5163,94711,5,"Five stars, no hesitation. The interface is clean and intuitive. Worth every penny.",2025-04-12
66313,4234,96584,3,"It's okay. Several features simply don't work as described. Still, The quality is noticeable the moment you unbox it.",2025-07-04
755071,3053,67056,2,It's overpriced for what you actually get. The replacement had the same problem. Hard to recommend.,2025-01-24
790737,2383,29894,2,Wouldn't buy again. The sizing/specs are way off from the listing. No response to two support emails.,2025-04-09
390893,1509,13504,3,"Battery drains far faster than claimed. Still, The price is more than fair for what you get. Might give it another try.",2025-01-27
357105,4050,84869,4,"Very happy with this. Delivery arrived two days early, well packaged. Recommended.",2025-04-02
534521,1249,51373,4,"Instructions were clear and easy to follow. Even the packaging was thoughtfully done. Slightly slow shipping, though that's not the product's fault. Recommended.",2025-01-10
940778,1102,37212,5,Absolutely loved it! Customer service was fast and genuinely helpful.,2025-07-04
966723,7265,39360,5,"Five stars, no hesitation. Delivery arrived two days early, well packaged.",2025-10-13
113077,2468,80403,5,"Five stars, no hesitation. Setup took under five minutes. Will definitely buy again.",2025-11-01
432943,1319,72974,5,This is exactly what I was looking for. The build feels premium and sturdy. The little details show real care.,2025-01-18
220491,2651,57113,3,"Somewhere in the middle. The quality is noticeable the moment you unbox it. However, Setup was confusing and the docs didn't help. There are probably better options.",2025-05-21
897120,6686,69307,3,"Mixed feelings on this one. The sizing/specs are way off from the listing. Still, The quality is noticeable the moment you unbox it.",2025-02-21
992175,5519,95026,5,Couldn't be happier. The quality is noticeable the moment you unbox it. My whole team has switched over since. Highly recommend.,2025-05-18
582172,3709,39097,4,Works great. Battery life has been excellent so far. Even the packaging was thoughtfully done. A second color option would be nice.,2025-02-24
919351,8845,71983,5,Couldn't be happier. The price is more than fair for what you get. Support replied within the hour when I had a question.,2025-03-23
720506,4443,99383,5,"Five stars, no hesitation. Setup took under five minutes. Support replied within the hour when I had a question.",2025-04-23
891570,6275,98096,4,"It integrates seamlessly with everything I already use. Slightly slow shipping, though that's not the product's fault. Recommended.",2025-03-31
902979,9321,73975,5,"Best purchase I've made in a while. It integrates seamlessly with everything I already use. Months in, it still works like day one. 10/10.",2025-03-10
525436,8583,10032,5,Exceeded every expectation. Instructions were clear and easy to follow. Even the packaging was thoughtfully done. Worth every penny.,2025-02-01
437908,6444,34535,5,"I rarely write reviews, but this earned one. The interface is clean and intuitive. My whole team has switched over since.",2025-01-25
462710,1102,15214,5,Honestly blown away. The build feels premium and sturdy. My whole team has switched over since. Highly recommend.,2025-02-25
883529,1358,78192,4,Impressed for the price. It integrates seamlessly with everything I already use. Good value overall.,2025-08-12
720076,1004,93038,5,"I rarely write reviews, but this earned one. Customer service was fast and genuinely helpful. Even the packaging was thoughtfully done.",2025-05-17
950791,8509,81419,5,Exceeded every expectation. The price is more than fair for what you get. My whole team has switched over since. Worth every penny.,2025-03-14
855942,1709,93845,5,"Five stars, no hesitation. Instructions were clear and easy to follow.",2025-05-17
331129,2308,37675,5,Absolutely loved it! Performance is smooth even under heavy use. Already recommended it to friends.,2025-04-01
526994,3795,24422,5,Exceeded every expectation. The interface is clean and intuitive. The little details show real care. Highly recommend.,2025-04-05
592217,6512,22357,5,"Best purchase I've made in a while. The quality is noticeable the moment you unbox it. Months in, it still works like day one.",2025-02-20
635905,6420,94603,4,Good experience from start to finish. Battery life has been excellent so far. Good value overall.,2025-03-29
715863,7985,82716,5,"Delivery arrived two days early, well packaged. Already recommended it to friends.",2025-03-30
822769,8203,44612,5,Exceeded every expectation. The build feels premium and sturdy. Even the packaging was thoughtfully done.,2025-02-23
223748,5973,80190,5,The interface is clean and intuitive. Will definitely buy again.,2025-03-17
451723,8881,74826,5,Couldn't be happier. Performance is smooth even under heavy use. Even the packaging was thoughtfully done.,2025-09-27
318009,2098,84217,5,Honestly blown away. The quality is noticeable the moment you unbox it. Even the packaging was thoughtfully done.,2025-06-10
606490,8839,55826,4,"Battery life has been excellent so far. Slightly slow shipping, though that's not the product's fault. Good value overall.",2025-05-30
213041,7838,34401,3,"It works exactly as described. That said, The interface is clunky and slow. Not bad, not great.",2025-10-23
631938,9148,37079,5,Exceeded every expectation. Performance is smooth even under heavy use. Worth every penny.,2025-02-28
98770,9572,35501,4,Good experience from start to finish. Instructions were clear and easy to follow. Even the packaging was thoughtfully done. Happy with the purchase.,2025-01-28
153831,2145,81423,5,Absolutely loved it! The interface is clean and intuitive. Support replied within the hour when I had a question. 10/10.,2025-07-29
943640,6868,13262,3,"Customer service took a week to respond. To be fair, Customer service was fast and genuinely helpful. Not bad, not great.",2025-02-19
534133,3135,74242,4,"Works great. The price is more than fair for what you get. Slightly slow shipping, though that's not the product's fault.",2025-04-21
623458,3150,85451,5,"I rarely write reviews, but this earned one. Battery life has been excellent so far. My whole team has switched over since.",2025-03-27
893887,5634,77448,5,This is exactly what I was looking for. The build feels premium and sturdy. Support replied within the hour when I had a question.,2025-02-13
622620,9321,30259,5,This is exactly what I was looking for. Customer service was fast and genuinely helpful. Support replied within the hour when I had a question. Highly recommend.,2025-03-24
737485,4961,62183,5,"Couldn't be happier. The interface is clean and intuitive. Months in, it still works like day one. Will definitely buy again.",2025-05-30
876321,3713,68746,4,Good experience from start to finish. Battery life has been excellent so far. Happy with the purchase.,2025-04-18
236434,6434,42280,5,Best purchase I've made in a while. Setup took under five minutes. My whole team has switched over since.,2025-02-28
711423,8900,82997,5,"Five stars, no hesitation. Customer service was fast and genuinely helpful.",2025-03-08
171433,6282,88455,5,Exceeded every expectation. The interface is clean and intuitive. Support replied within the hour when I had a question. Worth every penny.,2025-08-29
358880,6420,48293,2,Not impressed. The quality feels much cheaper than advertised.,2025-01-30
244804,9269,30472,4,"Good experience from start to finish. The interface is clean and intuitive. My whole team has switched over since. Wish the manual was clearer, but that's minor.",2025-05-21
49236,2548,86189,3,"Fine for the price, I guess. Battery life has been excellent so far. However, Setup was confusing and the docs didn't help.",2025-01-08
165286,7644,89030,4,Really solid overall. The price is more than fair for what you get. Even the packaging was thoughtfully done. Happy with the purchase.,2025-02-09
312733,5860,80502,5,Absolutely loved it! It works exactly as described. My whole team has switched over since. 10/10.,2025-03-26
481521,8454,78158,5,"Honestly blown away. Instructions were clear and easy to follow. Months in, it still works like day one. Already recommended it to friends.",2025-05-12
948804,2358,31735,4,Very happy with this. Setup took under five minutes. Would buy again.,2025-03-13
340766,8454,82112,4,Works great. Performance is smooth even under heavy use. Recommended.,2025-07-29
307239,6757,16073,5,"Five stars, no hesitation. The build feels premium and sturdy. The little details show real care.",2025-07-03
445435,7632,68818,5,"I rarely write reviews, but this earned one. Setup took under five minutes. Support replied within the hour when I had a question.",2025-01-31
665080,2468,92756,4,Almost perfect. Performance is smooth even under heavy use. Docking one star for the setup process.,2025-04-04
605973,9004,29501,5,Absolutely loved it! It integrates seamlessly with everything I already use. 10/10.,2025-04-06
196748,4050,83399,5,This is exactly what I was looking for. Customer service was fast and genuinely helpful. Highly recommend.,2025-02-11
876860,2722,83375,5,"Five stars, no hesitation. Customer service was fast and genuinely helpful. Will definitely buy again.",2025-07-29
901171,5200,82622,5,The build feels premium and sturdy. Worth every penny.,2025-08-06
888707,5995,19668,4,Almost perfect. Customer service was fast and genuinely helpful. Good value overall.,2025-09-03
416053,4647,81787,5,Absolutely loved it! Instructions were clear and easy to follow. My whole team has switched over since.,2025-06-19
991248,6282,51425,5,Couldn't be happier. Customer service was fast and genuinely helpful. Support replied within the hour when I had a question.,2025-12-12
42485,8140,10664,5,"I rarely write reviews, but this earned one. The interface is clean and intuitive. Support replied within the hour when I had a question.",2025-04-07
492590,2735,37462,4,"Really solid overall. Setup took under five minutes. Months in, it still works like day one. Wish the manual was clearer, but that's minor.",2025-03-18
880394,9443,95920,4,Very happy with this. The quality is noticeable the moment you unbox it. Even the packaging was thoughtfully done. Docking one star for the setup process.,2025-10-05
531318,7128,45044,3,Somewhere in the middle. The interface is clean and intuitive. But Battery drains far faster than claimed.,2025-12-26
665365,3910,93241,3,"Delivery was late and the box arrived damaged. To be fair, It integrates seamlessly with everything I already use. Your mileage may vary.",2025-06-11
932391,2792,64035,5,This is exactly what I was looking for. Battery life has been excellent so far.,2025-11-29
33824,2027,53818,4,Almost perfect. The build feels premium and sturdy. Even the packaging was thoughtfully done. Happy with the purchase.,2025-05-20
761899,9705,74030,5,"Absolutely loved it! Delivery arrived two days early, well packaged. Months in, it still works like day one. Already recommended it to friends.",2025-03-12
286535,5860,68566,1,Avoid this. Several features simply don't work as described. Returning it was its own ordeal. Do not recommend.,2025-04-01
947117,5421,81866,4,Works great. The price is more than fair for what you get. Would buy again.,2025-10-26
278475,4919,41131,5,This is exactly what I was looking for. It integrates seamlessly with everything I already use. Even the packaging was thoughtfully done. Will definitely buy again.,2025-06-09
183954,5463,32494,5,"Five stars, no hesitation. Delivery arrived two days early, well packaged. 10/10.",2025-03-01
7374,5998,40590,3,"It's okay. Instructions were clear and easy to follow. On the other hand, Setup was confusing and the docs didn't help.",2025-03-29
158136,6434,21840,5,"I rarely write reviews, but this earned one. The build feels premium and sturdy.",2025-07-06
802267,2296,80156,5,Exceeded every expectation. Instructions were clear and easy to follow. The little details show real care. 10/10.,2025-03-01
400680,9140,96116,3,"Delivery arrived two days early, well packaged. However, It stopped working properly after a few days. Your mileage may vary.",2025-03-25
124803,6489,21065,5,Best purchase I've made in a while. Setup took under five minutes. Will definitely buy again.,2025-02-07
653350,7567,83047,4,"Performance is smooth even under heavy use. Even the packaging was thoughtfully done. Slightly slow shipping, though that's not the product's fault. Recommended.",2025-02-06
349978,9140,29840,4,Very happy with this. The interface is clean and intuitive. Only minor gripe is the packaging.,2025-01-15
400912,9321,89257,5,"Delivery arrived two days early, well packaged. Already recommended it to friends.",2025-03-18
942369,8641,39114,5,Absolutely loved it! Instructions were clear and easy to follow.,2025-05-03
131568,6444,36590,4,Almost perfect. The quality is noticeable the moment you unbox it. The little details show real care. Would buy again.,2025-03-18
867252,7187,46769,2,"Below average, sadly. Battery drains far faster than claimed. Look elsewhere first.",2025-02-07
162481,7570,11368,5,"I rarely write reviews, but this earned one. The build feels premium and sturdy. Even the packaging was thoughtfully done.",2025-06-16
996815,8655,67767,5,"Exceeded every expectation. The build feels premium and sturdy. Months in, it still works like day one. Highly recommend.",2025-04-13
313619,7861,23192,5,"I rarely write reviews, but this earned one. The quality is noticeable the moment you unbox it. 10/10.",2025-01-18
322951,9140,29298,5,Absolutely loved it! Setup took under five minutes. Already recommended it to friends.,2025-11-16
167804,9424,52818,4,"Very happy with this. Delivery arrived two days early, well packaged. Months in, it still works like day one. Only minor gripe is the packaging.",2025-10-27
667839,9140,32490,5,The interface is clean and intuitive. Support replied within the hour when I had a question. Highly recommend.,2025-05-21
770163,3650,10274,5,"I rarely write reviews, but this earned one. The price is more than fair for what you get. My whole team has switched over since.",2025-08-08
366739,9292,24141,4,"Impressed for the price. Battery life has been excellent so far. Months in, it still works like day one. Only minor gripe is the packaging.",2025-04-25
829804,9581,52702,5,Customer service was fast and genuinely helpful. My whole team has switched over since. Worth every penny.,2025-02-26
721068,9004,53818,5,The price is more than fair for what you get. Will definitely buy again.,2025-05-15
542515,1317,55690,4,"Really solid overall. Setup took under five minutes. Months in, it still works like day one. Good value overall.",2025-01-14
881591,2054,74484,3,"Delivery was late and the box arrived damaged. To be fair, The build feels premium and sturdy. There are probably better options.",2025-06-30
832685,3225,77697,5,Honestly blown away. Setup took under five minutes. My whole team has switched over since.,2025-04-26
956067,6420,82186,5,Exceeded every expectation. It integrates seamlessly with everything I already use. Worth every penny.,2025-12-02
926308,6188,70903,5,Exceeded every expectation. Customer service was fast and genuinely helpful. The little details show real care. Will definitely buy again.,2025-10-23
560319,8985,18017,2,Wouldn't buy again. The interface is clunky and slow. The replacement had the same problem. Expected more at this price.,2025-03-21
754509,6757,71099,5,"I rarely write reviews, but this earned one. Setup took under five minutes. 10/10.",2025-05-16
599500,3403,66192,1,One star is generous. The sizing/specs are way off from the listing. Returning it was its own ordeal. Still waiting on a resolution. Buyer beware.,2025-07-29
522531,6686,74765,4,"Almost perfect. It integrates seamlessly with everything I already use. Support replied within the hour when I had a question. Wish the manual was clearer, but that's minor.",2025-09-01
491106,2027,91982,4,Really solid overall. Setup took under five minutes. Good value overall.,2025-05-28
455333,5354,14045,4,"Does what it promises. Performance is smooth even under heavy use. Even the packaging was thoughtfully done. Slightly slow shipping, though that's not the product's fault.",2025-02-01
607213,7598,15953,5,"Absolutely loved it! Delivery arrived two days early, well packaged. Worth every penny.",2025-08-15
17618,2308,83590,4,Almost perfect. Setup took under five minutes. The little details show real care. Happy with the purchase.,2025-03-06
766800,3081,64273,5,"Delivery arrived two days early, well packaged. Months in, it still works like day one. 10/10.",2025-06-03
314149,1319,36330,3,"Decent, but not great. The interface is clunky and slow. To be fair, It integrates seamlessly with everything I already use. Your mileage may vary.",2025-04-30
139798,6577,73274,2,Wouldn't buy again. Delivery was late and the box arrived damaged. Photos online are nothing like the real thing.,2025-03-13
562456,3225,68865,2,Expected better. Delivery was late and the box arrived damaged.,2025-06-26
887500,1588,38776,4,"The interface is clean and intuitive. My whole team has switched over since. Slightly slow shipping, though that's not the product's fault. Good value overall.",2025-03-28
676520,4303,29964,5,"I rarely write reviews, but this earned one. Performance is smooth even under heavy use. Support replied within the hour when I had a question. 10/10.",2025-03-01
192553,4613,81866,5,"I rarely write reviews, but this earned one. Performance is smooth even under heavy use. Support replied within the hour when I had a question. 10/10.",2025-11-06
465166,4647,45872,5,Exceeded every expectation. It works exactly as described. Will definitely buy again.,2025-06-11
942769,3135,78994,3,"The sizing/specs are way off from the listing. On the plus side, Performance is smooth even under heavy use. Might give it another try.",2025-01-30
937610,7350,93980,5,"I rarely write reviews, but this earned one. Performance is smooth even under heavy use.",2025-01-21
469448,2722,84073,5,"Couldn't be happier. The interface is clean and intuitive. Months in, it still works like day one.",2025-04-30
721571,1896,91742,4,Almost perfect. It works exactly as described. Recommended.,2025-09-12
827426,1716,57922,5,Couldn't be happier. Performance is smooth even under heavy use. My whole team has switched over since. Highly recommend.,2025-02-07
977036,6489,70448,5,"Five stars, no hesitation. The price is more than fair for what you get.",2025-05-30
475257,4872,50551,3,"It's okay. It stopped working properly after a few days. Still, The build feels premium and sturdy. Your mileage may vary.",2025-04-01
964669,3037,25041,5,Battery life has been excellent so far. The little details show real care. Worth every penny.,2025-02-13
520011,1319,17611,5,Absolutely loved it! Performance is smooth even under heavy use.,2025-03-15
558133,1115,56004,4,Almost perfect. Customer service was fast and genuinely helpful. Even the packaging was thoughtfully done. Recommended.,2025-02-21
718349,8405,34568,4,Good experience from start to finish. It integrates seamlessly with everything I already use. My whole team has switched over since. Only minor gripe is the packaging.,2025-03-27
966025,2549,90629,5,"Best purchase I've made in a while. Delivery arrived two days early, well packaged.",2025-04-14
700092,8985,73302,5,"Best purchase I've made in a while. Delivery arrived two days early, well packaged.",2025-04-17
673211,3455,60044,5,"Five stars, no hesitation. Delivery arrived two days early, well packaged. Already recommended it to friends.",2025-03-15
607066,5096,39387,5,Honestly blown away. The interface is clean and intuitive. Support replied within the hour when I had a question. Worth every penny.,2025-11-10
453380,8614,52075,3,"Decent, but not great. Instructions were clear and easy to follow. On the other hand, It's overpriced for what you actually get. Might give it another try.",2025-03-14
877355,7071,86818,3,Mixed feelings on this one. Performance is smooth even under heavy use. But The sizing/specs are way off from the listing.,2025-03-20
554218,4303,49493,4,Impressed for the price. The quality is noticeable the moment you unbox it. The little details show real care. Recommended.,2025-02-26
56800,9424,69590,4,Works great. It integrates seamlessly with everything I already use. Support replied within the hour when I had a question. Docking one star for the setup process.,2025-05-16
564202,7644,75019,3,"Somewhere in the middle. Battery drains far faster than claimed. To be fair, The quality is noticeable the moment you unbox it. Not bad, not great.",2025-03-28
543773,7122,65622,5,Couldn't be happier. It integrates seamlessly with everything I already use. Support replied within the hour when I had a question.,2025-03-04
910024,7479,73980,5,Honestly blown away. Instructions were clear and easy to follow. Worth every penny.,2025-09-05
311726,1896,65521,5,Honestly blown away. Setup took under five minutes.,2025-02-10
771638,3852,42104,4,It integrates seamlessly with everything I already use. Docking one star for the setup process. Good value overall.,2025-04-14
836674,1939,26142,3,"Fine for the price, I guess. It's overpriced for what you actually get. To be fair, The quality is noticeable the moment you unbox it. Your mileage may vary.",2025-01-13
469681,7350,49273,5,The price is more than fair for what you get. 10/10.,2025-08-22
178293,7019,29404,5,Best purchase I've made in a while. Setup took under five minutes. My whole team has switched over since. Worth every penny.,2025-02-17
815797,1786,49465,3,"The price is more than fair for what you get. That said, The sizing/specs are way off from the listing. Your mileage may vary.",2025-03-20
11461,5163,30521,5,"Couldn't be happier. Delivery arrived two days early, well packaged.",2025-04-01
442090,4868,97552,4,"Good experience from start to finish. It integrates seamlessly with everything I already use. Slightly slow shipping, though that's not the product's fault.",2025-04-19
416806,1716,61783,5,Battery life has been excellent so far. Will definitely buy again.,2025-03-16
149173,7019,11415,5,"I rarely write reviews, but this earned one. Customer service was fast and genuinely helpful. The little details show real care.",2025-03-01
705635,8405,27609,4,"Does what it promises. Battery life has been excellent so far. Months in, it still works like day one. Would buy again.",2025-02-22
260983,6282,59382,5,"Absolutely loved it! Setup took under five minutes. Months in, it still works like day one. Highly recommend.",2025-05-21
838212,8140,60518,1,It's overpriced for what you actually get. Returning it was its own ordeal. Save your money. Buyer beware.,2025-05-06
527348,5463,88587,2,It stopped working properly after a few days. Hard to recommend.,2025-03-04
874871,8407,34651,5,Instructions were clear and easy to follow. 10/10.,2025-04-25
251306,4961,24419,4,The build feels premium and sturdy. A second color option would be nice. Happy with the purchase.,2025-04-28
263349,5354,79078,3,"It's overpriced for what you actually get. Still, Customer service was fast and genuinely helpful. Might give it another try.",2025-01-17
74838,9424,66546,5,Best purchase I've made in a while. It integrates seamlessly with everything I already use. Support replied within the hour when I had a question.,2025-06-11
928117,9148,52477,1,One star is generous. Setup was confusing and the docs didn't help. I ended up buying a different brand. Do not recommend.,2025-04-11
5610,8881,78538,5,Honestly blown away. Battery life has been excellent so far. Support replied within the hour when I had a question.,2025-04-15
835959,6664,95646,5,"I rarely write reviews, but this earned one. The quality is noticeable the moment you unbox it.",2025-02-21
543115,5157,48981,5,"Couldn't be happier. The quality is noticeable the moment you unbox it. Months in, it still works like day one. 10/10.",2025-03-05
237426,6686,10786,5,Exceeded every expectation. The interface is clean and intuitive. My whole team has switched over since.,2025-02-07
195679,1030,48861,5,This is exactly what I was looking for. Setup took under five minutes. Even the packaging was thoughtfully done.,2025-07-09
642388,5384,85390,4,"The price is more than fair for what you get. The little details show real care. Wish the manual was clearer, but that's minor. Good value overall.",2025-02-15
766119,9518,79826,5,Couldn't be happier. It works exactly as described. Even the packaging was thoughtfully done. Already recommended it to friends.,2025-03-28
46162,2027,55727,5,The quality is noticeable the moment you unbox it. Support replied within the hour when I had a question. Worth every penny.,2025-03-14
792681,8842,44659,4,Very happy with this. Setup took under five minutes. Only minor gripe is the packaging.,2025-09-16
840681,6892,30521,3,"Decent, but not great. Performance is smooth even under heavy use. On the other hand, It's overpriced for what you actually get. Might give it another try.",2025-03-26
898675,9044,53508,5,Absolutely loved it! It integrates seamlessly with everything I already use. 10/10.,2025-05-12
440943,4574,21224,1,Avoid this. Customer service took a week to respond. Photos online are nothing like the real thing. Do not recommend.,2025-12-04
52609,1319,81011,4,Good experience from start to finish. Customer service was fast and genuinely helpful. My whole team has switched over since. Good value overall.,2025-01-15
859635,5989,52882,5,Instructions were clear and easy to follow. The little details show real care. Already recommended it to friends.,2025-06-17
920809,2050,47341,5,Exceeded every expectation. Battery life has been excellent so far. My whole team has switched over since.,2025-01-30
724685,6282,84577,5,Best purchase I've made in a while. The build feels premium and sturdy. The little details show real care.,2025-11-25
266832,6259,69582,4,Very happy with this. Performance is smooth even under heavy use. The little details show real care. Would buy again.,2025-01-21
460505,4961,39512,5,The build feels premium and sturdy. Will definitely buy again.,2025-04-02
527112,8985,94711,5,Couldn't be happier. The build feels premium and sturdy.,2025-04-03
751982,7071,60577,4,Very happy with this. The interface is clean and intuitive. Support replied within the hour when I had a question. Happy with the purchase.,2025-08-05
738362,9269,92843,5,"Five stars, no hesitation. Battery life has been excellent so far. The little details show real care.",2025-03-03
453073,2981,57918,5,Honestly blown away. Customer service was fast and genuinely helpful. The little details show real care. Already recommended it to friends.,2025-01-21
104583,8350,40631,3,"Battery drains far faster than claimed. On the plus side, Performance is smooth even under heavy use. There are probably better options.",2025-05-31
797856,4790,86668,3,"It's okay. Customer service took a week to respond. On the plus side, Performance is smooth even under heavy use.",2025-01-22
569456,8432,49244,5,"Best purchase I've made in a while. Delivery arrived two days early, well packaged. My whole team has switched over since. Already recommended it to friends.",2025-12-17
859455,7809,89577,5,"Five stars, no hesitation. Battery life has been excellent so far.",2025-03-02
728217,7440,60145,2,It stopped working properly after a few days. Look elsewhere first.,2025-03-22
16839,5354,56071,5,Best purchase I've made in a while. Battery life has been excellent so far. Worth every penny.,2025-02-07
230861,5232,25107,4,"Does what it promises. Delivery arrived two days early, well packaged. Only minor gripe is the packaging.",2025-05-17
305938,5278,59979,5,"Five stars, no hesitation. The quality is noticeable the moment you unbox it.",2025-03-02
665164,4158,90925,5,"Five stars, no hesitation. Battery life has been excellent so far. Even the packaging was thoughtfully done. Will definitely buy again.",2025-09-12
587349,6958,36503,5,"Exceeded every expectation. The build feels premium and sturdy. Months in, it still works like day one.",2025-03-14
757179,8845,73677,4,"Very happy with this. Battery life has been excellent so far. Months in, it still works like day one. Would buy again.",2025-02-06
270579,9424,25279,5,This is exactly what I was looking for. Instructions were clear and easy to follow. My whole team has switched over since. 10/10.,2025-04-24
664240,1319,65622,5,Exceeded every expectation. Customer service was fast and genuinely helpful. Support replied within the hour when I had a question. 10/10.,2025-01-30
446813,5998,81138,5,The build feels premium and sturdy. My whole team has switched over since. 10/10.,2025-04-29
671502,6128,80677,4,Really solid overall. It works exactly as described. Even the packaging was thoughtfully done. Would buy again.,2025-02-03
397653,7838,41130,4,"Good experience from start to finish. Delivery arrived two days early, well packaged. Docking one star for the setup process.",2025-02-07
821421,1883,22741,4,"Works great. Performance is smooth even under heavy use. Months in, it still works like day one. Wish the manual was clearer, but that's minor.",2025-02-26
45843,2712,17374,5,"Delivery arrived two days early, well packaged. Highly recommend.",2025-08-29
888301,2792,81234,5,Couldn't be happier. The interface is clean and intuitive. Even the packaging was thoughtfully done.,2025-01-22
701630,3455,52420,5,"Five stars, no hesitation. It works exactly as described. Support replied within the hour when I had a question.",2025-02-27
475824,8205,44659,4,"The build feels premium and sturdy. Even the packaging was thoughtfully done. Slightly slow shipping, though that's not the product's fault. Good value overall.",2025-09-22
489738,5183,30343,5,"Five stars, no hesitation. The build feels premium and sturdy. My whole team has switched over since. Will definitely buy again.",2025-02-21
498343,6420,39073,5,Best purchase I've made in a while. The interface is clean and intuitive. Support replied within the hour when I had a question.,2025-02-28
902009,1539,80819,5,"Exceeded every expectation. The price is more than fair for what you get. Months in, it still works like day one.",2025-02-22
896150,5278,53321,1,One star is generous. It's overpriced for what you actually get. No response to two support emails. Never again.,2025-03-21
985505,2098,59900,3,"It's okay. Customer service was fast and genuinely helpful. However, The sizing/specs are way off from the listing. Not bad, not great.",2025-06-17
19688,9963,96116,5,This is exactly what I was looking for. Instructions were clear and easy to follow. My whole team has switched over since.,2025-02-20
207343,4094,40419,4,Good experience from start to finish. Performance is smooth even under heavy use. The little details show real care. Good value overall.,2025-04-11
114677,1043,93717,2,"Below average, sadly. The interface is clunky and slow. Expected more at this price.",2025-01-28
370187,3852,93990,5,The build feels premium and sturdy. Even the packaging was thoughtfully done. Highly recommend.,2025-08-17
296188,7279,96539,4,Works great. Battery life has been excellent so far. Support replied within the hour when I had a question. Docking one star for the setup process.,2025-03-19
841226,8550,82938,5,"It integrates seamlessly with everything I already use. Months in, it still works like day one. 10/10.",2025-01-28
296831,2394,74555,5,Absolutely loved it! Setup took under five minutes.,2025-01-20
213403,5354,86375,4,"Really solid overall. Delivery arrived two days early, well packaged. My whole team has switched over since. A second color option would be nice.",2025-03-12
761137,8756,72340,4,Battery life has been excellent so far. Support replied within the hour when I had a question. A second color option would be nice. Good value overall.,2025-01-16
829771,6892,96029,5,"I rarely write reviews, but this earned one. Customer service was fast and genuinely helpful. The little details show real care. 10/10.",2025-04-29
197711,3709,38893,4,"Really solid overall. It works exactly as described. The little details show real care. Slightly slow shipping, though that's not the product's fault.",2025-08-07
644059,5200,50777,5,"I rarely write reviews, but this earned one. Battery life has been excellent so far.",2025-05-26
148865,1896,73995,3,"Decent, but not great. It integrates seamlessly with everything I already use. However, Battery drains far faster than claimed.",2025-03-08
218175,1030,77565,2,"Below average, sadly. Several features simply don't work as described. No response to two support emails. Expected more at this price.",2025-01-17
559237,5797,37852,5,The price is more than fair for what you get. Will definitely buy again.,2025-03-09
965280,6259,81234,5,"Five stars, no hesitation. It works exactly as described.",2025-02-10
481456,3953,48511,5,Exceeded every expectation. Battery life has been excellent so far. Even the packaging was thoughtfully done.,2025-03-07
575187,5634,54447,5,"Five stars, no hesitation. Delivery arrived two days early, well packaged. Even the packaging was thoughtfully done. Highly recommend.",2025-09-21
746930,8060,92007,4,"Impressed for the price. Delivery arrived two days early, well packaged. Months in, it still works like day one. Wish the manual was clearer, but that's minor.",2025-06-01
74180,2276,95394,4,Impressed for the price. The build feels premium and sturdy. Even the packaging was thoughtfully done. Would buy again.,2025-04-01
910913,4053,67056,5,Best purchase I've made in a while. The build feels premium and sturdy.,2025-01-31
259364,6489,77235,5,This is exactly what I was looking for. The build feels premium and sturdy. Worth every penny.,2025-01-29
572766,7187,93687,4,Very happy with this. The quality is noticeable the moment you unbox it. Would buy again.,2025-03-11
172572,4647,94264,5,Couldn't be happier. The build feels premium and sturdy. Even the packaging was thoughtfully done. Worth every penny.,2025-04-18
214512,8203,34668,4,Customer service was fast and genuinely helpful. A second color option would be nice. Recommended.,2025-02-07
531821,6829,16270,4,"Really solid overall. Setup took under five minutes. Wish the manual was clearer, but that's minor.",2025-04-30
21397,3713,70145,5,Honestly blown away. The quality is noticeable the moment you unbox it. Even the packaging was thoughtfully done.,2025-05-17
32459,3403,80156,1,Several features simply don't work as described. The replacement had the same problem. I've asked for a refund. Never again.,2025-02-06
32875,1270,95695,5,Absolutely loved it! Customer service was fast and genuinely helpful. Support replied within the hour when I had a question. Will definitely buy again.,2025-09-19
830342,2358,54707,5,Exceeded every expectation. The build feels premium and sturdy. The little details show real care.,2025-08-15
234434,7570,53321,5,Exceeded every expectation. Customer service was fast and genuinely helpful.,2025-03-31
296240,4443,11960,5,"Five stars, no hesitation. It integrates seamlessly with everything I already use. Support replied within the hour when I had a question. 10/10.",2025-05-07
124843,6420,96755,1,Complete waste of money. Setup was confusing and the docs didn't help. Buyer beware.,2025-01-20
357138,5718,20155,5,Best purchase I've made in a while. It works exactly as described.,2025-11-14
347318,5264,52857,5,"Honestly blown away. Delivery arrived two days early, well packaged.",2025-08-19
327429,6275,26788,5,"Best purchase I've made in a while. Instructions were clear and easy to follow. Months in, it still works like day one. Already recommended it to friends.",2025-03-04
837535,9963,76107,4,"Customer service was fast and genuinely helpful. Wish the manual was clearer, but that's minor. Recommended.",2025-09-01
835661,4234,82112,5,The quality is noticeable the moment you unbox it. Highly recommend.,2025-08-19
907020,1030,48762,4,Good experience from start to finish. Performance is smooth even under heavy use. My whole team has switched over since. A second color option would be nice.,2025-01-21
936545,1193,81866,5,Exceeded every expectation. The build feels premium and sturdy. 10/10.,2025-11-09
773127,3713,66796,5,Best purchase I've made in a while. The build feels premium and sturdy. Even the packaging was thoughtfully done. 10/10.,2025-02-16
422549,4571,54747,1,Terrible experience. It stopped working properly after a few days. Returning it was its own ordeal. Save your money. Do not recommend.,2025-02-14
562091,1291,52163,3,"Delivery arrived two days early, well packaged. On the other hand, Setup was confusing and the docs didn't help. Your mileage may vary.",2025-07-17
795189,9443,17611,4,"Good experience from start to finish. It integrates seamlessly with everything I already use. Slightly slow shipping, though that's not the product's fault.",2025-04-04
92205,3338,86478,5,Honestly blown away. The interface is clean and intuitive. My whole team has switched over since.,2025-04-21
470553,4868,70347,5,"I rarely write reviews, but this earned one. Customer service was fast and genuinely helpful. Months in, it still works like day one.",2025-02-26
174496,3061,46860,4,Almost perfect. Instructions were clear and easy to follow. Recommended.,2025-10-03
728993,7632,39866,5,The quality is noticeable the moment you unbox it. Even the packaging was thoughtfully done. 10/10.,2025-05-22
54502,2548,11935,4,"Good experience from start to finish. The quality is noticeable the moment you unbox it. Months in, it still works like day one. Wish the manual was clearer, but that's minor.",2025-05-06
82554,7048,53287,3,"Instructions were clear and easy to follow. However, It's overpriced for what you actually get. Not bad, not great.",2025-05-17
410371,2621,26215,4,"Almost perfect. The interface is clean and intuitive. My whole team has switched over since. Wish the manual was clearer, but that's minor.",2025-10-03
225463,8203,90444,5,This is exactly what I was looking for. The price is more than fair for what you get. Will definitely buy again.,2025-09-11
910076,8842,38776,5,Best purchase I've made in a while. Instructions were clear and easy to follow. Even the packaging was thoughtfully done. Worth every penny.,2025-04-28
481167,4919,15473,5,This is exactly what I was looking for. Customer service was fast and genuinely helpful. Support replied within the hour when I had a question.,2025-03-14
61123,4300,38635,4,Does what it promises. The quality is noticeable the moment you unbox it. Recommended.,2025-07-19
88691,6686,21840,4,"Almost perfect. Delivery arrived two days early, well packaged. Even the packaging was thoughtfully done. Only minor gripe is the packaging.",2025-07-02
810067,5682,60066,5,This is exactly what I was looking for. Battery life has been excellent so far. Already recommended it to friends.,2025-02-02
401035,8583,30459,3,"It's okay. Instructions were clear and easy to follow. But Customer service took a week to respond. Not bad, not great.",2025-03-16
883528,4002,78054,5,Exceeded every expectation. It integrates seamlessly with everything I already use. Already recommended it to friends.,2025-12-27
598368,7509,47386,5,Customer service was fast and genuinely helpful. Will definitely buy again.,2025-02-20
934172,5163,25608,5,This is exactly what I was looking for. Performance is smooth even under heavy use.,2025-03-12
498486,6723,83404,5,The price is more than fair for what you get. Worth every penny.,2025-01-25
552014,6259,19537,3,"Performance is smooth even under heavy use. That said, Delivery was late and the box arrived damaged. Not bad, not great.",2025-03-27
416974,4961,78158,5,Absolutely loved it! The price is more than fair for what you get. Will definitely buy again.,2025-05-11
614282,5989,69552,5,Exceeded every expectation. Setup took under five minutes. My whole team has switched over since. Highly recommend.,2025-01-10
426995,6048,34058,5,"Five stars, no hesitation. Battery life has been excellent so far. 10/10.",2025-03-06
896833,7048,71027,5,Honestly blown away. Battery life has been excellent so far. 10/10.,2025-03-25
439658,3150,41767,5,It works exactly as described. Worth every penny.,2025-11-16
111544,2621,10536,4,"Very happy with this. Battery life has been excellent so far. Wish the manual was clearer, but that's minor.",2025-01-20
334832,9148,20862,4,Really solid overall. Battery life has been excellent so far. Happy with the purchase.,2025-02-24
198030,5982,20860,5,Absolutely loved it! The build feels premium and sturdy. My whole team has switched over since. Worth every penny.,2025-05-22
878453,1512,61786,3,"Somewhere in the middle. The sizing/specs are way off from the listing. On the plus side, It integrates seamlessly with everything I already use.",2025-03-13
697951,4613,46145,5,Couldn't be happier. Customer service was fast and genuinely helpful.,2025-02-07
535154,4269,69307,4,Very happy with this. Setup took under five minutes. Happy with the purchase.,2025-02-22
938989,5768,80156,5,"Honestly blown away. Delivery arrived two days early, well packaged.",2025-02-14
924629,5275,81787,4,Good experience from start to finish. Customer service was fast and genuinely helpful. Even the packaging was thoughtfully done. Recommended.,2025-06-19
242229,7567,71149,5,Instructions were clear and easy to follow. Even the packaging was thoughtfully done. 10/10.,2025-04-14
207055,5463,40365,3,"It's overpriced for what you actually get. On the plus side, Customer service was fast and genuinely helpful. Not bad, not great.",2025-02-11
276935,9763,91990,4,Setup took under five minutes. My whole team has switched over since. Only minor gripe is the packaging. Recommended.,2025-05-05
311874,9362,78194,5,"Couldn't be happier. Delivery arrived two days early, well packaged.",2025-04-25
147238,9821,26142,5,Honestly blown away. It integrates seamlessly with everything I already use.,2025-02-02
802851,1655,84627,5,Absolutely loved it! Instructions were clear and easy to follow. The little details show real care.,2025-02-05
387930,5718,95486,4,Does what it promises. Customer service was fast and genuinely helpful. Support replied within the hour when I had a question. Good value overall.,2025-02-02
719906,6048,54384,5,Honestly blown away. The quality is noticeable the moment you unbox it. Even the packaging was thoughtfully done. Highly recommend.,2025-02-01
32514,2358,25279,5,This is exactly what I was looking for. The quality is noticeable the moment you unbox it. Support replied within the hour when I had a question.,2025-04-24
103009,1102,10442,5,Best purchase I've made in a while. The interface is clean and intuitive. My whole team has switched over since.,2025-01-30
789023,9292,14045,3,"Decent, but not great. It works exactly as described. However, Customer service took a week to respond.",2025-01-24
70756,7838,95275,5,"Five stars, no hesitation. Setup took under five minutes. Months in, it still works like day one. Will definitely buy again.",2025-01-17
654197,4571,14774,4,"It works exactly as described. Wish the manual was clearer, but that's minor. Good value overall.",2025-02-08
947778,6032,18388,3,"Fine for the price, I guess. It's overpriced for what you actually get. On the plus side, Battery life has been excellent so far. Might give it another try.",2025-05-10
502031,7598,97889,2,Customer service took a week to respond. Photos online are nothing like the real thing. Expected more at this price.,2025-03-21
137036,5999,44068,5,Exceeded every expectation. Setup took under five minutes. Already recommended it to friends.,2025-03-28
312785,5989,60066,1,The sizing/specs are way off from the listing. I ended up buying a different brand. Reporting this to the marketplace. Never again.,2025-02-11
945606,5183,63923,5,"Five stars, no hesitation. The quality is noticeable the moment you unbox it.",2025-03-21
545809,8260,68045,5,Honestly blown away. The build feels premium and sturdy.,2025-02-24
555234,6423,94213,4,Very happy with this. The quality is noticeable the moment you unbox it. My whole team has switched over since. Good value overall.,2025-06-25
482547,5232,27665,4,Very happy with this. Setup took under five minutes. Would buy again.,2025-04-25
405514,8550,55609,5,"This is exactly what I was looking for. Delivery arrived two days early, well packaged. Even the packaging was thoughtfully done. Will definitely buy again.",2025-03-28
246455,8060,29452,5,Absolutely loved it! The quality is noticeable the moment you unbox it.,2025-08-30
471643,3081,69505,5,"Couldn't be happier. The build feels premium and sturdy. Months in, it still works like day one.",2025-03-20
166508,8839,34927,3,"Setup took under five minutes. That said, Several features simply don't work as described. There are probably better options.",2025-02-16
365089,6434,25753,3,"Mixed feelings on this one. The quality is noticeable the moment you unbox it. That said, Setup was confusing and the docs didn't help.",2025-04-03
808032,1588,92644,5,Honestly blown away. The interface is clean and intuitive. Even the packaging was thoughtfully done. Will definitely buy again.,2025-01-29
628929,3531,11507,4,Impressed for the price. The quality is noticeable the moment you unbox it. The little details show real care. Only minor gripe is the packaging.,2025-04-12
727264,4300,70260,5,Couldn't be happier. Performance is smooth even under heavy use. The little details show real care. 10/10.,2025-01-07
987855,4734,54907,5,Best purchase I've made in a while. Battery life has been excellent so far. The little details show real care. Already recommended it to friends.,2025-05-23
643231,3225,55826,5,"I rarely write reviews, but this earned one. Setup took under five minutes.",2025-06-28
154091,9285,71936,5,The quality is noticeable the moment you unbox it. Support replied within the hour when I had a question. Will definitely buy again.,2025-03-28
420690,4234,35240,4,Very happy with this. The price is more than fair for what you get. Would buy again.,2025-02-05
27603,4004,64273,5,"I rarely write reviews, but this earned one. It integrates seamlessly with everything I already use. Even the packaging was thoughtfully done. 10/10.",2025-05-18
875613,2722,85578,5,Best purchase I've made in a while. Setup took under five minutes. My whole team has switched over since.,2025-07-20
570156,5354,35852,5,"I rarely write reviews, but this earned one. Customer service was fast and genuinely helpful. Even the packaging was thoughtfully done. Already recommended it to friends.",2025-03-26
729605,1004,25395,4,"Customer service was fast and genuinely helpful. Wish the manual was clearer, but that's minor. Happy with the purchase.",2025-02-19
601224,6757,58752,5,"Five stars, no hesitation. Customer service was fast and genuinely helpful. Even the packaging was thoughtfully done. Already recommended it to friends.",2025-03-03
850173,3225,78158,5,Honestly blown away. Performance is smooth even under heavy use. Worth every penny.,2025-04-22
635581,6664,21547,1,Terrible experience. Delivery was late and the box arrived damaged. Photos online are nothing like the real thing. I've asked for a refund. Buyer beware.,2025-02-19
260497,6249,79888,1,Complete waste of money. Battery drains far faster than claimed. The replacement had the same problem. Reporting this to the marketplace. Do not recommend.,2025-06-03
837346,3338,58822,5,Absolutely loved it! Instructions were clear and easy to follow. Highly recommend.,2025-05-28
999705,1883,13785,5,"Delivery arrived two days early, well packaged. Support replied within the hour when I had a question. Highly recommend.",2025-08-16
70251,6249,33880,5,Honestly blown away. The price is more than fair for what you get. Support replied within the hour when I had a question. 10/10.,2025-05-06
268996,4925,57663,5,Best purchase I've made in a while. Performance is smooth even under heavy use. The little details show real care.,2025-03-02
396715,2226,62695,4,"Customer service was fast and genuinely helpful. The little details show real care. Slightly slow shipping, though that's not the product's fault. Would buy again.",2025-03-19
146987,9444,45900,4,Almost perfect. The quality is noticeable the moment you unbox it. Only minor gripe is the packaging.,2025-02-13
43627,6282,18019,5,Instructions were clear and easy to follow. Support replied within the hour when I had a question. Will definitely buy again.,2025-05-25
678019,9581,54050,5,Absolutely loved it! Battery life has been excellent so far. Worth every penny.,2025-05-24
45651,7495,17018,4,"Really solid overall. Instructions were clear and easy to follow. Months in, it still works like day one. A second color option would be nice.",2025-07-27
106145,2055,47710,5,Absolutely loved it! The price is more than fair for what you get. Even the packaging was thoughtfully done.,2025-03-24
192609,3953,40800,5,"This is exactly what I was looking for. It works exactly as described. Months in, it still works like day one.",2025-02-25
391833,4303,91464,3,"Fine for the price, I guess. It works exactly as described. On the other hand, Setup was confusing and the docs didn't help.",2025-02-23
680759,7279,46567,5,Absolutely loved it! The build feels premium and sturdy. Even the packaging was thoughtfully done.,2025-02-18
802465,3338,13260,2,Disappointing. Customer service took a week to respond. The replacement had the same problem.,2025-01-18
341399,7693,43038,5,"Instructions were clear and easy to follow. Months in, it still works like day one. Worth every penny.",2025-04-26
640550,4872,91253,5,Honestly blown away. The price is more than fair for what you get. My whole team has switched over since.,2025-06-15
605150,5718,40631,5,Couldn't be happier. Customer service was fast and genuinely helpful. My whole team has switched over since. Will definitely buy again.,2025-06-14
953067,3061,78194,5,Absolutely loved it! It works exactly as described. Even the packaging was thoughtfully done. Already recommended it to friends.,2025-03-29
165561,5768,68045,4,Almost perfect. It works exactly as described. A second color option would be nice.,2025-02-18
626238,4443,73677,5,"I rarely write reviews, but this earned one. Battery life has been excellent so far. Support replied within the hour when I had a question. Will definitely buy again.",2025-02-13
888468,8540,58152,5,Battery life has been excellent so far. Will definitely buy again.,2025-06-01
589227,2792,60269,4,"Works great. Delivery arrived two days early, well packaged. Support replied within the hour when I had a question. Recommended.",2025-03-29
615069,4158,81529,1,Delivery was late and the box arrived damaged. Returning it was its own ordeal. Save your money. Buyer beware.,2025-06-26
526946,1408,96543,5,"Honestly blown away. Delivery arrived two days early, well packaged. Support replied within the hour when I had a question.",2025-05-03
573993,5998,43367,3,"Decent, but not great. The build feels premium and sturdy. That said, Battery drains far faster than claimed. Your mileage may vary.",2025-01-19
162389,9140,13504,5,Couldn't be happier. The build feels premium and sturdy. My whole team has switched over since. Worth every penny.,2025-01-24
638006,9444,78194,5,Honestly blown away. The price is more than fair for what you get.,2025-05-05
276843,4269,64563,1,Complete waste of money. The sizing/specs are way off from the listing. The replacement had the same problem. Never again.,2025-01-04
756873,3814,16008,5,"Best purchase I've made in a while. The interface is clean and intuitive. Months in, it still works like day one. 10/10.",2025-03-01
826207,5682,99383,5,Performance is smooth even under heavy use. Already recommended it to friends.,2025-05-08
819755,5209,40303,2,"Below average, sadly. The quality feels much cheaper than advertised. No response to two support emails. Expected more at this price.",2025-03-03
602361,4647,22510,5,Couldn't be happier. Customer service was fast and genuinely helpful. My whole team has switched over since. Already recommended it to friends.,2025-11-11
463375,5801,84073,5,Couldn't be happier. Instructions were clear and easy to follow. My whole team has switched over since.,2025-04-17
512963,2055,23297,5,"The build feels premium and sturdy. Months in, it still works like day one. Highly recommend.",2025-05-12
895565,1118,10442,4,The interface is clean and intuitive. My whole team has switched over since. Only minor gripe is the packaging. Happy with the purchase.,2025-01-21
579052,3119,84968,4,Impressed for the price. Battery life has been excellent so far. A second color option would be nice.,2025-03-16
879634,4571,61189,5,Honestly blown away. Performance is smooth even under heavy use.,2025-04-22
585117,4890,19116,4,"Good experience from start to finish. The price is more than fair for what you get. My whole team has switched over since. Wish the manual was clearer, but that's minor.",2025-02-25
370904,1709,35953,5,Couldn't be happier. Setup took under five minutes.,2025-03-29
84094,8583,46769,4,"Very happy with this. It works exactly as described. Support replied within the hour when I had a question. Wish the manual was clearer, but that's minor.",2025-02-15
926722,7643,20828,4,"Works great. The price is more than fair for what you get. Months in, it still works like day one. Only minor gripe is the packaging.",2025-04-02
742450,4435,97953,4,Customer service was fast and genuinely helpful. Support replied within the hour when I had a question. A second color option would be nice. Good value overall.,2025-04-18
561030,1193,60621,5,"Five stars, no hesitation. It integrates seamlessly with everything I already use. My whole team has switched over since. Already recommended it to friends.",2025-04-16
763605,5801,15952,5,The price is more than fair for what you get. Worth every penny.,2025-02-16
783920,6153,28975,3,"Mixed feelings on this one. It's overpriced for what you actually get. On the plus side, The price is more than fair for what you get.",2025-04-03
704001,6868,38805,4,"Very happy with this. The quality is noticeable the moment you unbox it. Even the packaging was thoughtfully done. Slightly slow shipping, though that's not the product's fault.",2025-07-22
584308,1193,99228,5,Honestly blown away. Setup took under five minutes. Even the packaging was thoughtfully done.,2025-11-15
632446,1840,99700,5,Couldn't be happier. Setup took under five minutes.,2025-05-13
757842,7440,39072,5,Honestly blown away. The build feels premium and sturdy. Even the packaging was thoughtfully done. Highly recommend.,2025-04-09
997105,5718,52227,5,"Instructions were clear and easy to follow. Months in, it still works like day one. 10/10.",2025-08-03
895349,6359,10183,5,"Absolutely loved it! Battery life has been excellent so far. Months in, it still works like day one.",2025-03-16
879989,3713,94833,3,"Somewhere in the middle. The interface is clean and intuitive. However, Setup was confusing and the docs didn't help. There are probably better options.",2025-04-26
791373,8356,74393,5,Customer service was fast and genuinely helpful. The little details show real care. 10/10.,2025-07-22
529279,1440,65567,5,Couldn't be happier. The build feels premium and sturdy. My whole team has switched over since.,2025-08-16
240730,6489,67895,3,"Decent, but not great. The quality feels much cheaper than advertised. To be fair, Customer service was fast and genuinely helpful.",2025-01-28
747822,1358,47151,5,Couldn't be happier. The price is more than fair for what you get. 10/10.,2025-01-20
675286,5275,45044,5,Best purchase I've made in a while. Customer service was fast and genuinely helpful.,2025-12-14
337662,5703,94576,5,Best purchase I've made in a while. It integrates seamlessly with everything I already use. Will definitely buy again.,2025-03-16
773676,7479,47256,4,"Works great. Delivery arrived two days early, well packaged. Would buy again.",2025-03-26
950680,5982,77565,5,Performance is smooth even under heavy use. Will definitely buy again.,2025-02-07
852177,8509,74478,5,"This is exactly what I was looking for. Customer service was fast and genuinely helpful. Months in, it still works like day one.",2025-07-25
469811,6757,71607,4,"Does what it promises. Performance is smooth even under heavy use. Months in, it still works like day one. Wish the manual was clearer, but that's minor.",2025-02-19
648102,9148,94281,4,"Impressed for the price. Delivery arrived two days early, well packaged. Recommended.",2025-03-18
973267,3650,67032,4,Good experience from start to finish. The build feels premium and sturdy. Good value overall.,2025-11-02
148140,9444,46769,1,Avoid this. Delivery was late and the box arrived damaged. The replacement had the same problem. Save your money. Buyer beware.,2025-01-22
27315,2651,19741,5,Exceeded every expectation. Instructions were clear and easy to follow.,2025-11-25
450775,8681,12881,5,The build feels premium and sturdy. My whole team has switched over since. Already recommended it to friends.,2025-02-10
991364,8561,46549,2,The interface is clunky and slow. I ended up buying a different brand. Look elsewhere first.,2025-01-31
567689,5421,73673,4,Good experience from start to finish. The interface is clean and intuitive. Even the packaging was thoughtfully done. Would buy again.,2025-03-20
708295,8941,27867,5,"This is exactly what I was looking for. Customer service was fast and genuinely helpful. Months in, it still works like day one. 10/10.",2025-02-09
197716,2548,73810,1,Avoid this. Customer service took a week to respond. Buyer beware.,2025-07-21
383621,9269,14654,5,"Five stars, no hesitation. The price is more than fair for what you get. The little details show real care. Highly recommend.",2025-04-13
685504,9676,86478,4,Customer service was fast and genuinely helpful. Docking one star for the setup process. Recommended.,2025-04-23
7923,5275,88379,5,Exceeded every expectation. It integrates seamlessly with everything I already use.,2025-10-19
700090,6259,48971,4,"The price is more than fair for what you get. Wish the manual was clearer, but that's minor. Happy with the purchase.",2025-11-10
662751,6259,58247,3,"Decent, but not great. Setup took under five minutes. However, The sizing/specs are way off from the listing. Your mileage may vary.",2025-07-02
54845,9581,34907,5,"Five stars, no hesitation. It works exactly as described. Worth every penny.",2025-05-16
387371,6892,17439,3,"Customer service took a week to respond. Still, Delivery arrived two days early, well packaged. Not bad, not great.",2025-01-28
761679,1786,97546,5,"Five stars, no hesitation. The build feels premium and sturdy. Months in, it still works like day one. Will definitely buy again.",2025-01-24
829559,3795,98892,5,"Five stars, no hesitation. Customer service was fast and genuinely helpful.",2025-01-13
117521,6087,72987,5,Absolutely loved it! The build feels premium and sturdy. Highly recommend.,2025-01-19
240181,3225,50541,4,Impressed for the price. The build feels premium and sturdy. The little details show real care. Would buy again.,2025-02-17
308929,3403,45977,3,"Decent, but not great. The interface is clean and intuitive. On the other hand, Delivery was late and the box arrived damaged. There are probably better options.",2025-06-10
739289,5682,10857,5,The interface is clean and intuitive. Worth every penny.,2025-01-26
906049,4300,84502,5,This is exactly what I was looking for. Setup took under five minutes. The little details show real care.,2025-08-13
363941,8881,94833,5,The quality is noticeable the moment you unbox it. My whole team has switched over since. 10/10.,2025-06-05
891849,5070,96064,4,"The price is more than fair for what you get. Slightly slow shipping, though that's not the product's fault. Good value overall.",2025-06-08
273901,6959,24422,5,Exceeded every expectation. Battery life has been excellent so far. Support replied within the hour when I had a question. 10/10.,2025-03-28
229304,7838,82381,4,Works great. It integrates seamlessly with everything I already use. Support replied within the hour when I had a question. Would buy again.,2025-02-01
33383,5275,60649,4,Very happy with this. It integrates seamlessly with everything I already use. Would buy again.,2025-04-05
910396,8664,81891,4,Almost perfect. The build feels premium and sturdy. My whole team has switched over since. Docking one star for the setup process.,2025-02-10
547255,3081,62520,4,Battery life has been excellent so far. A second color option would be nice. Good value overall.,2025-03-29
928720,5384,84211,5,"Best purchase I've made in a while. Instructions were clear and easy to follow. Months in, it still works like day one.",2025-03-09
983717,1291,42444,5,Exceeded every expectation. The build feels premium and sturdy. Even the packaging was thoughtfully done. Worth every penny.,2025-02-28
221834,6688,19876,3,"It's okay. Setup was confusing and the docs didn't help. To be fair, Setup took under five minutes. There are probably better options.",2025-10-08
318779,9077,50277,5,"This is exactly what I was looking for. Delivery arrived two days early, well packaged.",2025-03-30
861380,6275,36561,5,The interface is clean and intuitive. Worth every penny.,2025-02-03
344894,1193,39512,5,Absolutely loved it! The interface is clean and intuitive.,2025-04-01
640025,8561,10891,1,Complete waste of money. Setup was confusing and the docs didn't help. Buyer beware.,2025-06-21
361187,1709,99446,4,"Works great. Delivery arrived two days early, well packaged. My whole team has switched over since. Would buy again.",2025-03-09
761421,6259,26788,5,Couldn't be happier. The quality is noticeable the moment you unbox it. Support replied within the hour when I had a question.,2025-03-06
224681,9676,30259,5,"This is exactly what I was looking for. Delivery arrived two days early, well packaged. Support replied within the hour when I had a question.",2025-03-23
140132,7622,30257,5,The quality is noticeable the moment you unbox it. Highly recommend.,2025-07-02
200268,9133,80493,2,"Below average, sadly. It stopped working properly after a few days. I ended up buying a different brand. Expected more at this price.",2025-09-10
463486,8260,42077,5,Best purchase I've made in a while. The interface is clean and intuitive. Even the packaging was thoughtfully done. Will definitely buy again.,2025-01-21
814729,7187,48597,3,"Somewhere in the middle. Customer service was fast and genuinely helpful. However, The interface is clunky and slow.",2025-03-23
784508,5264,32720,4,"Really solid overall. The quality is noticeable the moment you unbox it. Even the packaging was thoughtfully done. Slightly slow shipping, though that's not the product's fault.",2025-04-22
525426,6990,22741,5,Couldn't be happier. It integrates seamlessly with everything I already use. Already recommended it to friends.,2025-02-04
672366,2792,50602,5,The build feels premium and sturdy. Even the packaging was thoughtfully done. Will definitely buy again.,2025-02-02
637254,9424,13643,5,"Delivery arrived two days early, well packaged. The little details show real care. Will definitely buy again.",2025-02-04
93444,7985,52697,4,Impressed for the price. Performance is smooth even under heavy use. Would buy again.,2025-02-01
676378,2296,33505,4,"Works great. Performance is smooth even under heavy use. Wish the manual was clearer, but that's minor.",2025-01-30
242098,9821,10362,5,"I rarely write reviews, but this earned one. The build feels premium and sturdy. Already recommended it to friends.",2025-02-07
523853,7140,81803,4,Good experience from start to finish. The price is more than fair for what you get. Docking one star for the setup process.,2025-02-08
797086,7187,12056,5,"I rarely write reviews, but this earned one. The build feels premium and sturdy. Already recommended it to friends.",2025-06-17
807274,8839,58629,1,Avoid this. Battery drains far faster than claimed. The replacement had the same problem. Still waiting on a resolution. Never again.,2025-02-05
21405,5634,23919,5,Instructions were clear and easy to follow. The little details show real care. Worth every penny.,2025-02-08
539075,4527,71928,1,Delivery was late and the box arrived damaged. I ended up buying a different brand. Still waiting on a resolution. Do not recommend.,2025-02-06
594207,3709,71656,5,"Best purchase I've made in a while. Setup took under five minutes. Months in, it still works like day one.",2025-10-28
243112,3081,87938,5,The build feels premium and sturdy. The little details show real care. Highly recommend.,2025-08-12
319852,4303,70347,4,Works great. The price is more than fair for what you get. Support replied within the hour when I had a question. Recommended.,2025-02-17
940209,6188,95192,5,Absolutely loved it! Instructions were clear and easy to follow. Highly recommend.,2025-02-10
389973,6359,14120,4,"Almost perfect. The quality is noticeable the moment you unbox it. Even the packaging was thoughtfully done. Wish the manual was clearer, but that's minor.",2025-04-01
90937,8583,98751,5,Exceeded every expectation. Battery life has been excellent so far. The little details show real care.,2025-02-03
430257,6048,36330,4,Instructions were clear and easy to follow. A second color option would be nice. Happy with the purchase.,2025-04-16
929841,7570,42992,5,Best purchase I've made in a while. Performance is smooth even under heavy use. Even the packaging was thoughtfully done.,2025-02-11
494650,5096,27341,5,"Five stars, no hesitation. Customer service was fast and genuinely helpful.",2025-02-22
699961,7128,42836,5,Best purchase I've made in a while. The build feels premium and sturdy. My whole team has switched over since.,2025-03-31
952280,2549,24975,3,"Mixed feelings on this one. It integrates seamlessly with everything I already use. However, The sizing/specs are way off from the listing. Might give it another try.",2025-03-30
964221,2651,66835,4,Almost perfect. The interface is clean and intuitive. Happy with the purchase.,2025-04-29
432627,2619,60066,5,Customer service was fast and genuinely helpful. The little details show real care. Worth every penny.,2025-02-09
194183,7048,87562,3,"It's okay. Several features simply don't work as described. On the plus side, It integrates seamlessly with everything I already use. There are probably better options.",2025-03-22
134576,2621,91378,4,Almost perfect. It works exactly as described. Happy with the purchase.,2025-05-09
362699,2722,47037,4,"Works great. Performance is smooth even under heavy use. My whole team has switched over since. Wish the manual was clearer, but that's minor.",2025-01-24
303117,9133,32490,4,Works great. The quality is noticeable the moment you unbox it. Recommended.,2025-05-06
645310,6150,98998,2,Expected better. Delivery was late and the box arrived damaged. Returning it was its own ordeal.,2025-05-23
343588,6282,38635,5,Performance is smooth even under heavy use. Even the packaging was thoughtfully done. Already recommended it to friends.,2025-07-11
291357,3037,65661,5,"Five stars, no hesitation. Instructions were clear and easy to follow. Months in, it still works like day one. Will definitely buy again.",2025-02-09
676678,8881,60649,5,"Best purchase I've made in a while. The quality is noticeable the moment you unbox it. Months in, it still works like day one.",2025-05-15
127443,7350,83590,4,"Setup took under five minutes. Wish the manual was clearer, but that's minor. Happy with the purchase.",2025-03-10
902066,6420,89813,4,Setup took under five minutes. Support replied within the hour when I had a question. Docking one star for the setup process. Happy with the purchase.,2025-06-29
282850,1234,81743,2,"Below average, sadly. Delivery was late and the box arrived damaged.",2025-02-05
744340,7567,86011,1,Battery drains far faster than claimed. Returning it was its own ordeal. Still waiting on a resolution. Buyer beware.,2025-12-10
817581,3852,93241,5,"I rarely write reviews, but this earned one. It integrates seamlessly with everything I already use.",2025-05-23
911194,2276,67648,1,Extremely frustrated. It stopped working properly after a few days. The replacement had the same problem. I've asked for a refund. Never again.,2025-06-26
787807,9763,44985,5,"I rarely write reviews, but this earned one. Delivery arrived two days early, well packaged. Support replied within the hour when I had a question. Will definitely buy again.",2025-03-06
206110,7693,82747,4,Almost perfect. The price is more than fair for what you get. Support replied within the hour when I had a question. Recommended.,2025-10-26
657489,8350,30918,5,The interface is clean and intuitive. Even the packaging was thoughtfully done. 10/10.,2025-11-26
874055,1655,74501,4,The build feels premium and sturdy. The little details show real care. Only minor gripe is the packaging. Would buy again.,2025-02-04
995337,7187,21470,2,Disappointing. Delivery was late and the box arrived damaged. Returning it was its own ordeal.,2025-02-13
615787,6275,85068,1,Avoid this. Setup was confusing and the docs didn't help. Photos online are nothing like the real thing. Save your money. Never again.,2025-03-14
231563,3852,61405,5,"I rarely write reviews, but this earned one. The interface is clean and intuitive.",2025-02-07
545571,7001,32477,5,"Battery life has been excellent so far. Months in, it still works like day one. 10/10.",2025-03-04
994061,4647,52091,5,Performance is smooth even under heavy use. 10/10.,2025-03-01
939194,6128,53254,5,"Five stars, no hesitation. It integrates seamlessly with everything I already use.",2025-05-05
468356,7279,53364,5,Absolutely loved it! Setup took under five minutes. Support replied within the hour when I had a question.,2025-01-09
808344,5619,12527,5,Couldn't be happier. It integrates seamlessly with everything I already use. 10/10.,2025-11-19
950930,9443,11952,5,Absolutely loved it! The price is more than fair for what you get. My whole team has switched over since. 10/10.,2025-02-26
505236,7644,58966,2,Disappointing. The quality feels much cheaper than advertised.,2025-12-05
748121,1317,41328,4,Impressed for the price. Setup took under five minutes. The little details show real care. Happy with the purchase.,2025-03-04
784182,7219,29794,4,"Works great. Instructions were clear and easy to follow. Wish the manual was clearer, but that's minor.",2025-02-24
674134,9572,68681,5,Honestly blown away. The interface is clean and intuitive. Will definitely buy again.,2025-11-20
576824,3709,58944,3,"Fine for the price, I guess. It stopped working properly after a few days. On the plus side, The price is more than fair for what you get. Might give it another try.",2025-02-05
685185,1014,56083,5,Absolutely loved it! The interface is clean and intuitive. The little details show real care. Will definitely buy again.,2025-02-09
928861,9763,37839,5,Couldn't be happier. The quality is noticeable the moment you unbox it. Support replied within the hour when I had a question. 10/10.,2025-02-22
514409,2145,97953,4,Does what it promises. The build feels premium and sturdy. Good value overall.,2025-04-19
707901,2098,49285,3,Mixed feelings on this one. Instructions were clear and easy to follow. But Customer service took a week to respond.,2025-11-24
455099,1193,74442,5,Best purchase I've made in a while. Customer service was fast and genuinely helpful. Worth every penny.,2025-03-11
751346,2055,46549,5,Couldn't be happier. The quality is noticeable the moment you unbox it.,2025-02-08
602884,2276,42978,5,"I rarely write reviews, but this earned one. Delivery arrived two days early, well packaged. The little details show real care. Highly recommend.",2025-01-25
685628,7838,82716,5,This is exactly what I was looking for. The price is more than fair for what you get. Even the packaging was thoughtfully done.,2025-04-11
633586,1317,77902,3,"Mixed feelings on this one. Delivery arrived two days early, well packaged. That said, Battery drains far faster than claimed. Your mileage may vary.",2025-01-21
611206,8900,89657,5,"Absolutely loved it! Delivery arrived two days early, well packaged.",2025-06-15
709718,5999,59592,3,"Mixed feelings on this one. It's overpriced for what you actually get. On the plus side, The build feels premium and sturdy. Might give it another try.",2025-02-05
844265,4868,85095,5,"Honestly blown away. The build feels premium and sturdy. Months in, it still works like day one. 10/10.",2025-03-30
814863,6718,40448,1,One star is generous. It stopped working properly after a few days. No response to two support emails. Buyer beware.,2025-02-19
294302,8432,73937,4,"The build feels premium and sturdy. Months in, it still works like day one. Slightly slow shipping, though that's not the product's fault. Good value overall.",2025-05-05
682145,3910,91804,5,Absolutely loved it! Instructions were clear and easy to follow. 10/10.,2025-02-15
902801,6128,52944,4,"Good experience from start to finish. Instructions were clear and easy to follow. Months in, it still works like day one. Only minor gripe is the packaging.",2025-04-03
420593,4574,34890,4,Very happy with this. The price is more than fair for what you get. Support replied within the hour when I had a question. Happy with the purchase.,2025-08-09
868430,9055,89257,4,"Customer service was fast and genuinely helpful. The little details show real care. Wish the manual was clearer, but that's minor. Would buy again.",2025-04-09
51504,7861,23192,5,"The interface is clean and intuitive. Months in, it still works like day one. Already recommended it to friends.",2025-01-18
867284,9444,34787,3,"The build feels premium and sturdy. That said, The quality feels much cheaper than advertised. Might give it another try.",2025-03-08
406383,5414,61759,3,"Setup took under five minutes. On the other hand, It stopped working properly after a few days. There are probably better options.",2025-03-27
607009,9424,31559,5,Couldn't be happier. The quality is noticeable the moment you unbox it. Support replied within the hour when I had a question.,2025-01-05
687906,4647,99477,4,"Good experience from start to finish. Instructions were clear and easy to follow. My whole team has switched over since. Wish the manual was clearer, but that's minor.",2025-04-19
502831,2145,34474,4,"Impressed for the price. The build feels premium and sturdy. Wish the manual was clearer, but that's minor.",2025-04-22
218742,2383,70796,3,"The sizing/specs are way off from the listing. To be fair, The quality is noticeable the moment you unbox it. Your mileage may vary.",2025-02-12
653069,1847,34651,5,Couldn't be happier. Customer service was fast and genuinely helpful. Worth every penny.,2025-04-03
825486,3367,42444,5,The interface is clean and intuitive. My whole team has switched over since. Already recommended it to friends.,2025-03-30
771924,3037,60235,4,Works great. It works exactly as described. The little details show real care. Would buy again.,2025-02-24
147955,6868,37535,4,Impressed for the price. It integrates seamlessly with everything I already use. The little details show real care. Happy with the purchase.,2025-04-29
244884,1317,97531,5,Exceeded every expectation. Customer service was fast and genuinely helpful. Will definitely buy again.,2025-02-10
135452,7632,68737,5,Setup took under five minutes. The little details show real care. Worth every penny.,2025-04-11
404152,1319,98798,4,"Really solid overall. Delivery arrived two days early, well packaged. Would buy again.",2025-07-04
136288,9572,10786,4,Almost perfect. The price is more than fair for what you get. My whole team has switched over since. Recommended.,2025-01-19
626079,4443,79152,5,The interface is clean and intuitive. Already recommended it to friends.,2025-02-16
779807,9653,83517,5,"I rarely write reviews, but this earned one. Customer service was fast and genuinely helpful. Highly recommend.",2025-04-17
797152,5860,79129,4,Impressed for the price. Instructions were clear and easy to follow. Only minor gripe is the packaging.,2025-04-18
527344,8432,43441,5,The quality is noticeable the moment you unbox it. Support replied within the hour when I had a question. 10/10.,2025-12-22
924323,1539,92012,5,Honestly blown away. It integrates seamlessly with everything I already use. My whole team has switched over since.,2025-02-25
247947,3053,39360,3,"Mixed feelings on this one. The price is more than fair for what you get. On the other hand, The sizing/specs are way off from the listing.",2025-09-29
136824,7985,47256,4,"Works great. It integrates seamlessly with everything I already use. The little details show real care. Slightly slow shipping, though that's not the product's fault.",2025-03-25
219879,6489,80741,4,"Does what it promises. The quality is noticeable the moment you unbox it. Months in, it still works like day one. Good value overall.",2025-01-14
231362,6651,37462,5,The build feels premium and sturdy. 10/10.,2025-04-17
236238,1249,47396,5,Performance is smooth even under heavy use. Already recommended it to friends.,2025-07-29
842715,3119,97610,5,Absolutely loved it! Instructions were clear and easy to follow.,2025-04-16
688981,4443,78225,4,Works great. It works exactly as described. The little details show real care. Only minor gripe is the packaging.,2025-11-28
784922,1858,43527,5,Absolutely loved it! The quality is noticeable the moment you unbox it. Will definitely buy again.,2025-02-20
874210,4961,15774,1,Delivery was late and the box arrived damaged. I ended up buying a different brand. Reporting this to the marketplace. Buyer beware.,2025-06-01
204515,7632,12881,5,Couldn't be happier. Performance is smooth even under heavy use. The little details show real care. Already recommended it to friends.,2025-02-12
209347,3814,76299,5,Absolutely loved it! The build feels premium and sturdy. The little details show real care. Highly recommend.,2025-05-29
806212,6087,59140,5,"Absolutely loved it! Delivery arrived two days early, well packaged. Already recommended it to friends.",2025-04-24
693553,8900,27440,5,Best purchase I've made in a while. Customer service was fast and genuinely helpful. Even the packaging was thoughtfully done. 10/10.,2025-05-21
319789,5232,47256,3,"Delivery was late and the box arrived damaged. Still, It integrates seamlessly with everything I already use. Might give it another try.",2025-04-08
752505,8583,74722,4,Almost perfect. Customer service was fast and genuinely helpful. Good value overall.,2025-03-28
60384,6150,62010,5,It integrates seamlessly with everything I already use. Support replied within the hour when I had a question. Worth every penny.,2025-09-01
678015,1291,97865,5,Absolutely loved it! Battery life has been excellent so far. Even the packaging was thoughtfully done. 10/10.,2025-10-05
233679,7187,47113,5,Couldn't be happier. Customer service was fast and genuinely helpful. My whole team has switched over since. Will definitely buy again.,2025-03-27
330700,1509,16519,5,This is exactly what I was looking for. The quality is noticeable the moment you unbox it. My whole team has switched over since.,2025-04-13
380043,1004,45309,5,"I rarely write reviews, but this earned one. The interface is clean and intuitive. Months in, it still works like day one. Worth every penny.",2025-10-07
674632,9321,43441,4,Does what it promises. It integrates seamlessly with everything I already use. Support replied within the hour when I had a question. Happy with the purchase.,2025-12-21
791318,2276,83373,5,Best purchase I've made in a while. It works exactly as described. Even the packaging was thoughtfully done.,2025-04-10
577990,5096,97324,5,"Five stars, no hesitation. It works exactly as described. Months in, it still works like day one.",2025-02-04
217361,8350,41609,5,"I rarely write reviews, but this earned one. The price is more than fair for what you get. Even the packaging was thoughtfully done. Already recommended it to friends.",2025-04-29
418174,6664,35852,5,Absolutely loved it! Performance is smooth even under heavy use. Support replied within the hour when I had a question. Highly recommend.,2025-03-28
746763,2619,79673,1,The interface is clunky and slow. The replacement had the same problem. Reporting this to the marketplace. Buyer beware.,2025-02-22
70762,7985,73777,4,Works great. It integrates seamlessly with everything I already use. The little details show real care. Docking one star for the setup process.,2025-01-15
700712,2433,24623,4,Very happy with this. The price is more than fair for what you get. Support replied within the hour when I had a question. Docking one star for the setup process.,2025-02-06
13222,6282,41004,4,Impressed for the price. The quality is noticeable the moment you unbox it. Support replied within the hour when I had a question. Good value overall.,2025-04-25
604114,7570,93513,3,"Fine for the price, I guess. Delivery was late and the box arrived damaged. Still, The price is more than fair for what you get. Your mileage may vary.",2025-04-07
838454,8236,23001,3,"Somewhere in the middle. Instructions were clear and easy to follow. That said, Battery drains far faster than claimed.",2025-10-30
414087,7643,94998,5,Setup took under five minutes. My whole team has switched over since. Worth every penny.,2025-07-19
422812,6275,10274,4,Very happy with this. Performance is smooth even under heavy use. The little details show real care. Would buy again.,2025-08-21
563406,6688,71838,5,Couldn't be happier. It works exactly as described. Even the packaging was thoughtfully done.,2025-04-04
937,7809,63737,5,"Best purchase I've made in a while. Delivery arrived two days early, well packaged.",2025-02-12
382487,2027,68219,4,Almost perfect. Customer service was fast and genuinely helpful. My whole team has switched over since. Good value overall.,2025-06-28
273169,4890,78123,5,"Five stars, no hesitation. The build feels premium and sturdy. The little details show real care.",2025-03-06
92089,7985,44536,4,"The interface is clean and intuitive. Slightly slow shipping, though that's not the product's fault. Would buy again.",2025-04-29
833769,2619,27958,1,Customer service took a week to respond. Photos online are nothing like the real thing. I've asked for a refund. Buyer beware.,2025-06-23
581332,6959,75920,5,"I rarely write reviews, but this earned one. Customer service was fast and genuinely helpful. Highly recommend.",2025-02-19
235312,7861,17634,5,Absolutely loved it! It integrates seamlessly with everything I already use. Support replied within the hour when I had a question. Already recommended it to friends.,2025-02-15
248703,8509,67382,5,This is exactly what I was looking for. The price is more than fair for what you get. 10/10.,2025-09-27
716670,2619,80190,5,The interface is clean and intuitive. Worth every penny.,2025-03-22
142601,6757,56004,3,"Decent, but not great. The interface is clean and intuitive. But It stopped working properly after a few days. Not bad, not great.",2025-01-22
299710,4527,11844,5,"I rarely write reviews, but this earned one. The quality is noticeable the moment you unbox it. Even the packaging was thoughtfully done.",2025-05-28
29748,4734,15707,3,"Setup took under five minutes. That said, The interface is clunky and slow. Not bad, not great.",2025-02-17
500504,6444,40515,5,Couldn't be happier. The interface is clean and intuitive.,2025-09-27
286611,5869,78099,4,"Performance is smooth even under heavy use. The little details show real care. Wish the manual was clearer, but that's minor. Would buy again.",2025-06-03
102098,4443,77697,5,Couldn't be happier. Performance is smooth even under heavy use. The little details show real care. Highly recommend.,2025-04-08
212983,8881,39238,1,Customer service took a week to respond. No response to two support emails. Reporting this to the marketplace. Do not recommend.,2025-10-12
659343,6829,38933,2,"Below average, sadly. Customer service took a week to respond. Returning it was its own ordeal. Expected more at this price.",2025-05-08
12940,3565,73673,5,Couldn't be happier. The quality is noticeable the moment you unbox it. Support replied within the hour when I had a question.,2025-03-05
943453,6188,21010,3,"Somewhere in the middle. The quality feels much cheaper than advertised. To be fair, Instructions were clear and easy to follow.",2025-03-12
163425,6489,15473,5,This is exactly what I was looking for. Customer service was fast and genuinely helpful.,2025-03-30
128633,6990,28614,4,"Works great. The quality is noticeable the moment you unbox it. Months in, it still works like day one. Wish the manual was clearer, but that's minor.",2025-03-11
428257,5232,89577,5,Best purchase I've made in a while. Instructions were clear and easy to follow.,2025-02-13
479512,5157,87266,4,"The price is more than fair for what you get. Months in, it still works like day one. Docking one star for the setup process. Happy with the purchase.",2025-10-18
486120,3795,29803,4,"The build feels premium and sturdy. Support replied within the hour when I had a question. Wish the manual was clearer, but that's minor. Recommended.",2025-02-21
49497,3150,39866,1,One star is generous. Setup was confusing and the docs didn't help. Photos online are nothing like the real thing. Save your money. Buyer beware.,2025-05-04
793709,1896,47677,4,Impressed for the price. Setup took under five minutes. Docking one star for the setup process.,2025-11-17
426270,5157,73927,3,"It works exactly as described. That said, Delivery was late and the box arrived damaged. Your mileage may vary.",2025-03-20
585046,9402,21840,5,"Honestly blown away. The quality is noticeable the moment you unbox it. Months in, it still works like day one.",2025-08-04
387298,6892,14349,5,Best purchase I've made in a while. The price is more than fair for what you get. My whole team has switched over since.,2025-09-21
42010,4002,51205,4,"Very happy with this. The build feels premium and sturdy. Even the packaging was thoughtfully done. Slightly slow shipping, though that's not the product's fault.",2025-07-12
149805,8029,27135,4,Good experience from start to finish. The quality is noticeable the moment you unbox it. A second color option would be nice.,2025-03-19
798051,5183,23267,1,One star is generous. It's overpriced for what you actually get. Returning it was its own ordeal. Do not recommend.,2025-03-08
493879,5860,90708,4,Very happy with this. Customer service was fast and genuinely helpful. My whole team has switched over since. Happy with the purchase.,2025-02-15
679132,7495,94281,4,"Good experience from start to finish. Customer service was fast and genuinely helpful. Months in, it still works like day one. Recommended.",2025-03-07
316495,5311,78099,5,Couldn't be happier. Battery life has been excellent so far.,2025-06-10
573439,3053,47321,1,Complete waste of money. It stopped working properly after a few days. Do not recommend.,2025-02-18
575401,3150,68746,5,This is exactly what I was looking for. Instructions were clear and easy to follow. 10/10.,2025-04-22
437003,8350,31076,3,"The interface is clunky and slow. On the plus side, Performance is smooth even under heavy use. Not bad, not great.",2025-10-12
735904,1847,34645,5,Absolutely loved it! Performance is smooth even under heavy use. Support replied within the hour when I had a question. 10/10.,2025-04-18
498305,2712,63767,5,"Couldn't be happier. The price is more than fair for what you get. Months in, it still works like day one.",2025-02-18
815809,6282,88682,4,Impressed for the price. The build feels premium and sturdy. Docking one star for the setup process.,2025-06-22
569135,3119,73937,5,Best purchase I've made in a while. The build feels premium and sturdy.,2025-04-12
251233,6438,52882,5,The quality is noticeable the moment you unbox it. The little details show real care. Highly recommend.,2025-05-26
254056,8941,65521,4,"Almost perfect. It works exactly as described. Wish the manual was clearer, but that's minor.",2025-03-04
457979,1234,82812,5,"Five stars, no hesitation. The build feels premium and sturdy. Months in, it still works like day one. Will definitely buy again.",2025-02-19
755153,5275,95658,4,Really solid overall. Battery life has been excellent so far. My whole team has switched over since. A second color option would be nice.,2025-06-25
157535,9099,36875,5,"Delivery arrived two days early, well packaged. My whole team has switched over since. 10/10.",2025-03-26
2678,8704,83404,1,Delivery was late and the box arrived damaged. The replacement had the same problem. Still waiting on a resolution. Never again.,2025-01-17
26420,1645,79873,5,Honestly blown away. It works exactly as described. Will definitely buy again.,2025-03-31
967466,3061,50777,1,Terrible experience. It stopped working properly after a few days. I ended up buying a different brand. Reporting this to the marketplace. Never again.,2025-06-08
933928,1709,89030,5,Absolutely loved it! Battery life has been excellent so far. Support replied within the hour when I had a question.,2025-02-25
320343,1442,64035,5,Absolutely loved it! Performance is smooth even under heavy use. Support replied within the hour when I had a question. Highly recommend.,2025-12-16
598950,3061,73302,5,It integrates seamlessly with everything I already use. Support replied within the hour when I had a question. Will definitely buy again.,2025-03-27
478885,5415,88742,5,"Couldn't be happier. Delivery arrived two days early, well packaged. My whole team has switched over since. 10/10.",2025-06-26
177416,4831,74765,4,Almost perfect. Battery life has been excellent so far. Good value overall.,2025-09-13
3470,5999,31206,5,This is exactly what I was looking for. It integrates seamlessly with everything I already use. My whole team has switched over since. Highly recommend.,2025-11-30
846550,5346,56354,5,"Couldn't be happier. Setup took under five minutes. Months in, it still works like day one. Already recommended it to friends.",2025-05-22
603028,2651,36533,5,"I rarely write reviews, but this earned one. Performance is smooth even under heavy use.",2025-02-12
81943,6718,17969,5,Instructions were clear and easy to follow. 10/10.,2025-02-27
937581,1118,22700,5,Absolutely loved it! The interface is clean and intuitive.,2025-03-30
962256,5311,79078,5,"Honestly blown away. Customer service was fast and genuinely helpful. Months in, it still works like day one.",2025-01-15
953086,3135,75019,3,"Mixed feelings on this one. Customer service took a week to respond. Still, It integrates seamlessly with everything I already use.",2025-03-07
618273,9292,77858,5,Absolutely loved it! The build feels premium and sturdy. Highly recommend.,2025-11-25
777359,2050,17456,5,"It works exactly as described. Months in, it still works like day one. Will definitely buy again.",2025-01-21
674313,9705,94711,5,Best purchase I've made in a while. The price is more than fair for what you get. Even the packaging was thoughtfully done.,2025-04-29
779695,7265,69307,5,Absolutely loved it! The build feels premium and sturdy. Support replied within the hour when I had a question. Worth every penny.,2025-02-15
263810,1883,64029,4,"Delivery arrived two days early, well packaged. Even the packaging was thoughtfully done. A second color option would be nice. Recommended.",2025-06-17
109585,6577,14718,5,"Delivery arrived two days early, well packaged. Highly recommend.",2025-09-02
409708,3572,14753,3,"Performance is smooth even under heavy use. However, Customer service took a week to respond. Might give it another try.",2025-05-18
466658,1118,39160,5,"Honestly blown away. The interface is clean and intuitive. Months in, it still works like day one. Already recommended it to friends.",2025-06-03
427276,1588,44815,5,"Five stars, no hesitation. Customer service was fast and genuinely helpful.",2025-04-01
724070,1883,54011,5,"Absolutely loved it! Battery life has been excellent so far. Months in, it still works like day one.",2025-01-26
744361,9653,40314,3,"Mixed feelings on this one. Customer service was fast and genuinely helpful. That said, Customer service took a week to respond.",2025-05-01
253843,7861,85088,5,"Five stars, no hesitation. The price is more than fair for what you get. Highly recommend.",2025-03-01
169597,1645,81911,2,Disappointing. Several features simply don't work as described. I ended up buying a different brand.,2025-12-05
544372,4868,43367,5,Honestly blown away. Customer service was fast and genuinely helpful. Even the packaging was thoughtfully done.,2025-02-09
584795,4002,21401,5,"Couldn't be happier. Delivery arrived two days early, well packaged. Support replied within the hour when I had a question.",2025-12-29
798903,6345,18362,5,"Delivery arrived two days early, well packaged. The little details show real care. Will definitely buy again.",2025-06-30
416757,9476,15734,5,"Five stars, no hesitation. The build feels premium and sturdy. Already recommended it to friends.",2025-03-03
553225,5619,14873,4,"The price is more than fair for what you get. Months in, it still works like day one. Slightly slow shipping, though that's not the product's fault. Would buy again.",2025-02-04
73459,1883,63456,4,Impressed for the price. Performance is smooth even under heavy use. My whole team has switched over since. Happy with the purchase.,2025-02-20
744985,6444,83539,4,"Really solid overall. Delivery arrived two days early, well packaged. Only minor gripe is the packaging.",2025-03-14
499402,8664,70260,5,"I rarely write reviews, but this earned one. Instructions were clear and easy to follow. Support replied within the hour when I had a question.",2025-01-26
858465,5157,14355,5,This is exactly what I was looking for. Performance is smooth even under heavy use. The little details show real care. Worth every penny.,2025-05-31
531913,2308,92012,5,Best purchase I've made in a while. Battery life has been excellent so far. The little details show real care.,2025-03-20
818587,1442,81964,4,Does what it promises. Battery life has been excellent so far. The little details show real care. Recommended.,2025-12-15
393558,6688,51627,3,"Delivery arrived two days early, well packaged. However, The quality feels much cheaper than advertised. There are probably better options.",2025-03-27
154632,7122,93237,5,Best purchase I've made in a while. The quality is noticeable the moment you unbox it. Support replied within the hour when I had a question.,2025-03-25
424977,4443,77235,5,Best purchase I've made in a while. Instructions were clear and easy to follow.,2025-01-18
593468,9133,21470,5,The price is more than fair for what you get. Worth every penny.,2025-02-08
440276,3135,50513,5,Absolutely loved it! The interface is clean and intuitive.,2025-03-17
868411,8405,82230,5,Absolutely loved it! Battery life has been excellent so far. Even the packaging was thoughtfully done. Already recommended it to friends.,2025-06-05
785647,6420,16933,3,"Mixed feelings on this one. Delivery arrived two days early, well packaged. However, Setup was confusing and the docs didn't help.",2025-07-25
235342,1503,40800,5,The quality is noticeable the moment you unbox it. The little details show real care. Will definitely buy again.,2025-04-03
1966,3338,14775,5,"Five stars, no hesitation. It works exactly as described. The little details show real care. Worth every penny.",2025-01-31
186146,1408,97392,1,Complete waste of money. Setup was confusing and the docs didn't help. The replacement had the same problem. Still waiting on a resolution. Do not recommend.,2025-04-21
59996,9763,16977,4,Impressed for the price. It integrates seamlessly with everything I already use. Happy with the purchase.,2025-04-04
64043,5239,50736,3,"Mixed feelings on this one. Instructions were clear and easy to follow. On the other hand, Delivery was late and the box arrived damaged. There are probably better options.",2025-02-03
123476,4919,84211,4,Really solid overall. Battery life has been excellent so far. Would buy again.,2025-03-03
29991,3338,61179,5,Exceeded every expectation. The build feels premium and sturdy. Already recommended it to friends.,2025-12-29
608442,2296,70448,4,Does what it promises. Customer service was fast and genuinely helpful. Happy with the purchase.,2025-06-01
175346,7985,51670,4,The build feels premium and sturdy. Docking one star for the setup process. Recommended.,2025-03-06
33131,8839,81688,5,Best purchase I've made in a while. Setup took under five minutes. Support replied within the hour when I had a question.,2025-02-28
890923,1896,36934,3,"Decent, but not great. Battery life has been excellent so far. However, It's overpriced for what you actually get. There are probably better options.",2025-04-07
94940,3814,65661,1,The sizing/specs are way off from the listing. I ended up buying a different brand. Still waiting on a resolution. Never again.,2025-01-30
182825,6032,34139,5,This is exactly what I was looking for. The price is more than fair for what you get.,2025-02-14
987540,7861,40672,5,"I rarely write reviews, but this earned one. The quality is noticeable the moment you unbox it. Worth every penny.",2025-11-09
367626,6128,74291,1,The sizing/specs are way off from the listing. No response to two support emails. Save your money. Buyer beware.,2025-05-13
405201,1408,56354,3,"Fine for the price, I guess. Instructions were clear and easy to follow. But The quality feels much cheaper than advertised. Might give it another try.",2025-06-18
666502,5634,40473,5,Exceeded every expectation. The price is more than fair for what you get.,2025-01-24
257530,2792,81787,3,"Fine for the price, I guess. Delivery was late and the box arrived damaged. Still, Battery life has been excellent so far.",2025-07-25
90033,6128,62557,5,"Delivery arrived two days early, well packaged. 10/10.",2025-03-12
621236,4004,12886,5,The build feels premium and sturdy. Even the packaging was thoughtfully done. Will definitely buy again.,2025-02-26
153062,6150,88600,5,This is exactly what I was looking for. Instructions were clear and easy to follow. 10/10.,2025-11-17
672283,5414,73980,5,Absolutely loved it! The build feels premium and sturdy. Worth every penny.,2025-08-28
478161,2712,86818,3,"Somewhere in the middle. Customer service was fast and genuinely helpful. That said, Customer service took a week to respond. There are probably better options.",2025-03-22
106380,4158,42280,4,Very happy with this. The interface is clean and intuitive. Even the packaging was thoughtfully done. Only minor gripe is the packaging.,2025-03-16
754173,6718,39866,1,Avoid this. Delivery was late and the box arrived damaged. Never again.,2025-05-12
91237,4527,48612,5,Exceeded every expectation. Setup took under five minutes.,2025-05-20
942325,8583,73068,3,"Fine for the price, I guess. The sizing/specs are way off from the listing. On the plus side, Setup took under five minutes.",2025-02-10
535047,9044,67895,5,Exceeded every expectation. The interface is clean and intuitive. My whole team has switched over since.,2025-02-15
52210,7001,71027,4,"Good experience from start to finish. Instructions were clear and easy to follow. Months in, it still works like day one. Good value overall.",2025-04-10
469435,6128,60455,5,The build feels premium and sturdy. Even the packaging was thoughtfully done. Worth every penny.,2025-04-30
171505,3642,22597,5,Battery life has been excellent so far. 10/10.,2025-01-22
807296,1939,44659,4,Works great. It integrates seamlessly with everything I already use. The little details show real care. A second color option would be nice.,2025-09-24
103540,2308,16977,3,"Battery drains far faster than claimed. To be fair, The price is more than fair for what you get. Not bad, not great.",2025-05-04
870159,5989,87041,5,"I rarely write reviews, but this earned one. Performance is smooth even under heavy use.",2025-02-16
656274,9077,96545,5,Couldn't be happier. It works exactly as described. Support replied within the hour when I had a question.,2025-12-10
130983,8964,54356,5,"Five stars, no hesitation. It integrates seamlessly with everything I already use. The little details show real care. 10/10.",2025-12-16
354892,6444,73570,5,"I rarely write reviews, but this earned one. Delivery arrived two days early, well packaged.",2025-02-16
791642,7034,48020,5,"Five stars, no hesitation. Delivery arrived two days early, well packaged. Even the packaging was thoughtfully done. 10/10.",2025-11-19
348704,6442,39695,4,Good experience from start to finish. The quality is noticeable the moment you unbox it. The little details show real care. Good value overall.,2025-08-04
114774,4925,44536,5,"I rarely write reviews, but this earned one. It integrates seamlessly with everything I already use. The little details show real care. Highly recommend.",2025-03-30
687524,2358,10183,2,Expected better. Battery drains far faster than claimed. Photos online are nothing like the real thing.,2025-03-11
279798,8704,89852,5,Exceeded every expectation. The quality is noticeable the moment you unbox it. The little details show real care. Worth every penny.,2025-03-13
504608,5238,93744,3,"It's overpriced for what you actually get. To be fair, Instructions were clear and easy to follow. Not bad, not great.",2025-01-22
467889,6489,19537,5,"Delivery arrived two days early, well packaged. Months in, it still works like day one. 10/10.",2025-03-14
140794,5209,95287,1,Extremely frustrated. Customer service took a week to respond. No response to two support emails. Do not recommend.,2025-09-12
732534,2981,40500,1,Complete waste of money. Battery drains far faster than claimed. Photos online are nothing like the real thing. Never again.,2025-05-17
976589,6990,71027,5,Couldn't be happier. Customer service was fast and genuinely helpful.,2025-03-26
418316,5311,71431,4,Good experience from start to finish. Instructions were clear and easy to follow. Support replied within the hour when I had a question. Happy with the purchase.,2025-03-17
662041,4574,11378,5,Couldn't be happier. Performance is smooth even under heavy use. The little details show real care. Highly recommend.,2025-04-02
273705,4729,88379,5,Best purchase I've made in a while. The interface is clean and intuitive. Even the packaging was thoughtfully done.,2025-11-12
868894,2712,39804,5,"I rarely write reviews, but this earned one. Performance is smooth even under heavy use. Even the packaging was thoughtfully done.",2025-12-27
545435,1270,91399,4,"Delivery arrived two days early, well packaged. Support replied within the hour when I had a question. A second color option would be nice. Recommended.",2025-02-04
443148,5914,63297,5,Absolutely loved it! Instructions were clear and easy to follow. Already recommended it to friends.,2025-01-25
856673,1645,48803,4,Good experience from start to finish. Instructions were clear and easy to follow. A second color option would be nice.,2025-03-03
781877,9099,29307,5,Exceeded every expectation. Instructions were clear and easy to follow. Will definitely buy again.,2025-08-12
690576,6892,42325,5,"I rarely write reviews, but this earned one. Battery life has been excellent so far. My whole team has switched over since. Worth every penny.",2025-03-09
714395,8205,78078,2,"Below average, sadly. Battery drains far faster than claimed. The replacement had the same problem. Hard to recommend.",2025-03-23
670653,4218,58121,4,Instructions were clear and easy to follow. The little details show real care. Docking one star for the setup process. Good value overall.,2025-08-05
118218,8356,72862,1,Terrible experience. Customer service took a week to respond. No response to two support emails. Never again.,2025-02-22
379780,5096,91348,5,Honestly blown away. It integrates seamlessly with everything I already use. Will definitely buy again.,2025-04-14
785351,5414,11988,4,Really solid overall. It integrates seamlessly with everything I already use. Support replied within the hour when I had a question. Recommended.,2025-01-17
897968,4925,28498,5,Couldn't be happier. Performance is smooth even under heavy use.,2025-01-13
458013,2308,71607,5,This is exactly what I was looking for. Performance is smooth even under heavy use.,2025-02-11
520748,2296,19436,5,"Honestly blown away. Delivery arrived two days early, well packaged. The little details show real care. Highly recommend.",2025-01-10
337230,8985,19419,5,This is exactly what I was looking for. The quality is noticeable the moment you unbox it. My whole team has switched over since. Already recommended it to friends.,2025-03-17
625516,3814,63662,5,"Five stars, no hesitation. Setup took under five minutes.",2025-02-09
480650,8509,39991,5,Absolutely loved it! Setup took under five minutes. Even the packaging was thoughtfully done.,2025-07-01
6154,5989,59069,4,Impressed for the price. The interface is clean and intuitive. Support replied within the hour when I had a question. Only minor gripe is the packaging.,2025-08-31
123204,8664,38933,4,Very happy with this. Battery life has been excellent so far. Even the packaging was thoughtfully done. Docking one star for the setup process.,2025-04-21
966789,2296,75923,1,One star is generous. Setup was confusing and the docs didn't help. The replacement had the same problem. I've asked for a refund. Do not recommend.,2025-02-12
602569,7140,13930,5,"Exceeded every expectation. The price is more than fair for what you get. Months in, it still works like day one. Already recommended it to friends.",2025-05-07
425374,7643,74721,5,This is exactly what I was looking for. The interface is clean and intuitive. Even the packaging was thoughtfully done.,2025-11-06
899697,5914,74363,3,"Decent, but not great. Battery life has been excellent so far. However, The interface is clunky and slow.",2025-01-15
908770,1847,60675,4,Impressed for the price. Setup took under five minutes. My whole team has switched over since. Docking one star for the setup process.,2025-03-14
54196,1442,43736,5,"Exceeded every expectation. It works exactly as described. Months in, it still works like day one. Already recommended it to friends.",2025-05-21
194144,8550,67556,5,Setup took under five minutes. Even the packaging was thoughtfully done. Highly recommend.,2025-06-18
606719,5490,88985,5,"I rarely write reviews, but this earned one. It integrates seamlessly with everything I already use. The little details show real care.",2025-01-18
290498,2027,22128,4,"Very happy with this. The price is more than fair for what you get. Months in, it still works like day one. Happy with the purchase.",2025-03-26
562546,6892,25631,4,Impressed for the price. It integrates seamlessly with everything I already use. My whole team has switched over since. Docking one star for the setup process.,2025-01-24
113049,8702,70962,3,"Battery life has been excellent so far. On the other hand, Several features simply don't work as described. Not bad, not great.",2025-02-06
640358,4613,96664,5,Customer service was fast and genuinely helpful. Worth every penny.,2025-04-21
440038,6688,88432,3,"Decent, but not great. It stopped working properly after a few days. To be fair, Battery life has been excellent so far. There are probably better options.",2025-04-04
495600,4868,58897,4,Very happy with this. Battery life has been excellent so far. The little details show real care. Only minor gripe is the packaging.,2025-04-27
402128,4158,60066,5,Couldn't be happier. The build feels premium and sturdy. The little details show real care.,2025-01-16
230520,7279,53321,5,The build feels premium and sturdy. 10/10.,2025-03-31
675218,7644,34668,5,Absolutely loved it! Battery life has been excellent so far. Support replied within the hour when I had a question.,2025-01-25
476322,2433,17831,5,Exceeded every expectation. Setup took under five minutes. Already recommended it to friends.,2025-11-19
128506,3135,73714,5,"Exceeded every expectation. The quality is noticeable the moment you unbox it. Months in, it still works like day one.",2025-08-04
519586,3565,13896,1,Terrible experience. Several features simply don't work as described. The replacement had the same problem. I've asked for a refund. Do not recommend.,2025-05-13
84443,6892,89577,5,Couldn't be happier. Battery life has been excellent so far. The little details show real care. Will definitely buy again.,2025-02-03
796176,4890,47386,5,It integrates seamlessly with everything I already use. The little details show real care. Worth every penny.,2025-03-12
177865,4872,97994,4,Good experience from start to finish. Customer service was fast and genuinely helpful. The little details show real care. Good value overall.,2025-04-14
910864,5414,63456,5,"Absolutely loved it! Customer service was fast and genuinely helpful. Months in, it still works like day one. 10/10.",2025-02-13
756405,7071,66796,4,Impressed for the price. Setup took under five minutes. My whole team has switched over since. Good value overall.,2025-02-23
583262,7440,40590,4,"Works great. The quality is noticeable the moment you unbox it. Support replied within the hour when I had a question. Slightly slow shipping, though that's not the product's fault.",2025-03-09
595059,7861,98688,5,"The quality is noticeable the moment you unbox it. Months in, it still works like day one. 10/10.",2025-04-11
609504,7187,69498,5,Couldn't be happier. The build feels premium and sturdy.,2025-04-18
729144,1249,80252,3,"Setup was confusing and the docs didn't help. On the plus side, Setup took under five minutes. Not bad, not great.",2025-02-06
784459,8203,31021,5,Honestly blown away. The price is more than fair for what you get. Already recommended it to friends.,2025-10-31
874174,7977,93708,5,Couldn't be happier. It works exactly as described.,2025-08-23
703764,8641,78866,5,"Couldn't be happier. Delivery arrived two days early, well packaged. Months in, it still works like day one.",2025-04-27
697566,1896,90629,3,"Mixed feelings on this one. Setup took under five minutes. That said, Customer service took a week to respond.",2025-03-25
656127,6214,96086,4,Impressed for the price. It works exactly as described. Would buy again.,2025-03-23
407758,8356,87648,5,"I rarely write reviews, but this earned one. The interface is clean and intuitive. Already recommended it to friends.",2025-02-05
527357,9518,39387,4,Instructions were clear and easy to follow. Only minor gripe is the packaging. Would buy again.,2025-11-20
826621,2054,15952,5,Best purchase I've made in a while. It integrates seamlessly with everything I already use.,2025-01-13
171175,6489,16172,1,Complete waste of money. Battery drains far faster than claimed. Returning it was its own ordeal. Never again.,2025-10-03
495635,7128,94973,5,Exceeded every expectation. Instructions were clear and easy to follow. 10/10.,2025-10-04
364150,8306,43406,5,"Best purchase I've made in a while. The price is more than fair for what you get. Months in, it still works like day one. Will definitely buy again.",2025-01-30
551309,1043,38667,4,Good experience from start to finish. It works exactly as described. Would buy again.,2025-12-22
796046,7861,13553,1,Several features simply don't work as described. I ended up buying a different brand. I've asked for a refund. Buyer beware.,2025-03-16
950900,1270,49666,5,This is exactly what I was looking for. Setup took under five minutes. My whole team has switched over since. Already recommended it to friends.,2025-11-16
277228,3650,11960,3,"Performance is smooth even under heavy use. On the other hand, The sizing/specs are way off from the listing. There are probably better options.",2025-04-17
298276,4094,47037,4,Very happy with this. Performance is smooth even under heavy use. Even the packaging was thoughtfully done. Happy with the purchase.,2025-02-04
578185,5801,49133,4,Impressed for the price. Instructions were clear and easy to follow. Even the packaging was thoughtfully done. Only minor gripe is the packaging.,2025-02-04
666922,5682,69077,5,Absolutely loved it! The price is more than fair for what you get. The little details show real care. 10/10.,2025-05-05
938507,7265,46549,2,Battery drains far faster than claimed. Look elsewhere first.,2025-02-02
853302,4094,45879,5,"Five stars, no hesitation. It works exactly as described. Even the packaging was thoughtfully done.",2025-05-10
953630,5995,64273,5,Best purchase I've made in a while. The quality is noticeable the moment you unbox it. Already recommended it to friends.,2025-04-30
133058,2055,76708,1,Terrible experience. Battery drains far faster than claimed. The replacement had the same problem. Still waiting on a resolution. Buyer beware.,2025-08-13
385658,3037,58822,4,Almost perfect. It works exactly as described. Even the packaging was thoughtfully done. A second color option would be nice.,2025-06-23
990413,5421,13005,5,"I rarely write reviews, but this earned one. It works exactly as described. Support replied within the hour when I had a question. Worth every penny.",2025-03-02
673422,9148,62202,5,"This is exactly what I was looking for. Delivery arrived two days early, well packaged. Even the packaging was thoughtfully done.",2025-03-24
504176,7219,38443,4,Good experience from start to finish. Performance is smooth even under heavy use. The little details show real care. Would buy again.,2025-04-05
930978,5801,24363,5,This is exactly what I was looking for. The build feels premium and sturdy. Support replied within the hour when I had a question.,2025-02-24
537677,2296,62983,5,"Absolutely loved it! Delivery arrived two days early, well packaged. Support replied within the hour when I had a question.",2025-03-06
545030,4050,16617,4,Good experience from start to finish. Instructions were clear and easy to follow. Support replied within the hour when I had a question. Would buy again.,2025-04-12
580950,9572,82556,4,Very happy with this. Battery life has been excellent so far. Even the packaging was thoughtfully done. Docking one star for the setup process.,2025-05-06
440949,7140,67556,3,"It's okay. Setup took under five minutes. That said, It stopped working properly after a few days. Not bad, not great.",2025-06-02
113503,5354,81886,5,Absolutely loved it! It integrates seamlessly with everything I already use. My whole team has switched over since.,2025-01-24
344554,8641,92843,5,Best purchase I've made in a while. The price is more than fair for what you get. Highly recommend.,2025-03-15
968717,7187,29518,4,Good experience from start to finish. Setup took under five minutes. The little details show real care. Good value overall.,2025-04-23
825666,9424,85091,5,"Honestly blown away. Delivery arrived two days early, well packaged. Even the packaging was thoughtfully done. Worth every penny.",2025-03-15
533982,1193,47677,4,Impressed for the price. The quality is noticeable the moment you unbox it. Recommended.,2025-12-02
616686,9424,78317,4,Impressed for the price. The interface is clean and intuitive. Would buy again.,2025-02-27
839489,9676,22510,5,"Five stars, no hesitation. Battery life has been excellent so far. My whole team has switched over since.",2025-11-10
801507,7128,43543,5,"Performance is smooth even under heavy use. Months in, it still works like day one. Already recommended it to friends.",2025-09-05
251792,7643,62931,1,Terrible experience. Setup was confusing and the docs didn't help. Returning it was its own ordeal. Still waiting on a resolution. Never again.,2025-10-02
333358,6959,13262,5,Absolutely loved it! The quality is noticeable the moment you unbox it.,2025-03-19
602916,9077,26216,1,It stopped working properly after a few days. Photos online are nothing like the real thing. I've asked for a refund. Do not recommend.,2025-03-11
434295,7122,77912,5,"This is exactly what I was looking for. Instructions were clear and easy to follow. Months in, it still works like day one.",2025-02-14
806180,4443,72603,5,"I rarely write reviews, but this earned one. The build feels premium and sturdy. Months in, it still works like day one. 10/10.",2025-04-06
623618,1883,60458,2,The quality feels much cheaper than advertised. Look elsewhere first.,2025-02-05
414583,6766,79826,4,Very happy with this. Instructions were clear and easy to follow. My whole team has switched over since. Only minor gripe is the packaging.,2025-03-29
950932,9269,15534,2,Wouldn't buy again. Delivery was late and the box arrived damaged.,2025-02-22
909721,6757,98998,5,"I rarely write reviews, but this earned one. The quality is noticeable the moment you unbox it. Support replied within the hour when I had a question.",2025-04-29
549793,8664,36289,2,The quality feels much cheaper than advertised. No response to two support emails. Look elsewhere first.,2025-04-03
690107,8641,86567,5,The interface is clean and intuitive. Highly recommend.,2025-02-01
327720,2468,31559,1,Extremely frustrated. Delivery was late and the box arrived damaged. Returning it was its own ordeal. Buyer beware.,2025-01-04
26323,6718,64009,3,"Fine for the price, I guess. The sizing/specs are way off from the listing. On the plus side, Instructions were clear and easy to follow.",2025-03-11
106410,5096,71983,5,"The interface is clean and intuitive. Months in, it still works like day one. Worth every penny.",2025-04-30
177534,4218,25069,5,Honestly blown away. Battery life has been excellent so far. Even the packaging was thoughtfully done.,2025-03-10
431152,4050,38204,1,One star is generous. Battery drains far faster than claimed. Photos online are nothing like the real thing. Buyer beware.,2025-03-13
288203,1408,40434,4,Good experience from start to finish. Customer service was fast and genuinely helpful. Support replied within the hour when I had a question. Docking one star for the setup process.,2025-03-08
202260,5995,32655,5,Best purchase I've made in a while. The interface is clean and intuitive. My whole team has switched over since.,2025-10-28
30678,8702,69307,5,"Five stars, no hesitation. Customer service was fast and genuinely helpful. Worth every penny.",2025-02-15
428362,8900,74961,5,The interface is clean and intuitive. The little details show real care. Will definitely buy again.,2025-10-27
859783,6345,53455,5,"Best purchase I've made in a while. The quality is noticeable the moment you unbox it. Months in, it still works like day one.",2025-02-08
309279,2050,35585,5,"I rarely write reviews, but this earned one. The build feels premium and sturdy. Already recommended it to friends.",2025-09-12
340141,8985,31434,5,Best purchase I've made in a while. Performance is smooth even under heavy use. The little details show real care.,2025-12-25
991381,9821,60032,1,Extremely frustrated. It stopped working properly after a few days. Photos online are nothing like the real thing. Reporting this to the marketplace. Do not recommend.,2025-02-07
283380,3814,54977,3,"It's okay. Delivery was late and the box arrived damaged. To be fair, It integrates seamlessly with everything I already use.",2025-06-22
77659,8839,75920,4,"Almost perfect. Performance is smooth even under heavy use. Months in, it still works like day one. Slightly slow shipping, though that's not the product's fault.",2025-03-09
353130,6188,12566,5,Setup took under five minutes. My whole team has switched over since. Will definitely buy again.,2025-06-30
348634,1115,91378,2,Disappointing. Customer service took a week to respond.,2025-06-09
575867,4925,93999,5,Exceeded every expectation. The price is more than fair for what you get. Support replied within the hour when I had a question. Highly recommend.,2025-07-22
206043,9055,10764,5,"It integrates seamlessly with everything I already use. Months in, it still works like day one. Highly recommend.",2025-02-05
567466,6438,46391,5,Customer service was fast and genuinely helpful. Even the packaging was thoughtfully done. Already recommended it to friends.,2025-07-11
901947,1291,96821,5,Best purchase I've made in a while. Battery life has been excellent so far.,2025-02-25
358527,9572,63612,5,Honestly blown away. The interface is clean and intuitive. Will definitely buy again.,2025-05-05
648472,6444,16933,3,"Mixed feelings on this one. The quality is noticeable the moment you unbox it. However, It stopped working properly after a few days.",2025-07-20
979552,8509,45419,5,Best purchase I've made in a while. The price is more than fair for what you get. The little details show real care. 10/10.,2025-03-03
246359,2027,15774,5,Couldn't be happier. It works exactly as described. Highly recommend.,2025-05-13
669393,2296,20860,5,Best purchase I've made in a while. Battery life has been excellent so far. Even the packaging was thoughtfully done. Already recommended it to friends.,2025-06-02
597640,6345,22055,5,"This is exactly what I was looking for. The price is more than fair for what you get. Months in, it still works like day one.",2025-12-13
983877,4158,19423,5,This is exactly what I was looking for. It integrates seamlessly with everything I already use.,2025-10-04
246641,8260,77019,3,"It works exactly as described. That said, Delivery was late and the box arrived damaged. Your mileage may vary.",2025-02-20
412796,5414,47151,5,"I rarely write reviews, but this earned one. It works exactly as described. My whole team has switched over since. 10/10.",2025-02-20
2274,9285,67648,4,Does what it promises. The quality is noticeable the moment you unbox it. Support replied within the hour when I had a question. Happy with the purchase.,2025-07-29
316259,2027,25069,5,Couldn't be happier. It integrates seamlessly with everything I already use. Support replied within the hour when I had a question.,2025-03-11
173996,5619,17374,5,Absolutely loved it! Customer service was fast and genuinely helpful. The little details show real care. Will definitely buy again.,2025-09-10
906041,2055,39351,5,This is exactly what I was looking for. Battery life has been excellent so far. Already recommended it to friends.,2025-02-09
30972,6128,10764,2,Expected better. The quality feels much cheaper than advertised.,2025-02-17
597995,3455,75347,5,"Honestly blown away. Instructions were clear and easy to follow. Months in, it still works like day one.",2025-04-09
128475,1645,98096,5,Couldn't be happier. Instructions were clear and easy to follow. Even the packaging was thoughtfully done.,2025-04-19
654089,1043,24273,5,"I rarely write reviews, but this earned one. It works exactly as described. Worth every penny.",2025-04-03
414322,3403,12527,5,"Five stars, no hesitation. Setup took under five minutes. Even the packaging was thoughtfully done. 10/10.",2025-11-18
111025,5519,10536,4,"Almost perfect. The build feels premium and sturdy. Support replied within the hour when I had a question. Wish the manual was clearer, but that's minor.",2025-01-31
761115,5999,95200,5,Honestly blown away. The price is more than fair for what you get. Already recommended it to friends.,2025-03-28
753446,8845,10985,5,"Delivery arrived two days early, well packaged. Even the packaging was thoughtfully done. Already recommended it to friends.",2025-03-14
698486,2651,61358,5,Absolutely loved it! Instructions were clear and easy to follow. 10/10.,2025-02-09
822855,1896,51205,4,Really solid overall. Battery life has been excellent so far. A second color option would be nice.,2025-07-25
935477,8681,15214,4,"Good experience from start to finish. The price is more than fair for what you get. My whole team has switched over since. Wish the manual was clearer, but that's minor.",2025-02-03
552229,6723,75470,5,"Delivery arrived two days early, well packaged. Support replied within the hour when I had a question. Highly recommend.",2025-01-23
609072,6651,87057,5,"This is exactly what I was looking for. The quality is noticeable the moment you unbox it. Months in, it still works like day one. Highly recommend.",2025-03-26
754946,2981,34787,5,"I rarely write reviews, but this earned one. The quality is noticeable the moment you unbox it. The little details show real care.",2025-03-16
397680,1503,36205,5,"Five stars, no hesitation. Delivery arrived two days early, well packaged.",2025-05-19
140113,6150,86396,4,Works great. It works exactly as described. Would buy again.,2025-05-17
195787,9424,22107,5,Best purchase I've made in a while. Battery life has been excellent so far.,2025-08-17
915430,7838,64035,5,Absolutely loved it! Customer service was fast and genuinely helpful. Worth every penny.,2025-12-23
73929,5777,41004,1,One star is generous. It's overpriced for what you actually get. The replacement had the same problem. Reporting this to the marketplace. Do not recommend.,2025-04-25
606166,7977,79129,5,Honestly blown away. Performance is smooth even under heavy use.,2025-03-16
411522,5278,71819,4,Does what it promises. It works exactly as described. Support replied within the hour when I had a question. Would buy again.,2025-08-17
612229,8614,22357,5,"Five stars, no hesitation. Battery life has been excellent so far. Months in, it still works like day one.",2025-01-27
779232,7598,21401,3,"Somewhere in the middle. Setup was confusing and the docs didn't help. Still, Delivery arrived two days early, well packaged.",2025-12-20
305074,2308,80317,1,The sizing/specs are way off from the listing. Photos online are nothing like the real thing. Save your money. Buyer beware.,2025-05-28
213218,1896,83373,5,"Delivery arrived two days early, well packaged. Highly recommend.",2025-04-13
251154,5973,64324,5,"This is exactly what I was looking for. Performance is smooth even under heavy use. Months in, it still works like day one.",2025-05-27
421683,9309,50644,1,Complete waste of money. It's overpriced for what you actually get. No response to two support emails. I've asked for a refund. Buyer beware.,2025-07-09
755303,8236,21470,5,Exceeded every expectation. Instructions were clear and easy to follow. Even the packaging was thoughtfully done. Already recommended it to friends.,2025-01-26
711307,8350,84164,5,Couldn't be happier. The quality is noticeable the moment you unbox it.,2025-06-13
279867,9705,78099,5,Honestly blown away. The build feels premium and sturdy.,2025-05-21
692446,2276,16924,5,Honestly blown away. It works exactly as described. Even the packaging was thoughtfully done.,2025-02-14
714567,2619,14045,5,"I rarely write reviews, but this earned one. Performance is smooth even under heavy use. Will definitely buy again.",2025-02-01
841968,4269,71761,5,It works exactly as described. Even the packaging was thoughtfully done. 10/10.,2025-02-08
250201,4961,25107,4,Battery life has been excellent so far. A second color option would be nice. Good value overall.,2025-06-08
346640,2981,75837,5,Exceeded every expectation. The price is more than fair for what you get. Already recommended it to friends.,2025-03-02
490530,5346,47689,5,Battery life has been excellent so far. Highly recommend.,2025-02-14
432100,9309,27609,4,"Very happy with this. It integrates seamlessly with everything I already use. Months in, it still works like day one. Slightly slow shipping, though that's not the product's fault.",2025-02-18
836877,9148,43473,5,This is exactly what I was looking for. Battery life has been excellent so far. The little details show real care.,2025-06-15
868582,2735,44452,4,Very happy with this. Customer service was fast and genuinely helpful. Support replied within the hour when I had a question. Would buy again.,2025-02-06
663182,2027,97392,5,The price is more than fair for what you get. Worth every penny.,2025-05-03
848655,3572,83375,5,Couldn't be happier. It works exactly as described.,2025-07-02
631150,3455,25342,5,"I rarely write reviews, but this earned one. Battery life has been excellent so far. My whole team has switched over since. Already recommended it to friends.",2025-05-09
556964,6249,88088,5,The build feels premium and sturdy. Even the packaging was thoughtfully done. Worth every penny.,2025-05-01
890189,4158,98359,5,Best purchase I've made in a while. Setup took under five minutes. My whole team has switched over since. Highly recommend.,2025-01-22
323693,7977,95200,5,"Best purchase I've made in a while. Customer service was fast and genuinely helpful. Months in, it still works like day one. Will definitely buy again.",2025-04-17
94654,3081,78192,5,Honestly blown away. It integrates seamlessly with everything I already use. My whole team has switched over since.,2025-08-02
257092,4527,59979,5,The build feels premium and sturdy. My whole team has switched over since. Will definitely buy again.,2025-01-30
780483,9821,45976,1,One star is generous. The quality feels much cheaper than advertised. Returning it was its own ordeal. Save your money. Buyer beware.,2025-08-24
794251,2433,34804,4,Good experience from start to finish. Customer service was fast and genuinely helpful. Would buy again.,2025-11-11
14698,5200,95160,5,"Five stars, no hesitation. The build feels premium and sturdy. Even the packaging was thoughtfully done.",2025-02-05
806446,9077,19715,5,Honestly blown away. Performance is smooth even under heavy use. 10/10.,2025-03-02
235759,8842,47185,5,"I rarely write reviews, but this earned one. Performance is smooth even under heavy use. Months in, it still works like day one.",2025-10-07
585609,5232,78866,5,"I rarely write reviews, but this earned one. The quality is noticeable the moment you unbox it. My whole team has switched over since.",2025-03-25
397641,1786,73526,5,Exceeded every expectation. The build feels premium and sturdy. The little details show real care. Highly recommend.,2025-02-01
407998,3572,18916,3,"It's okay. The build feels premium and sturdy. That said, The interface is clunky and slow.",2025-05-12
753017,5619,70838,5,Absolutely loved it! It works exactly as described. Support replied within the hour when I had a question.,2025-07-10
298677,3053,42995,4,Really solid overall. Instructions were clear and easy to follow. Even the packaging was thoughtfully done. Good value overall.,2025-01-28
798995,3531,21648,4,The quality is noticeable the moment you unbox it. Even the packaging was thoughtfully done. A second color option would be nice. Good value overall.,2025-02-01
907192,8583,78099,1,Terrible experience. The quality feels much cheaper than advertised. I ended up buying a different brand. Save your money. Buyer beware.,2025-06-30
791720,7440,31880,4,"Impressed for the price. Instructions were clear and easy to follow. Months in, it still works like day one. Wish the manual was clearer, but that's minor.",2025-02-04
151960,5232,67056,2,Disappointing. The sizing/specs are way off from the listing. Photos online are nothing like the real thing. Expected more at this price.,2025-01-30
754346,8702,72518,3,"It's okay. Customer service took a week to respond. On the plus side, It integrates seamlessly with everything I already use.",2025-03-01
534585,1539,80741,5,"Couldn't be happier. Delivery arrived two days early, well packaged. 10/10.",2025-01-29
472052,8306,93038,5,Honestly blown away. It integrates seamlessly with everything I already use.,2025-05-29
386770,1014,73419,3,"Decent, but not great. The sizing/specs are way off from the listing. To be fair, The interface is clean and intuitive.",2025-06-27
788284,3814,74722,5,Performance is smooth even under heavy use. Worth every penny.,2025-03-04
31683,8881,33505,5,This is exactly what I was looking for. It works exactly as described. My whole team has switched over since.,2025-01-15
951986,2697,46145,5,Battery life has been excellent so far. Worth every penny.,2025-02-14
828782,5982,84211,5,"I rarely write reviews, but this earned one. Performance is smooth even under heavy use. The little details show real care.",2025-03-05
62288,8356,61358,3,"Decent, but not great. It stopped working properly after a few days. On the plus side, Instructions were clear and easy to follow.",2025-01-20
372977,2054,15702,4,Does what it promises. The quality is noticeable the moment you unbox it. Support replied within the hour when I had a question. Happy with the purchase.,2025-03-16
184373,6423,32683,3,"Somewhere in the middle. It integrates seamlessly with everything I already use. On the other hand, Customer service took a week to respond. Your mileage may vary.",2025-12-05
367764,8029,43367,5,"Best purchase I've made in a while. The quality is noticeable the moment you unbox it. Months in, it still works like day one. Will definitely buy again.",2025-02-19
441111,4890,65725,4,"Very happy with this. Customer service was fast and genuinely helpful. My whole team has switched over since. Slightly slow shipping, though that's not the product's fault.",2025-06-19
288484,1645,84776,5,Best purchase I've made in a while. The price is more than fair for what you get. Even the packaging was thoughtfully done. Highly recommend.,2025-03-28
235401,8614,54707,5,Absolutely loved it! It integrates seamlessly with everything I already use.,2025-08-23
340407,4300,52697,5,Honestly blown away. The interface is clean and intuitive.,2025-02-21
617841,7187,61405,4,Very happy with this. The quality is noticeable the moment you unbox it. Good value overall.,2025-02-02
96913,2735,44577,2,Disappointing. It stopped working properly after a few days. No response to two support emails. Hard to recommend.,2025-04-13
940280,6282,48861,5,Exceeded every expectation. It integrates seamlessly with everything I already use. Will definitely buy again.,2025-07-05
742886,9309,22344,4,"Almost perfect. Delivery arrived two days early, well packaged. Recommended.",2025-11-26
599590,6990,99566,5,"I rarely write reviews, but this earned one. The interface is clean and intuitive. My whole team has switched over since. 10/10.",2025-07-12
268948,7019,78621,3,"The interface is clean and intuitive. On the other hand, It's overpriced for what you actually get. Not bad, not great.",2025-02-26
210976,2383,12646,5,"Five stars, no hesitation. It works exactly as described. My whole team has switched over since.",2025-12-24
651250,8702,42147,4,"Impressed for the price. The build feels premium and sturdy. Months in, it still works like day one. Slightly slow shipping, though that's not the product's fault.",2025-04-13
760808,4868,62438,1,One star is generous. Several features simply don't work as described. I ended up buying a different brand. Never again.,2025-07-25
45863,1102,67172,1,Complete waste of money. Battery drains far faster than claimed. Photos online are nothing like the real thing. Still waiting on a resolution. Buyer beware.,2025-06-25
5162,6723,21870,5,Honestly blown away. Setup took under five minutes. Support replied within the hour when I had a question.,2025-03-14
686312,1014,61488,5,"Honestly blown away. The price is more than fair for what you get. Months in, it still works like day one.",2025-09-03
627396,9270,96279,3,"It's okay. Setup was confusing and the docs didn't help. To be fair, The build feels premium and sturdy. Not bad, not great.",2025-02-25
693709,8260,49982,5,Couldn't be happier. The build feels premium and sturdy.,2025-12-21
727570,7071,27171,4,Almost perfect. The build feels premium and sturdy. A second color option would be nice.,2025-02-27
89205,5995,39360,5,"Five stars, no hesitation. The quality is noticeable the moment you unbox it. The little details show real care. Highly recommend.",2025-10-24
14948,9518,39664,3,"Somewhere in the middle. Customer service took a week to respond. To be fair, Battery life has been excellent so far.",2025-03-08
626707,9321,24160,5,"Absolutely loved it! The quality is noticeable the moment you unbox it. Months in, it still works like day one.",2025-08-06
450881,4002,15707,5,"Five stars, no hesitation. It works exactly as described. Months in, it still works like day one.",2025-01-24
700276,2735,76257,1,Complete waste of money. Customer service took a week to respond. Do not recommend.,2025-11-16
503758,8509,88498,4,"Almost perfect. The interface is clean and intuitive. Months in, it still works like day one. Happy with the purchase.",2025-02-10
553594,5860,15056,1,The sizing/specs are way off from the listing. The replacement had the same problem. Save your money. Do not recommend.,2025-04-05
376912,6651,76689,3,"Fine for the price, I guess. Delivery arrived two days early, well packaged. But The quality feels much cheaper than advertised.",2025-08-16
624385,4002,81674,5,Instructions were clear and easy to follow. Even the packaging was thoughtfully done. Already recommended it to friends.,2025-03-30
109278,2619,88682,5,Best purchase I've made in a while. The quality is noticeable the moment you unbox it.,2025-06-09
723697,4734,72562,4,"Impressed for the price. Instructions were clear and easy to follow. Slightly slow shipping, though that's not the product's fault.",2025-04-15
94239,8029,88985,5,"Five stars, no hesitation. Delivery arrived two days early, well packaged. My whole team has switched over since.",2025-01-18
880545,1014,46229,5,"Honestly blown away. The build feels premium and sturdy. Months in, it still works like day one.",2025-06-13
183584,6766,28614,5,"Couldn't be happier. Performance is smooth even under heavy use. Months in, it still works like day one.",2025-03-19
253179,6723,41231,4,Does what it promises. The build feels premium and sturdy. Even the packaging was thoughtfully done. Good value overall.,2025-02-18
402566,5346,73937,5,It works exactly as described. Will definitely buy again.,2025-04-11
354952,7567,23493,5,Absolutely loved it! The build feels premium and sturdy. The little details show real care.,2025-01-31
765878,7977,33311,2,Expected better. The quality feels much cheaper than advertised.,2025-03-20
247669,4527,81234,5,It works exactly as described. Already recommended it to friends.,2025-02-18
845088,6214,63122,2,Not impressed. It stopped working properly after a few days. I ended up buying a different brand.,2025-12-16
346981,5239,86369,5,"I rarely write reviews, but this earned one. Battery life has been excellent so far.",2025-06-15
88148,1102,57925,5,"Best purchase I've made in a while. It integrates seamlessly with everything I already use. Months in, it still works like day one. Worth every penny.",2025-07-25
220146,4729,27171,2,Wouldn't buy again. Battery drains far faster than claimed. The replacement had the same problem.,2025-03-11
979165,2621,26223,2,It's overpriced for what you actually get. Photos online are nothing like the real thing. Hard to recommend.,2025-02-10
58283,7567,20889,3,"Decent, but not great. It stopped working properly after a few days. To be fair, The price is more than fair for what you get. There are probably better options.",2025-03-25
689037,6718,36335,5,This is exactly what I was looking for. Performance is smooth even under heavy use. Even the packaging was thoughtfully done. Highly recommend.,2025-05-10
671253,9285,21155,5,It works exactly as described. The little details show real care. 10/10.,2025-01-29
874176,1440,13964,5,Honestly blown away. Customer service was fast and genuinely helpful. Even the packaging was thoughtfully done.,2025-03-05
241899,2055,94433,5,"I rarely write reviews, but this earned one. It works exactly as described. Even the packaging was thoughtfully done. Worth every penny.",2025-01-21
577224,3135,28898,5,Absolutely loved it! Setup took under five minutes.,2025-02-20
218595,9402,98339,4,"Impressed for the price. Delivery arrived two days early, well packaged. Support replied within the hour when I had a question. A second color option would be nice.",2025-05-29
266844,9004,86567,5,Honestly blown away. Customer service was fast and genuinely helpful. The little details show real care.,2025-02-09
880781,5415,84569,5,Best purchase I've made in a while. The quality is noticeable the moment you unbox it. Support replied within the hour when I had a question. Highly recommend.,2025-07-18
318519,6512,60577,2,Wouldn't buy again. Several features simply don't work as described. Returning it was its own ordeal. Look elsewhere first.,2025-08-25
817169,8407,54356,5,"This is exactly what I was looking for. Setup took under five minutes. Months in, it still works like day one.",2025-12-24
856351,4734,60968,5,The interface is clean and intuitive. Even the packaging was thoughtfully done. Highly recommend.,2025-01-16
520581,3338,24580,3,"It's okay. Setup was confusing and the docs didn't help. To be fair, The quality is noticeable the moment you unbox it. There are probably better options.",2025-03-01
147296,9443,99566,2,Expected better. Delivery was late and the box arrived damaged. The replacement had the same problem.,2025-07-05
410490,7622,63297,5,"Five stars, no hesitation. Battery life has been excellent so far.",2025-01-20
181439,3910,14781,3,"It stopped working properly after a few days. On the plus side, Customer service was fast and genuinely helpful. Might give it another try.",2025-02-23
287832,5311,15226,4,"Works great. Delivery arrived two days early, well packaged. Slightly slow shipping, though that's not the product's fault.",2025-01-23
4282,9055,34262,5,The price is more than fair for what you get. My whole team has switched over since. Highly recommend.,2025-03-25
394022,1319,37176,5,Exceeded every expectation. Customer service was fast and genuinely helpful. My whole team has switched over since.,2025-08-06
121620,6188,26793,5,This is exactly what I was looking for. The price is more than fair for what you get. Will definitely buy again.,2025-02-15
216448,5869,70796,3,"The sizing/specs are way off from the listing. To be fair, It integrates seamlessly with everything I already use. Your mileage may vary.",2025-01-16
396946,6718,63612,5,Absolutely loved it! Setup took under five minutes. 10/10.,2025-05-12
492084,4234,16968,5,Absolutely loved it! Battery life has been excellent so far.,2025-04-14
529569,3852,34058,4,"Impressed for the price. It works exactly as described. Support replied within the hour when I had a question. Wish the manual was clearer, but that's minor.",2025-03-06
957054,3081,34066,5,This is exactly what I was looking for. It works exactly as described. Support replied within the hour when I had a question.,2025-07-16
514497,4890,34083,4,"Works great. The interface is clean and intuitive. Wish the manual was clearer, but that's minor.",2025-07-07
119340,8655,81891,5,Absolutely loved it! Setup took under five minutes. The little details show real care. Will definitely buy again.,2025-02-11
234865,5860,89852,1,Extremely frustrated. Battery drains far faster than claimed. Do not recommend.,2025-03-15
137155,5989,96029,4,Good experience from start to finish. The build feels premium and sturdy. Even the packaging was thoughtfully done. Would buy again.,2025-04-21
559217,6153,61423,4,"It works exactly as described. Wish the manual was clearer, but that's minor. Recommended.",2025-06-24
130519,7440,93155,3,"Decent, but not great. It's overpriced for what you actually get. To be fair, Customer service was fast and genuinely helpful.",2025-05-02
713187,7128,77119,4,It integrates seamlessly with everything I already use. Docking one star for the setup process. Would buy again.,2025-05-15
695401,6434,54130,1,Complete waste of money. The sizing/specs are way off from the listing. No response to two support emails. Save your money. Do not recommend.,2025-04-18
738959,8236,15890,4,"Impressed for the price. Instructions were clear and easy to follow. Support replied within the hour when I had a question. Slightly slow shipping, though that's not the product's fault.",2025-01-22
868843,4890,84776,5,"I rarely write reviews, but this earned one. Customer service was fast and genuinely helpful. Worth every penny.",2025-03-26
393650,1588,84213,4,Almost perfect. It integrates seamlessly with everything I already use. The little details show real care. Good value overall.,2025-03-16
796456,4218,31334,5,"Absolutely loved it! Battery life has been excellent so far. Months in, it still works like day one.",2025-02-08
934699,8540,82112,4,Almost perfect. The build feels premium and sturdy. Support replied within the hour when I had a question. Good value overall.,2025-08-24
398652,2619,91498,5,Best purchase I've made in a while. The price is more than fair for what you get. Highly recommend.,2025-03-07
673797,6653,91878,5,Absolutely loved it! The price is more than fair for what you get. Will definitely buy again.,2025-12-27
936992,8205,58362,5,"I rarely write reviews, but this earned one. The quality is noticeable the moment you unbox it. My whole team has switched over since.",2025-04-27
611413,3953,91793,5,Couldn't be happier. Setup took under five minutes. Even the packaging was thoughtfully done.,2025-01-24
874449,2276,48762,5,"Honestly blown away. Setup took under five minutes. Months in, it still works like day one.",2025-02-01
562336,1709,63545,5,This is exactly what I was looking for. Setup took under five minutes. Support replied within the hour when I had a question.,2025-04-18
563751,2712,68282,3,"The quality feels much cheaper than advertised. To be fair, Customer service was fast and genuinely helpful. Your mileage may vary.",2025-05-29
245045,9099,67172,5,"Couldn't be happier. It integrates seamlessly with everything I already use. Months in, it still works like day one.",2025-07-02
693556,3953,95275,5,"Exceeded every expectation. Performance is smooth even under heavy use. Months in, it still works like day one. Will definitely buy again.",2025-01-15
779982,5682,46229,5,"Five stars, no hesitation. It works exactly as described.",2025-05-22
805992,8203,50847,3,"The interface is clunky and slow. To be fair, Instructions were clear and easy to follow. There are probably better options.",2025-07-28
613498,7019,30521,5,"Five stars, no hesitation. The quality is noticeable the moment you unbox it. My whole team has switched over since.",2025-04-08
127575,5414,77235,5,Best purchase I've made in a while. Battery life has been excellent so far. Worth every penny.,2025-02-19
445324,1645,40205,4,"Almost perfect. It integrates seamlessly with everything I already use. Months in, it still works like day one. Docking one star for the setup process.",2025-06-27
482474,1858,62557,5,"I rarely write reviews, but this earned one. The interface is clean and intuitive. Months in, it still works like day one. Will definitely buy again.",2025-03-26
987065,7187,51085,4,Really solid overall. The price is more than fair for what you get. Only minor gripe is the packaging.,2025-02-21
211891,2394,96118,5,Best purchase I've made in a while. Battery life has been excellent so far.,2025-04-09
143619,1115,50777,4,Good experience from start to finish. It integrates seamlessly with everything I already use. The little details show real care. Only minor gripe is the packaging.,2025-06-10
537916,4234,90777,3,"Fine for the price, I guess. Battery drains far faster than claimed. To be fair, It integrates seamlessly with everything I already use. Might give it another try.",2025-03-08
180663,2055,74393,4,Good experience from start to finish. Instructions were clear and easy to follow. The little details show real care. Good value overall.,2025-07-17
115258,6275,62557,3,"The quality is noticeable the moment you unbox it. However, It's overpriced for what you actually get. There are probably better options.",2025-03-18
310872,9476,11507,1,Complete waste of money. It stopped working properly after a few days. The replacement had the same problem. Save your money. Do not recommend.,2025-03-21
739818,8614,96086,5,This is exactly what I was looking for. The interface is clean and intuitive. My whole team has switched over since. Will definitely buy again.,2025-04-11
74802,2722,36330,4,"Works great. Delivery arrived two days early, well packaged. My whole team has switched over since. A second color option would be nice.",2025-04-18
99253,7567,25185,5,"Five stars, no hesitation. Customer service was fast and genuinely helpful. Months in, it still works like day one.",2025-02-01
108539,7985,16924,5,"I rarely write reviews, but this earned one. Delivery arrived two days early, well packaged. My whole team has switched over since. Worth every penny.",2025-03-01
942268,1939,98142,3,"Mixed feelings on this one. The interface is clunky and slow. To be fair, The quality is noticeable the moment you unbox it. There are probably better options.",2025-01-23
288693,1939,22892,4,Impressed for the price. It integrates seamlessly with everything I already use. A second color option would be nice.,2025-06-12
208510,4790,26216,5,Exceeded every expectation. The price is more than fair for what you get. Already recommended it to friends.,2025-03-13
857805,7567,89452,3,"Fine for the price, I guess. Several features simply don't work as described. On the plus side, Battery life has been excellent so far.",2025-01-25
65284,7394,34464,2,It stopped working properly after a few days. No response to two support emails. Hard to recommend.,2025-10-16
720493,3403,95160,4,Impressed for the price. The quality is noticeable the moment you unbox it. Even the packaging was thoughtfully done. Would buy again.,2025-02-19
951870,9402,99234,4,Very happy with this. The quality is noticeable the moment you unbox it. Support replied within the hour when I had a question. Happy with the purchase.,2025-12-23
57207,6664,53849,5,"I rarely write reviews, but this earned one. The quality is noticeable the moment you unbox it. Months in, it still works like day one.",2025-03-07
882002,5973,74584,4,Works great. Customer service was fast and genuinely helpful. Good value overall.,2025-04-08
492288,5777,34465,4,"Impressed for the price. Delivery arrived two days early, well packaged. Slightly slow shipping, though that's not the product's fault.",2025-05-18
681642,2468,49133,5,"I rarely write reviews, but this earned one. It integrates seamlessly with everything I already use. Months in, it still works like day one. Worth every penny.",2025-02-25
744458,3561,27523,5,Best purchase I've made in a while. The build feels premium and sturdy.,2025-03-25
775926,2712,18417,5,Best purchase I've made in a while. The build feels premium and sturdy. Highly recommend.,2025-05-19
179694,9402,80498,5,Absolutely loved it! Instructions were clear and easy to follow. My whole team has switched over since. Highly recommend.,2025-02-09
347551,9705,27326,4,"Impressed for the price. It integrates seamlessly with everything I already use. Months in, it still works like day one. Slightly slow shipping, though that's not the product's fault.",2025-01-29
864885,8964,77902,2,Not impressed. The interface is clunky and slow. No response to two support emails.,2025-01-18
105531,7122,82787,5,Best purchase I've made in a while. Performance is smooth even under heavy use. The little details show real care. Will definitely buy again.,2025-05-27
376285,3642,34804,4,"Works great. The interface is clean and intuitive. Wish the manual was clearer, but that's minor.",2025-10-26
685705,6990,95801,5,This is exactly what I was looking for. The interface is clean and intuitive. Already recommended it to friends.,2025-01-28
593049,5973,91053,1,Terrible experience. The quality feels much cheaper than advertised. The replacement had the same problem. Do not recommend.,2025-02-18
383488,2383,37888,4,Impressed for the price. It works exactly as described. The little details show real care. Happy with the purchase.,2025-08-05
348257,2712,27326,5,"Best purchase I've made in a while. The quality is noticeable the moment you unbox it. Months in, it still works like day one. Highly recommend.",2025-02-25
660432,5490,70041,1,Extremely frustrated. Several features simply don't work as described. Do not recommend.,2025-10-14
564060,7509,35585,5,The price is more than fair for what you get. Will definitely buy again.,2025-09-07
806816,1716,92007,4,It integrates seamlessly with everything I already use. The little details show real care. Docking one star for the setup process. Good value overall.,2025-05-07
461201,3053,81234,5,Exceeded every expectation. Instructions were clear and easy to follow. My whole team has switched over since. Will definitely buy again.,2025-01-25
742337,5278,85478,5,Exceeded every expectation. Battery life has been excellent so far. Even the packaging was thoughtfully done. Highly recommend.,2025-05-16
882530,4004,14120,5,"Five stars, no hesitation. Customer service was fast and genuinely helpful. Months in, it still works like day one.",2025-03-16
747121,2050,68737,5,Absolutely loved it! The quality is noticeable the moment you unbox it. My whole team has switched over since. Worth every penny.,2025-03-30
216752,9572,99700,5,Best purchase I've made in a while. Battery life has been excellent so far. Even the packaging was thoughtfully done. Worth every penny.,2025-05-18
869753,2376,43872,5,Exceeded every expectation. The interface is clean and intuitive. Worth every penny.,2025-02-19
358428,3814,66313,4,Good experience from start to finish. Instructions were clear and easy to follow. My whole team has switched over since. Happy with the purchase.,2025-01-27
872801,5777,83697,5,"Honestly blown away. Customer service was fast and genuinely helpful. Months in, it still works like day one. Will definitely buy again.",2025-03-20
345153,8356,68366,2,The quality feels much cheaper than advertised. Returning it was its own ordeal. Expected more at this price.,2025-06-30
396392,7219,60401,5,Exceeded every expectation. Customer service was fast and genuinely helpful. 10/10.,2025-01-23
77667,9424,75914,4,Almost perfect. Performance is smooth even under heavy use. Support replied within the hour when I had a question. Happy with the purchase.,2025-03-28
781073,7632,43297,2,Disappointing. Setup was confusing and the docs didn't help. No response to two support emails.,2025-12-22
210220,1939,47151,5,The interface is clean and intuitive. Even the packaging was thoughtfully done. Highly recommend.,2025-02-08
983794,5973,12671,5,This is exactly what I was looking for. The interface is clean and intuitive. Support replied within the hour when I had a question.,2025-02-25
586956,5703,31565,5,Exceeded every expectation. Battery life has been excellent so far. My whole team has switched over since. 10/10.,2025-05-07
548664,6577,21708,5,Exceeded every expectation. It works exactly as described. Highly recommend.,2025-02-13
331891,7187,34890,5,Instructions were clear and easy to follow. Will definitely buy again.,2025-08-24
690561,5860,70347,4,Really solid overall. The quality is noticeable the moment you unbox it. My whole team has switched over since. Recommended.,2025-02-10
971657,6214,40647,5,It integrates seamlessly with everything I already use. My whole team has switched over since. Will definitely buy again.,2025-04-08
76436,9653,94576,4,Good experience from start to finish. Performance is smooth even under heavy use. The little details show real care. Only minor gripe is the packaging.,2025-02-27
859808,9572,26223,1,It stopped working properly after a few days. The replacement had the same problem. Reporting this to the marketplace. Never again.,2025-02-08
484209,2621,28151,4,Works great. The interface is clean and intuitive. Happy with the purchase.,2025-02-21
603641,1840,85451,5,Best purchase I've made in a while. Instructions were clear and easy to follow. My whole team has switched over since.,2025-03-04
159211,7122,10442,4,"Battery life has been excellent so far. My whole team has switched over since. Wish the manual was clearer, but that's minor. Would buy again.",2025-02-12
875288,9099,77606,1,The interface is clunky and slow. Returning it was its own ordeal. Save your money. Buyer beware.,2025-01-08
98318,3531,94999,5,"Five stars, no hesitation. The interface is clean and intuitive.",2025-05-07
671330,7187,64035,5,Exceeded every expectation. Battery life has been excellent so far. My whole team has switched over since.,2025-12-16
547691,6188,91822,5,Exceeded every expectation. It integrates seamlessly with everything I already use. The little details show real care.,2025-05-21
189245,6990,66465,3,"Several features simply don't work as described. On the plus side, The build feels premium and sturdy. Not bad, not great.",2025-04-27
797143,6359,73980,5,"I rarely write reviews, but this earned one. The build feels premium and sturdy. Even the packaging was thoughtfully done.",2025-09-26
511142,7977,91271,4,"Good experience from start to finish. The price is more than fair for what you get. Months in, it still works like day one. Good value overall.",2025-05-28
276826,2981,34083,4,Instructions were clear and easy to follow. The little details show real care. Docking one star for the setup process. Happy with the purchase.,2025-07-16
520801,6651,37743,3,"Decent, but not great. The interface is clunky and slow. On the plus side, The quality is noticeable the moment you unbox it. Your mileage may vary.",2025-03-30
499094,5982,91804,4,"Setup took under five minutes. Wish the manual was clearer, but that's minor. Would buy again.",2025-02-07
55232,2722,98822,4,Very happy with this. The quality is noticeable the moment you unbox it. Even the packaging was thoughtfully done. Docking one star for the setup process.,2025-01-17
82698,3135,97584,5,Customer service was fast and genuinely helpful. Worth every penny.,2025-01-30
850001,9148,74354,3,"The build feels premium and sturdy. On the other hand, Setup was confusing and the docs didn't help. Not bad, not great.",2025-02-20
140564,2308,63053,5,"Honestly blown away. Delivery arrived two days early, well packaged. 10/10.",2025-03-22
542032,9443,35722,4,Does what it promises. Performance is smooth even under heavy use. My whole team has switched over since. Recommended.,2025-02-13
477898,7598,69582,5,"Absolutely loved it! Delivery arrived two days early, well packaged. Will definitely buy again.",2025-01-21
595552,7985,97953,5,It integrates seamlessly with everything I already use. Even the packaging was thoughtfully done. Worth every penny.,2025-05-13
187702,8756,53614,4,"Delivery arrived two days early, well packaged. The little details show real care. Slightly slow shipping, though that's not the product's fault. Recommended.",2025-02-22
425955,6892,70796,5,Absolutely loved it! The price is more than fair for what you get.,2025-02-15
995694,9270,17067,3,"Mixed feelings on this one. It works exactly as described. However, Several features simply don't work as described. Not bad, not great.",2025-05-26
218768,3572,68365,5,Absolutely loved it! Setup took under five minutes. The little details show real care.,2025-05-03
289496,2226,15674,5,"It works exactly as described. Months in, it still works like day one. Already recommended it to friends.",2025-01-13
401625,6653,21022,4,"Works great. Instructions were clear and easy to follow. Months in, it still works like day one. Happy with the purchase.",2025-03-06
211819,9581,84627,5,"The quality is noticeable the moment you unbox it. Months in, it still works like day one. Will definitely buy again.",2025-01-24
979547,8583,93980,5,"Delivery arrived two days early, well packaged. Support replied within the hour when I had a question. Already recommended it to friends.",2025-02-11
846937,5999,87009,5,Best purchase I've made in a while. The quality is noticeable the moment you unbox it.,2025-01-08
146804,2365,36205,2,Wouldn't buy again. Delivery was late and the box arrived damaged. I ended up buying a different brand. Look elsewhere first.,2025-05-13
403161,7279,16977,1,Several features simply don't work as described. The replacement had the same problem. I've asked for a refund. Buyer beware.,2025-03-27
252753,8964,11844,5,Exceeded every expectation. Customer service was fast and genuinely helpful. The little details show real care. Already recommended it to friends.,2025-05-28
487439,8985,59787,4,Impressed for the price. The interface is clean and intuitive. Would buy again.,2025-11-27
344232,1709,74501,5,Honestly blown away. The quality is noticeable the moment you unbox it.,2025-02-07
551433,5869,15890,5,Absolutely loved it! The price is more than fair for what you get. The little details show real care. Will definitely buy again.,2025-02-26
640290,4158,48762,5,Absolutely loved it! Battery life has been excellent so far.,2025-01-15
595245,8029,72947,5,Absolutely loved it! The price is more than fair for what you get.,2025-07-14
958044,6259,19568,1,Customer service took a week to respond. Returning it was its own ordeal. Save your money. Do not recommend.,2025-03-21
686344,5999,48992,5,Couldn't be happier. Setup took under five minutes. Already recommended it to friends.,2025-02-12
998637,9270,75914,5,Absolutely loved it! Performance is smooth even under heavy use. Already recommended it to friends.,2025-03-25
876652,5982,27120,5,"Honestly blown away. Delivery arrived two days early, well packaged.",2025-01-07
769428,3852,57922,4,Very happy with this. Performance is smooth even under heavy use. Support replied within the hour when I had a question. Docking one star for the setup process.,2025-02-09
205677,5860,71019,4,Good experience from start to finish. Battery life has been excellent so far. The little details show real care. Recommended.,2025-08-20
389523,5535,49465,5,Absolutely loved it! The build feels premium and sturdy. The little details show real care.,2025-04-01
931890,9402,86658,5,"I rarely write reviews, but this earned one. It integrates seamlessly with everything I already use.",2025-11-07
627147,8881,74510,5,"Exceeded every expectation. Instructions were clear and easy to follow. Months in, it still works like day one. Already recommended it to friends.",2025-04-22
789333,7001,67056,5,Exceeded every expectation. The price is more than fair for what you get.,2025-01-21
980593,6249,44536,1,It stopped working properly after a few days. I ended up buying a different brand. Save your money. Buyer beware.,2025-04-18
595882,3081,79902,5,Instructions were clear and easy to follow. Support replied within the hour when I had a question. Highly recommend.,2025-01-10
60234,8407,78087,4,"Impressed for the price. Delivery arrived two days early, well packaged. The little details show real care. Good value overall.",2025-02-11
427916,9099,98584,5,Exceeded every expectation. Customer service was fast and genuinely helpful. Support replied within the hour when I had a question.,2025-01-26
109974,3852,44612,5,"I rarely write reviews, but this earned one. The price is more than fair for what you get. Even the packaging was thoughtfully done. Worth every penny.",2025-01-22
614994,1249,84073,5,"Best purchase I've made in a while. Delivery arrived two days early, well packaged. Even the packaging was thoughtfully done. 10/10.",2025-04-19
977995,5914,78192,5,This is exactly what I was looking for. Instructions were clear and easy to follow. Support replied within the hour when I had a question.,2025-07-25
979527,4868,13309,5,"Five stars, no hesitation. It integrates seamlessly with everything I already use. The little details show real care.",2025-04-10
76785,9705,58966,5,It integrates seamlessly with everything I already use. Worth every penny.,2025-11-08
914683,9424,27188,4,"The quality is noticeable the moment you unbox it. Months in, it still works like day one. Docking one star for the setup process. Would buy again.",2025-04-10
874168,5239,72193,3,"It's okay. Battery drains far faster than claimed. To be fair, Delivery arrived two days early, well packaged. Not bad, not great.",2025-02-20
156814,7632,77590,5,Couldn't be happier. It integrates seamlessly with everything I already use. Support replied within the hour when I had a question.,2025-04-27
398454,5768,57056,5,This is exactly what I was looking for. The build feels premium and sturdy. 10/10.,2025-06-04
201337,2276,64273,5,"I rarely write reviews, but this earned one. Delivery arrived two days early, well packaged. The little details show real care. Highly recommend.",2025-05-17
556892,1939,40035,5,This is exactly what I was looking for. Setup took under five minutes. Support replied within the hour when I had a question.,2025-11-14
882136,5345,17456,1,The quality feels much cheaper than advertised. No response to two support emails. Save your money. Never again.,2025-01-17
440476,7809,44149,5,It integrates seamlessly with everything I already use. Already recommended it to friends.,2025-05-11
122149,3572,77565,5,This is exactly what I was looking for. The build feels premium and sturdy.,2025-01-30
427894,9362,69825,5,Honestly blown away. It works exactly as described. The little details show real care. Already recommended it to friends.,2025-09-21
401471,5345,16924,5,Couldn't be happier. The price is more than fair for what you get. Already recommended it to friends.,2025-01-30
532128,6489,57640,3,"Decent, but not great. Delivery arrived two days early, well packaged. That said, Setup was confusing and the docs didn't help.",2025-05-16
171285,6489,36371,4,"Works great. It works exactly as described. The little details show real care. Wish the manual was clearer, but that's minor.",2025-11-02
943715,1858,42147,5,"I rarely write reviews, but this earned one. The price is more than fair for what you get. Months in, it still works like day one.",2025-04-15
476513,5070,78099,5,"Delivery arrived two days early, well packaged. 10/10.",2025-06-12
755917,3037,39160,5,Best purchase I've made in a while. The quality is noticeable the moment you unbox it. Even the packaging was thoughtfully done.,2025-05-28
545751,8203,80983,5,"Absolutely loved it! Delivery arrived two days early, well packaged.",2025-07-26
559307,8704,29588,5,Exceeded every expectation. Instructions were clear and easy to follow. The little details show real care.,2025-04-27
455967,8550,69582,2,Disappointing. Several features simply don't work as described. Returning it was its own ordeal.,2025-01-22
943191,9309,16099,4,The interface is clean and intuitive. Support replied within the hour when I had a question. A second color option would be nice. Good value overall.,2025-01-13
496927,7509,27958,5,"Honestly blown away. Setup took under five minutes. Months in, it still works like day one. Will definitely buy again.",2025-06-06
208214,1655,17067,3,"Mixed feelings on this one. Delivery arrived two days early, well packaged. On the other hand, The quality feels much cheaper than advertised. Your mileage may vary.",2025-05-28
736664,2722,27188,5,Couldn't be happier. Setup took under five minutes. Even the packaging was thoughtfully done.,2025-04-08
508210,1234,69588,3,"Delivery was late and the box arrived damaged. On the plus side, Setup took under five minutes. There are probably better options.",2025-05-14
330864,8964,65567,3,"Decent, but not great. It works exactly as described. That said, Several features simply don't work as described.",2025-07-24
956207,9476,35732,5,Absolutely loved it! It works exactly as described. My whole team has switched over since. 10/10.,2025-04-09
776928,5973,15811,4,"Impressed for the price. Delivery arrived two days early, well packaged. The little details show real care. Happy with the purchase.",2025-03-05
489868,9821,61255,5,Best purchase I've made in a while. It works exactly as described. Even the packaging was thoughtfully done.,2025-03-22
239119,7034,25037,1,Terrible experience. The sizing/specs are way off from the listing. The replacement had the same problem. Save your money. Do not recommend.,2025-09-04
947463,9148,66440,4,"Works great. Performance is smooth even under heavy use. Wish the manual was clearer, but that's minor.",2025-02-14
23630,1442,24559,4,"Does what it promises. Instructions were clear and easy to follow. Support replied within the hour when I had a question. Slightly slow shipping, though that's not the product's fault.",2025-02-06
249027,9269,60181,5,"Five stars, no hesitation. It works exactly as described.",2025-02-17
833474,8205,41767,1,The sizing/specs are way off from the listing. I ended up buying a different brand. I've asked for a refund. Never again.,2025-12-20
55134,7693,68260,5,"Absolutely loved it! The price is more than fair for what you get. Months in, it still works like day one. 10/10.",2025-05-05
962047,7350,20941,5,Exceeded every expectation. Battery life has been excellent so far. Support replied within the hour when I had a question. Will definitely buy again.,2025-01-28
510598,5490,81935,4,"Does what it promises. Delivery arrived two days early, well packaged. Support replied within the hour when I had a question. A second color option would be nice.",2025-06-11
539073,3642,95275,5,Best purchase I've made in a while. Customer service was fast and genuinely helpful. 10/10.,2025-02-03
758199,9424,81138,5,"This is exactly what I was looking for. Battery life has been excellent so far. Months in, it still works like day one.",2025-05-23
44654,1939,98589,5,Honestly blown away. The price is more than fair for what you get.,2025-05-31
658768,8681,48981,5,Best purchase I've made in a while. Performance is smooth even under heavy use.,2025-04-09
225488,4527,62695,4,Works great. Performance is smooth even under heavy use. My whole team has switched over since. Good value overall.,2025-03-06
189797,7122,91053,4,Good experience from start to finish. Customer service was fast and genuinely helpful. My whole team has switched over since. Recommended.,2025-02-16
8273,5209,97051,5,This is exactly what I was looking for. The price is more than fair for what you get. Highly recommend.,2025-08-20
66831,1709,94201,5,Best purchase I've made in a while. Battery life has been excellent so far.,2025-02-27
127780,8664,68365,5,This is exactly what I was looking for. The price is more than fair for what you get. Already recommended it to friends.,2025-05-13
280474,6959,24160,4,Customer service was fast and genuinely helpful. Only minor gripe is the packaging. Good value overall.,2025-08-19
857666,6048,58432,5,Best purchase I've made in a while. Setup took under five minutes. Even the packaging was thoughtfully done. 10/10.,2025-02-21
499153,6723,90777,5,The price is more than fair for what you get. Even the packaging was thoughtfully done. Already recommended it to friends.,2025-03-25
750799,1939,73119,5,This is exactly what I was looking for. It works exactly as described. The little details show real care.,2025-08-17
764774,6048,35852,2,The interface is clunky and slow. Photos online are nothing like the real thing. Look elsewhere first.,2025-04-19
468900,9362,37948,5,"Best purchase I've made in a while. Delivery arrived two days early, well packaged. My whole team has switched over since.",2025-03-08
11970,6438,54384,5,Battery life has been excellent so far. Even the packaging was thoughtfully done. Highly recommend.,2025-01-22
937787,7632,10032,5,This is exactly what I was looking for. Battery life has been excellent so far. The little details show real care. Worth every penny.,2025-02-02
508922,1291,67556,4,"Good experience from start to finish. It works exactly as described. Slightly slow shipping, though that's not the product's fault.",2025-06-17
496665,6345,79526,4,Performance is smooth even under heavy use. A second color option would be nice. Would buy again.,2025-01-31
72536,8140,84599,4,"Works great. Delivery arrived two days early, well packaged. Recommended.",2025-02-04
63134,4647,83047,3,"Somewhere in the middle. The sizing/specs are way off from the listing. To be fair, Performance is smooth even under heavy use.",2025-01-31
616362,5973,12126,5,"Five stars, no hesitation. Instructions were clear and easy to follow. Support replied within the hour when I had a question. Highly recommend.",2025-05-03
45813,6282,72862,5,"Five stars, no hesitation. The interface is clean and intuitive. Support replied within the hour when I had a question. 10/10.",2025-01-22
986137,6892,45292,5,This is exactly what I was looking for. Setup took under five minutes. Already recommended it to friends.,2025-03-17
503763,5490,80983,1,Extremely frustrated. The quality feels much cheaper than advertised. Photos online are nothing like the real thing. Save your money. Buyer beware.,2025-08-18
60306,8060,62612,2,Disappointing. The interface is clunky and slow. I ended up buying a different brand.,2025-06-22
107584,4269,23747,4,Customer service was fast and genuinely helpful. Even the packaging was thoughtfully done. Docking one star for the setup process. Would buy again.,2025-02-17
746824,1709,31992,5,"I rarely write reviews, but this earned one. Instructions were clear and easy to follow. The little details show real care.",2025-09-20
900659,9572,96116,5,"I rarely write reviews, but this earned one. Customer service was fast and genuinely helpful. My whole team has switched over since.",2025-03-08
930677,9321,13005,5,Performance is smooth even under heavy use. The little details show real care. Will definitely buy again.,2025-02-11
661269,5860,18017,5,Honestly blown away. Setup took under five minutes. The little details show real care.,2025-02-25
979974,2145,15492,5,Couldn't be happier. Setup took under five minutes. My whole team has switched over since. 10/10.,2025-05-04
490256,3338,11072,5,Honestly blown away. Instructions were clear and easy to follow.,2025-06-01
60144,6577,31628,5,"Couldn't be happier. Performance is smooth even under heavy use. Months in, it still works like day one. Highly recommend.",2025-11-27
554995,4571,34651,5,"Couldn't be happier. Performance is smooth even under heavy use. Months in, it still works like day one. 10/10.",2025-03-22
875295,2651,63923,5,Exceeded every expectation. It works exactly as described. The little details show real care.,2025-03-27
479994,5869,54043,1,Several features simply don't work as described. I ended up buying a different brand. Reporting this to the marketplace. Buyer beware.,2025-05-22
715148,9443,65886,3,Mixed feelings on this one. Battery life has been excellent so far. But It stopped working properly after a few days. Might give it another try.,2025-02-05
299309,7394,52661,5,"Best purchase I've made in a while. Delivery arrived two days early, well packaged. Even the packaging was thoughtfully done.",2025-03-04
399792,4269,40673,3,"Fine for the price, I guess. Delivery was late and the box arrived damaged. Still, The interface is clean and intuitive. There are probably better options.",2025-05-23
220542,6892,10501,5,Battery life has been excellent so far. 10/10.,2025-03-07
751302,4574,96206,5,Honestly blown away. Battery life has been excellent so far. Will definitely buy again.,2025-02-21
961566,2735,19537,3,"It's okay. The sizing/specs are way off from the listing. On the plus side, It works exactly as described.",2025-03-09
166510,7219,48762,5,Exceeded every expectation. Performance is smooth even under heavy use. The little details show real care.,2025-01-24
825384,4647,82556,5,Absolutely loved it! It integrates seamlessly with everything I already use. Even the packaging was thoughtfully done.,2025-05-24
384962,1317,96543,1,It's overpriced for what you actually get. I ended up buying a different brand. Save your money. Buyer beware.,2025-05-10
47036,4790,27165,4,"Does what it promises. Delivery arrived two days early, well packaged. Even the packaging was thoughtfully done. Docking one star for the setup process.",2025-09-16
73894,3225,83539,5,Exceeded every expectation. Performance is smooth even under heavy use. 10/10.,2025-02-16
651515,1043,96116,5,Absolutely loved it! Customer service was fast and genuinely helpful. Even the packaging was thoughtfully done.,2025-03-26
350592,8664,79673,4,Very happy with this. The build feels premium and sturdy. My whole team has switched over since. Docking one star for the setup process.,2025-02-28
366774,7861,16900,5,"Five stars, no hesitation. Setup took under five minutes. My whole team has switched over since.",2025-12-26
648311,9763,27446,3,"It works exactly as described. That said, It's overpriced for what you actually get. Not bad, not great.",2025-04-25
731668,5209,10664,3,It's okay. It works exactly as described. But Several features simply don't work as described.,2025-03-09
745506,3953,69325,5,Couldn't be happier. It integrates seamlessly with everything I already use. Support replied within the hour when I had a question.,2025-09-24
954909,3367,23297,5,"Five stars, no hesitation. The build feels premium and sturdy. Months in, it still works like day one. Worth every penny.",2025-05-04
147264,4919,52697,3,"Decent, but not great. The quality feels much cheaper than advertised. Still, It integrates seamlessly with everything I already use.",2025-01-25
2287,7140,32683,5,Performance is smooth even under heavy use. The little details show real care. Worth every penny.,2025-12-15
933274,4890,66483,1,Avoid this. Setup was confusing and the docs didn't help. Photos online are nothing like the real thing. I've asked for a refund. Never again.,2025-08-11
278661,3572,88068,5,Honestly blown away. Battery life has been excellent so far. Support replied within the hour when I had a question.,2025-01-26
101888,4053,51373,5,"Best purchase I've made in a while. Performance is smooth even under heavy use. Months in, it still works like day one.",2025-01-29
479400,1043,43429,5,It integrates seamlessly with everything I already use. Support replied within the hour when I had a question. Highly recommend.,2025-12-16
203392,5519,79129,5,"Best purchase I've made in a while. The price is more than fair for what you get. Months in, it still works like day one. 10/10.",2025-04-10
298597,7019,82341,5,Exceeded every expectation. Instructions were clear and easy to follow.,2025-02-26
258157,5163,28930,5,"Best purchase I've made in a while. Setup took under five minutes. Months in, it still works like day one. Will definitely buy again.",2025-06-14
293870,8203,12881,1,Complete waste of money. The sizing/specs are way off from the listing. Never again.,2025-02-12
770381,7977,28614,5,It works exactly as described. The little details show real care. 10/10.,2025-03-23
15475,7219,95394,2,"Below average, sadly. Battery drains far faster than claimed. I ended up buying a different brand.",2025-04-28
285770,1847,65861,4,"Impressed for the price. Customer service was fast and genuinely helpful. Slightly slow shipping, though that's not the product's fault.",2025-03-22
24929,3852,36306,5,"I rarely write reviews, but this earned one. Performance is smooth even under heavy use. Already recommended it to friends.",2025-03-13
181419,7977,40143,1,One star is generous. It's overpriced for what you actually get. No response to two support emails. I've asked for a refund. Never again.,2025-03-22
692830,6688,34542,3,"Mixed feelings on this one. It integrates seamlessly with everything I already use. On the other hand, It's overpriced for what you actually get.",2025-10-16
700161,3081,41131,5,"Couldn't be happier. Delivery arrived two days early, well packaged. Even the packaging was thoughtfully done. Worth every penny.",2025-06-15
966249,7034,81803,1,Extremely frustrated. The sizing/specs are way off from the listing. No response to two support emails. Reporting this to the marketplace. Do not recommend.,2025-03-06
678317,3572,74657,4,Good experience from start to finish. Performance is smooth even under heavy use. The little details show real care. Would buy again.,2025-10-17
860146,4729,97546,5,Honestly blown away. The quality is noticeable the moment you unbox it. 10/10.,2025-02-10
600058,8664,97531,5,Customer service was fast and genuinely helpful. Support replied within the hour when I had a question. Will definitely buy again.,2025-02-05
162894,5183,80317,3,"It's okay. Several features simply don't work as described. On the plus side, Customer service was fast and genuinely helpful.",2025-05-29
937050,8561,25688,5,This is exactly what I was looking for. It works exactly as described.,2025-04-01
409868,3852,84073,5,The build feels premium and sturdy. Support replied within the hour when I had a question. Will definitely buy again.,2025-04-19
439125,8681,17439,5,Honestly blown away. The price is more than fair for what you get. Even the packaging was thoughtfully done.,2025-02-13
524775,5209,74826,5,Absolutely loved it! The price is more than fair for what you get.,2025-09-19
327655,5995,90777,5,Exceeded every expectation. The interface is clean and intuitive. 10/10.,2025-03-09
136756,8432,54043,4,Impressed for the price. The interface is clean and intuitive. Happy with the purchase.,2025-06-03
360692,7187,49845,5,"The interface is clean and intuitive. Months in, it still works like day one. Worth every penny.",2025-05-12
637784,7643,76708,5,"Best purchase I've made in a while. It integrates seamlessly with everything I already use. Months in, it still works like day one.",2025-07-24
298481,7509,14120,5,Exceeded every expectation. It works exactly as described. The little details show real care.,2025-04-23
920172,4613,90710,5,Honestly blown away. Performance is smooth even under heavy use.,2025-04-04
529210,7622,95275,1,Several features simply don't work as described. No response to two support emails. I've asked for a refund. Buyer beware.,2025-01-10
47376,5973,70954,5,"The build feels premium and sturdy. Months in, it still works like day one. Already recommended it to friends.",2025-03-12
580800,2651,37954,3,"Instructions were clear and easy to follow. On the other hand, Several features simply don't work as described. There are probably better options.",2025-03-28
914396,9424,69977,5,Couldn't be happier. Customer service was fast and genuinely helpful. Already recommended it to friends.,2025-03-07
61950,8842,61358,4,Very happy with this. It works exactly as described. Support replied within the hour when I had a question. Recommended.,2025-02-09
89860,4729,73760,5,"Five stars, no hesitation. Customer service was fast and genuinely helpful. Will definitely buy again.",2025-01-29
296957,7985,14753,4,"Almost perfect. Performance is smooth even under heavy use. Months in, it still works like day one. Happy with the purchase.",2025-05-17
684581,5415,21792,5,Exceeded every expectation. Performance is smooth even under heavy use.,2025-02-15
185732,1588,74584,3,"The interface is clean and intuitive. But Setup was confusing and the docs didn't help. Not bad, not great.",2025-03-01
269608,7495,30259,4,Impressed for the price. The price is more than fair for what you get. Happy with the purchase.,2025-02-18
845973,8664,24019,5,"Exceeded every expectation. Delivery arrived two days early, well packaged. Worth every penny.",2025-03-22
615299,9963,49409,4,"Almost perfect. Setup took under five minutes. Wish the manual was clearer, but that's minor.",2025-04-24
557381,4158,20771,5,It works exactly as described. Even the packaging was thoughtfully done. Will definitely buy again.,2025-05-26
950867,6249,90709,1,One star is generous. It's overpriced for what you actually get. Never again.,2025-08-29
953614,6420,28463,3,"Somewhere in the middle. The quality feels much cheaper than advertised. Still, It integrates seamlessly with everything I already use.",2025-02-18
879683,1014,59663,5,"I rarely write reviews, but this earned one. It integrates seamlessly with everything I already use. Even the packaging was thoughtfully done. Already recommended it to friends.",2025-04-10
387630,7279,89554,5,"I rarely write reviews, but this earned one. The price is more than fair for what you get. The little details show real care. Already recommended it to friends.",2025-01-30
552342,1896,68479,1,Battery drains far faster than claimed. Returning it was its own ordeal. Reporting this to the marketplace. Buyer beware.,2025-10-20
855794,6489,97884,5,"Couldn't be happier. The quality is noticeable the moment you unbox it. Months in, it still works like day one. Highly recommend.",2025-08-21
175249,9270,94292,5,Battery life has been excellent so far. Already recommended it to friends.,2025-02-06
812922,5860,36205,5,"I rarely write reviews, but this earned one. The quality is noticeable the moment you unbox it. The little details show real care. Already recommended it to friends.",2025-06-07
18308,5801,38466,5,Battery life has been excellent so far. Already recommended it to friends.,2025-02-09
968466,6653,23267,3,"It's overpriced for what you actually get. Still, The build feels premium and sturdy. Not bad, not great.",2025-03-06
276882,6990,69120,5,Best purchase I've made in a while. The build feels premium and sturdy. My whole team has switched over since.,2025-04-18
924553,1270,46549,2,Wouldn't buy again. Customer service took a week to respond. Returning it was its own ordeal.,2025-03-05
413317,6868,14388,5,"Exceeded every expectation. Delivery arrived two days early, well packaged.",2025-02-11
655265,6150,17439,3,"Fine for the price, I guess. It stopped working properly after a few days. On the plus side, The build feels premium and sturdy. There are probably better options.",2025-02-09
55462,7632,78078,5,This is exactly what I was looking for. The interface is clean and intuitive. Support replied within the hour when I had a question. Already recommended it to friends.,2025-04-11
763167,5999,62695,5,It integrates seamlessly with everything I already use. Support replied within the hour when I had a question. Highly recommend.,2025-03-22
743610,9140,25840,5,Absolutely loved it! The interface is clean and intuitive.,2025-02-07
675124,6868,15560,5,Honestly blown away. Battery life has been excellent so far. My whole team has switched over since. 10/10.,2025-03-26
102796,8702,21508,5,This is exactly what I was looking for. The price is more than fair for what you get. Already recommended it to friends.,2025-02-20
214574,8655,71446,5,Honestly blown away. It works exactly as described. The little details show real care.,2025-05-29
168090,2308,16270,5,Honestly blown away. Setup took under five minutes. Worth every penny.,2025-04-17
694448,7495,72563,3,"Mixed feelings on this one. It integrates seamlessly with everything I already use. On the other hand, Customer service took a week to respond.",2025-06-07
44457,6275,79641,5,"This is exactly what I was looking for. Delivery arrived two days early, well packaged. Already recommended it to friends.",2025-03-01
405189,1358,26216,5,Exceeded every expectation. The price is more than fair for what you get.,2025-03-26
608993,9676,97703,4,Impressed for the price. Customer service was fast and genuinely helpful. My whole team has switched over since. Would buy again.,2025-06-26
392046,9133,81886,4,Does what it promises. Performance is smooth even under heavy use. Support replied within the hour when I had a question. Only minor gripe is the packaging.,2025-01-17
271875,5982,88455,5,"I rarely write reviews, but this earned one. Customer service was fast and genuinely helpful. The little details show real care.",2025-09-13
253543,1118,43013,5,The build feels premium and sturdy. Already recommended it to friends.,2025-04-25
398344,1509,98584,5,"Five stars, no hesitation. Delivery arrived two days early, well packaged.",2025-01-28
382940,9077,49033,5,"This is exactly what I was looking for. The price is more than fair for what you get. Months in, it still works like day one.",2025-10-08
142560,4269,95031,5,This is exactly what I was looking for. It integrates seamlessly with everything I already use.,2025-07-07
914439,8702,62520,3,"Fine for the price, I guess. Performance is smooth even under heavy use. However, The interface is clunky and slow. Might give it another try.",2025-04-13
134633,6958,87057,4,"Delivery arrived two days early, well packaged. Wish the manual was clearer, but that's minor. Happy with the purchase.",2025-03-09
740451,3572,93237,5,Exceeded every expectation. The price is more than fair for what you get. Even the packaging was thoughtfully done.,2025-03-18
379949,5096,13643,4,"Really solid overall. Customer service was fast and genuinely helpful. Wish the manual was clearer, but that's minor.",2025-02-17
758628,1102,41130,5,"This is exactly what I was looking for. The price is more than fair for what you get. Months in, it still works like day one.",2025-01-21
105538,6420,91211,5,"Five stars, no hesitation. It works exactly as described. Even the packaging was thoughtfully done. 10/10.",2025-03-13
849905,4872,65725,5,"Battery life has been excellent so far. Months in, it still works like day one. Worth every penny.",2025-06-05
220879,4004,22353,4,Good experience from start to finish. Performance is smooth even under heavy use. My whole team has switched over since. Happy with the purchase.,2025-03-15
346429,7440,59422,4,"Does what it promises. Delivery arrived two days early, well packaged. My whole team has switched over since. Only minor gripe is the packaging.",2025-05-30
837004,3795,73867,1,Terrible experience. Several features simply don't work as described. The replacement had the same problem. Do not recommend.,2025-04-21
172692,3852,54050,1,Avoid this. The quality feels much cheaper than advertised. I ended up buying a different brand. Never again.,2025-04-29
123295,4435,31992,5,Exceeded every expectation. Performance is smooth even under heavy use. Worth every penny.,2025-10-03
733443,2308,84213,4,Does what it promises. Performance is smooth even under heavy use. Only minor gripe is the packaging.,2025-04-20
409399,1358,36203,5,This is exactly what I was looking for. Instructions were clear and easy to follow. Even the packaging was thoughtfully done.,2025-01-19
922314,3119,69552,5,Performance is smooth even under heavy use. Highly recommend.,2025-02-16
448353,5860,52103,5,The quality is noticeable the moment you unbox it. The little details show real care. Highly recommend.,2025-10-23
618675,4919,84186,5,Honestly blown away. Battery life has been excellent so far. Even the packaging was thoughtfully done.,2025-09-29
531850,4527,57400,5,This is exactly what I was looking for. Battery life has been excellent so far. The little details show real care.,2025-04-27
769620,2735,45879,4,"Works great. The price is more than fair for what you get. Slightly slow shipping, though that's not the product's fault.",2025-05-08
311079,7001,33885,2,Delivery was late and the box arrived damaged. Expected more at this price.,2025-03-02
85879,5311,94433,5,Exceeded every expectation. Battery life has been excellent so far. The little details show real care.,2025-02-13
871207,2549,84942,5,Absolutely loved it! The build feels premium and sturdy. The little details show real care. Highly recommend.,2025-05-21
247722,9269,44536,1,It stopped working properly after a few days. Returning it was its own ordeal. Reporting this to the marketplace. Never again.,2025-04-10
15061,6723,86011,5,Couldn't be happier. Customer service was fast and genuinely helpful.,2025-11-03
710789,3037,19903,5,Best purchase I've made in a while. Instructions were clear and easy to follow. Even the packaging was thoughtfully done. Already recommended it to friends.,2025-03-09
147531,3572,16454,5,Absolutely loved it! Instructions were clear and easy to follow. Will definitely buy again.,2025-07-17
755159,8561,63528,4,"Does what it promises. The build feels premium and sturdy. Wish the manual was clearer, but that's minor.",2025-02-15
882989,3398,11844,5,Honestly blown away. It integrates seamlessly with everything I already use. Already recommended it to friends.,2025-06-05
237179,9676,55609,4,"Really solid overall. The quality is noticeable the moment you unbox it. My whole team has switched over since. Wish the manual was clearer, but that's minor.",2025-04-01
845505,5801,46145,2,Disappointing. It's overpriced for what you actually get. No response to two support emails. Look elsewhere first.,2025-01-17
895502,9270,20964,4,"Customer service was fast and genuinely helpful. The little details show real care. Wish the manual was clearer, but that's minor. Would buy again.",2025-07-20
261448,8203,70954,4,"Does what it promises. The quality is noticeable the moment you unbox it. My whole team has switched over since. Wish the manual was clearer, but that's minor.",2025-02-28
887743,6651,95695,5,"I rarely write reviews, but this earned one. The build feels premium and sturdy.",2025-10-10
865532,9270,34668,1,The interface is clunky and slow. I ended up buying a different brand. Reporting this to the marketplace. Buyer beware.,2025-02-16
163924,1270,34989,1,Customer service took a week to respond. Returning it was its own ordeal. Save your money. Never again.,2025-08-05
438637,4613,21840,5,Honestly blown away. It integrates seamlessly with everything I already use. Even the packaging was thoughtfully done.,2025-07-08
872693,9676,34668,4,Impressed for the price. Customer service was fast and genuinely helpful. Only minor gripe is the packaging.,2025-01-28
336815,6442,81087,2,Several features simply don't work as described. Hard to recommend.,2025-08-02
102309,2792,60903,5,"Delivery arrived two days early, well packaged. Months in, it still works like day one. Highly recommend.",2025-02-23
283798,1004,73419,5,The interface is clean and intuitive. 10/10.,2025-06-29
755126,2296,36656,5,Absolutely loved it! Instructions were clear and easy to follow. My whole team has switched over since. Will definitely buy again.,2025-02-03
439041,8236,20399,5,This is exactly what I was looking for. The price is more than fair for what you get. My whole team has switched over since. Already recommended it to friends.,2025-10-13
75961,7279,37149,5,"Exceeded every expectation. Delivery arrived two days early, well packaged. My whole team has switched over since.",2025-05-09
366377,4300,19537,5,Honestly blown away. The build feels premium and sturdy. Even the packaging was thoughtfully done. Already recommended it to friends.,2025-03-15
171340,5163,44021,5,"I rarely write reviews, but this earned one. It works exactly as described. The little details show real care. Already recommended it to friends.",2025-04-26
338065,5634,40198,1,Complete waste of money. The interface is clunky and slow. Returning it was its own ordeal. Buyer beware.,2025-02-07
504349,5998,98798,5,This is exactly what I was looking for. Setup took under five minutes. Worth every penny.,2025-07-21
973296,4647,73419,4,"Really solid overall. The quality is noticeable the moment you unbox it. Even the packaging was thoughtfully done. Wish the manual was clearer, but that's minor.",2025-06-11
263118,3814,82151,4,"Almost perfect. Customer service was fast and genuinely helpful. Even the packaging was thoughtfully done. Slightly slow shipping, though that's not the product's fault.",2025-02-21
286457,5414,52477,4,"The interface is clean and intuitive. Months in, it still works like day one. A second color option would be nice. Good value overall.",2025-04-11
610808,4158,61889,5,This is exactly what I was looking for. The price is more than fair for what you get. The little details show real care.,2025-03-26
901140,6512,60675,2,It stopped working properly after a few days. Expected more at this price.,2025-03-18
283360,5777,29501,1,Avoid this. The interface is clunky and slow. No response to two support emails. Do not recommend.,2025-04-06
763095,7977,74651,5,"Best purchase I've made in a while. Delivery arrived two days early, well packaged. My whole team has switched over since. Worth every penny.",2025-03-08
989940,5463,13262,4,"Impressed for the price. The interface is clean and intuitive. Months in, it still works like day one. Docking one star for the setup process.",2025-02-28
792549,4919,20096,5,"Instructions were clear and easy to follow. Months in, it still works like day one. 10/10.",2025-12-03
631886,5982,41403,4,"Does what it promises. The price is more than fair for what you get. Months in, it still works like day one. Good value overall.",2025-02-22
969501,1509,11694,4,"Battery life has been excellent so far. My whole team has switched over since. Wish the manual was clearer, but that's minor. Would buy again.",2025-01-25
556628,3053,46909,5,"I rarely write reviews, but this earned one. The quality is noticeable the moment you unbox it. The little details show real care. Will definitely buy again.",2025-07-01
587492,7644,41433,4,Really solid overall. The price is more than fair for what you get. Good value overall.,2025-04-18
977652,6048,72974,4,Impressed for the price. The price is more than fair for what you get. Docking one star for the setup process.,2025-02-09
319936,1588,65600,5,"Five stars, no hesitation. Performance is smooth even under heavy use. Support replied within the hour when I had a question. Worth every penny.",2025-02-14
432270,7985,54011,5,"This is exactly what I was looking for. Delivery arrived two days early, well packaged. My whole team has switched over since.",2025-01-16
133413,9572,51670,4,Really solid overall. Customer service was fast and genuinely helpful. Docking one star for the setup process.,2025-02-01
953451,4094,31534,5,"Five stars, no hesitation. Performance is smooth even under heavy use. Highly recommend.",2025-03-25
904926,4734,91348,4,"Good experience from start to finish. Setup took under five minutes. Slightly slow shipping, though that's not the product's fault.",2025-04-17
34787,6489,86478,5,This is exactly what I was looking for. Instructions were clear and easy to follow. Support replied within the hour when I had a question. Already recommended it to friends.,2025-04-06
792037,2735,54130,3,"Somewhere in the middle. The sizing/specs are way off from the listing. To be fair, Setup took under five minutes. There are probably better options.",2025-05-07
537768,3338,77858,5,Absolutely loved it! The price is more than fair for what you get. Support replied within the hour when I had a question. Worth every penny.,2025-12-18
516139,9653,19537,4,The quality is noticeable the moment you unbox it. The little details show real care. A second color option would be nice. Good value overall.,2025-03-29
772030,7985,45292,2,Not impressed. The sizing/specs are way off from the listing. Hard to recommend.,2025-04-12
964816,7279,94281,5,"Five stars, no hesitation. It works exactly as described. Support replied within the hour when I had a question.",2025-03-06
542784,3081,32907,5,"Honestly blown away. Performance is smooth even under heavy use. Months in, it still works like day one. Already recommended it to friends.",2025-02-18
734826,5982,19591,4,"The build feels premium and sturdy. Months in, it still works like day one. Wish the manual was clearer, but that's minor. Happy with the purchase.",2025-03-17
643299,6653,58887,5,"I rarely write reviews, but this earned one. It integrates seamlessly with everything I already use. The little details show real care. Already recommended it to friends.",2025-02-18
331808,1709,54347,4,Very happy with this. It works exactly as described. My whole team has switched over since. Only minor gripe is the packaging.,2025-04-06
11163,4002,68371,5,Couldn't be happier. The price is more than fair for what you get. Support replied within the hour when I had a question. Already recommended it to friends.,2025-08-16
2995,7632,55325,4,"Very happy with this. It works exactly as described. Months in, it still works like day one. Wish the manual was clearer, but that's minor.",2025-02-08
171728,9821,34083,5,Best purchase I've made in a while. Customer service was fast and genuinely helpful. The little details show real care. Worth every penny.,2025-08-11
944743,5311,87041,5,Absolutely loved it! Customer service was fast and genuinely helpful. Support replied within the hour when I had a question.,2025-02-16
223913,6345,63875,4,"Works great. Delivery arrived two days early, well packaged. Months in, it still works like day one. Would buy again.",2025-04-09
137890,1896,51093,4,"Really solid overall. Delivery arrived two days early, well packaged. Happy with the purchase.",2025-02-04
122428,2098,76259,4,Good experience from start to finish. Battery life has been excellent so far. Recommended.,2025-06-22
744030,4734,34465,2,Battery drains far faster than claimed. Hard to recommend.,2025-04-21
753531,5519,65521,2,Wouldn't buy again. The sizing/specs are way off from the listing. Returning it was its own ordeal.,2025-02-24
654072,5278,61822,1,Extremely frustrated. The quality feels much cheaper than advertised. No response to two support emails. Reporting this to the marketplace. Buyer beware.,2025-02-11
545268,7509,60577,1,One star is generous. The sizing/specs are way off from the listing. No response to two support emails. Reporting this to the marketplace. Do not recommend.,2025-08-13
408809,5070,18457,5,"Five stars, no hesitation. Setup took under five minutes. Will definitely buy again.",2025-02-10
193043,3225,62983,5,"Honestly blown away. The build feels premium and sturdy. Months in, it still works like day one. 10/10.",2025-04-06
970252,7509,60649,5,This is exactly what I was looking for. It integrates seamlessly with everything I already use. Highly recommend.,2025-04-18
834459,8941,11179,5,Couldn't be happier. The interface is clean and intuitive. The little details show real care.,2025-07-10
411690,8681,50706,4,"Really solid overall. The interface is clean and intuitive. The little details show real care. Slightly slow shipping, though that's not the product's fault.",2025-06-04
257974,6259,45419,5,Couldn't be happier. It integrates seamlessly with everything I already use.,2025-02-12
919080,7440,43543,4,"Almost perfect. Setup took under five minutes. Wish the manual was clearer, but that's minor.",2025-08-17
755661,2712,19741,5,"Exceeded every expectation. Delivery arrived two days early, well packaged. The little details show real care.",2025-12-29
190262,7019,22353,5,"Five stars, no hesitation. Customer service was fast and genuinely helpful. Even the packaging was thoughtfully done. Worth every penny.",2025-03-28
73756,5157,81803,5,"Five stars, no hesitation. Battery life has been excellent so far. My whole team has switched over since.",2025-02-20
874243,3561,70903,3,"Fine for the price, I guess. The quality feels much cheaper than advertised. Still, It works exactly as described.",2025-11-07
286178,8664,89657,5,Best purchase I've made in a while. Performance is smooth even under heavy use. Worth every penny.,2025-06-14
315173,7219,57663,3,"It's okay. The quality is noticeable the moment you unbox it. However, Battery drains far faster than claimed.",2025-02-23
413051,2697,54707,2,Customer service took a week to respond. I ended up buying a different brand. Look elsewhere first.,2025-09-01
277632,5619,25037,5,Battery life has been excellent so far. My whole team has switched over since. 10/10.,2025-08-14
693424,9963,95200,5,Exceeded every expectation. Battery life has been excellent so far. My whole team has switched over since.,2025-04-06
251826,7570,55609,5,"I rarely write reviews, but this earned one. It works exactly as described. Support replied within the hour when I had a question. Worth every penny.",2025-04-21
295136,6577,63456,1,The sizing/specs are way off from the listing. I ended up buying a different brand. Still waiting on a resolution. Do not recommend.,2025-03-01
805947,7394,20941,5,This is exactly what I was looking for. The interface is clean and intuitive.,2025-01-20
20826,9140,67895,4,Very happy with this. The quality is noticeable the moment you unbox it. My whole team has switched over since. Good value overall.,2025-02-17
756189,7985,44577,5,"Five stars, no hesitation. The price is more than fair for what you get. Months in, it still works like day one.",2025-04-22
109199,1539,68260,5,"Absolutely loved it! Setup took under five minutes. Months in, it still works like day one. 10/10.",2025-04-16
204186,1249,73504,5,It works exactly as described. Already recommended it to friends.,2025-06-13
235738,6259,75920,5,"Couldn't be happier. The interface is clean and intuitive. Months in, it still works like day one. Worth every penny.",2025-02-22
199824,2358,72241,3,"Mixed feelings on this one. Customer service took a week to respond. To be fair, Customer service was fast and genuinely helpful.",2025-07-11
807599,5982,70999,5,"I rarely write reviews, but this earned one. Battery life has been excellent so far.",2025-02-26
54352,2981,81917,5,"Exceeded every expectation. Battery life has been excellent so far. Months in, it still works like day one.",2025-05-21
123179,6757,65352,5,This is exactly what I was looking for. Customer service was fast and genuinely helpful.,2025-03-22
345772,7838,55929,4,"Good experience from start to finish. The interface is clean and intuitive. Wish the manual was clearer, but that's minor.",2025-11-14
819876,3037,62983,5,Honestly blown away. Instructions were clear and easy to follow. Support replied within the hour when I had a question.,2025-03-12
45145,1539,14868,5,"I rarely write reviews, but this earned one. Customer service was fast and genuinely helpful.",2025-06-08
896423,5682,43515,4,"Really solid overall. Delivery arrived two days early, well packaged. Support replied within the hour when I had a question. Happy with the purchase.",2025-07-19
751629,6577,34474,3,"Mixed feelings on this one. Several features simply don't work as described. To be fair, Instructions were clear and easy to follow.",2025-05-05
363291,7048,82399,2,"Below average, sadly. Several features simply don't work as described.",2025-02-27
791991,1645,27609,4,Impressed for the price. The quality is noticeable the moment you unbox it. Would buy again.,2025-02-08
113931,5354,99700,4,Works great. It works exactly as described. Even the packaging was thoughtfully done. Recommended.,2025-05-08
510334,4890,72979,5,"I rarely write reviews, but this earned one. Setup took under five minutes. Highly recommend.",2025-02-27
841254,4234,90734,5,"Couldn't be happier. Customer service was fast and genuinely helpful. Months in, it still works like day one.",2025-02-16
945217,1118,59586,5,"I rarely write reviews, but this earned one. Instructions were clear and easy to follow.",2025-04-04
8748,4527,47936,4,Almost perfect. It integrates seamlessly with everything I already use. The little details show real care. Recommended.,2025-05-19
285714,2054,31565,5,"Exceeded every expectation. Delivery arrived two days early, well packaged. Highly recommend.",2025-06-01
431596,5619,81087,4,Impressed for the price. Battery life has been excellent so far. The little details show real care. A second color option would be nice.,2025-07-23
834553,9799,91745,3,"Somewhere in the middle. Several features simply don't work as described. On the plus side, Battery life has been excellent so far.",2025-06-21
492061,2394,53614,5,"The price is more than fair for what you get. Months in, it still works like day one. Worth every penny.",2025-02-22
523113,6651,97262,5,Absolutely loved it! Battery life has been excellent so far. Even the packaging was thoughtfully done.,2025-08-24
277639,7495,58432,1,One star is generous. Battery drains far faster than claimed. Returning it was its own ordeal. Never again.,2025-03-07
872938,1442,81688,5,Instructions were clear and easy to follow. Support replied within the hour when I had a question. Already recommended it to friends.,2025-03-16
290656,4158,25185,5,"Delivery arrived two days early, well packaged. Worth every penny.",2025-01-27
741724,6651,24160,5,Best purchase I've made in a while. The build feels premium and sturdy. The little details show real care.,2025-08-05
568394,5998,88593,5,Best purchase I've made in a while. It works exactly as described. Support replied within the hour when I had a question. Will definitely buy again.,2025-03-01
953528,2055,13005,1,Delivery was late and the box arrived damaged. The replacement had the same problem. Reporting this to the marketplace. Do not recommend.,2025-02-15
321243,7140,79601,5,"I rarely write reviews, but this earned one. The build feels premium and sturdy.",2025-10-09
421630,9321,87277,4,The interface is clean and intuitive. Only minor gripe is the packaging. Happy with the purchase.,2025-05-06
712702,3037,84211,3,"Somewhere in the middle. It integrates seamlessly with everything I already use. That said, The quality feels much cheaper than advertised.",2025-03-07
29960,6214,86189,5,"Five stars, no hesitation. It integrates seamlessly with everything I already use. Months in, it still works like day one. 10/10.",2025-01-18
530416,8405,59678,4,Very happy with this. It integrates seamlessly with everything I already use. A second color option would be nice.,2025-05-08
63507,7809,66313,5,This is exactly what I was looking for. It integrates seamlessly with everything I already use. Even the packaging was thoughtfully done. Already recommended it to friends.,2025-01-07
792584,1442,37535,2,Not impressed. Several features simply don't work as described. The replacement had the same problem.,2025-04-22
6523,1786,16036,3,"Fine for the price, I guess. It stopped working properly after a few days. Still, Setup took under five minutes.",2025-07-05
911499,4734,40035,5,"I rarely write reviews, but this earned one. The build feels premium and sturdy. Worth every penny.",2025-11-08
964514,5239,37888,2,"Below average, sadly. Setup was confusing and the docs didn't help. I ended up buying a different brand. Expected more at this price.",2025-08-24
609625,4002,47786,2,"Below average, sadly. Customer service took a week to respond. Photos online are nothing like the real thing. Look elsewhere first.",2025-06-13
791057,4571,20889,3,"Somewhere in the middle. It's overpriced for what you actually get. Still, Battery life has been excellent so far.",2025-04-26
191629,2296,25107,5,Couldn't be happier. Performance is smooth even under heavy use. Support replied within the hour when I had a question. Worth every penny.,2025-05-26
198108,4961,73777,3,"The quality feels much cheaper than advertised. To be fair, The interface is clean and intuitive. There are probably better options.",2025-02-13
696481,4218,94354,5,"I rarely write reviews, but this earned one. It works exactly as described.",2025-12-13
354970,2651,41172,2,It stopped working properly after a few days. Photos online are nothing like the real thing. Look elsewhere first.,2025-02-12
206163,1115,82230,4,Impressed for the price. Performance is smooth even under heavy use. Good value overall.,2025-05-03
78043,8356,64273,5,Best purchase I've made in a while. The quality is noticeable the moment you unbox it.,2025-04-27
769796,7570,37176,3,Mixed feelings on this one. It integrates seamlessly with everything I already use. But Customer service took a week to respond. Your mileage may vary.,2025-08-20
611767,3081,56395,5,"Exceeded every expectation. The interface is clean and intuitive. Months in, it still works like day one. Highly recommend.",2025-03-26
615526,5239,55700,5,"I rarely write reviews, but this earned one. The build feels premium and sturdy. My whole team has switched over since.",2025-04-13
664081,2383,75960,5,Absolutely loved it! Instructions were clear and easy to follow. My whole team has switched over since.,2025-02-11
915953,3225,42875,5,"Instructions were clear and easy to follow. Months in, it still works like day one. Highly recommend.",2025-04-04
97669,7632,74721,4,Does what it promises. Setup took under five minutes. Happy with the purchase.,2025-10-02
816089,9004,57400,4,Customer service was fast and genuinely helpful. Support replied within the hour when I had a question. Docking one star for the setup process. Good value overall.,2025-04-27
242235,8203,48566,4,The price is more than fair for what you get. Even the packaging was thoughtfully done. A second color option would be nice. Good value overall.,2025-03-09
183887,9963,79826,5,Setup took under five minutes. Will definitely buy again.,2025-04-19
241600,6766,70962,1,Complete waste of money. The quality feels much cheaper than advertised. Photos online are nothing like the real thing. Still waiting on a resolution. Never again.,2025-02-15
457999,8029,54707,5,It works exactly as described. The little details show real care. Highly recommend.,2025-09-15
251664,2365,58862,5,This is exactly what I was looking for. It integrates seamlessly with everything I already use. Even the packaging was thoughtfully done. Already recommended it to friends.,2025-02-28
201079,7440,69366,5,Exceeded every expectation. It works exactly as described. Even the packaging was thoughtfully done. Will definitely buy again.,2025-04-30
860490,2549,77999,5,Best purchase I've made in a while. Performance is smooth even under heavy use. Support replied within the hour when I had a question. Worth every penny.,2025-06-19
67655,7567,83373,4,Almost perfect. The build feels premium and sturdy. Recommended.,2025-03-12
508447,3455,35753,3,"Mixed feelings on this one. It stopped working properly after a few days. On the plus side, The interface is clean and intuitive. Not bad, not great.",2025-03-17
117729,5973,71269,4,Good experience from start to finish. It works exactly as described. The little details show real care. A second color option would be nice.,2025-01-15
351828,8236,45953,5,The interface is clean and intuitive. Even the packaging was thoughtfully done. Worth every penny.,2025-06-08
347426,9518,93744,5,The interface is clean and intuitive. Highly recommend.,2025-01-18
260248,7048,87266,5,Exceeded every expectation. Instructions were clear and easy to follow. Support replied within the hour when I had a question.,2025-11-06
718862,4961,33858,1,Several features simply don't work as described. Photos online are nothing like the real thing. I've asked for a refund. Never again.,2025-11-23
59023,3403,80819,5,Honestly blown away. The price is more than fair for what you get. Even the packaging was thoughtfully done. Will definitely buy again.,2025-01-15
396465,5535,45419,2,"Below average, sadly. Battery drains far faster than claimed. Returning it was its own ordeal.",2025-02-16
630282,9309,62960,5,Absolutely loved it! It works exactly as described. My whole team has switched over since.,2025-02-16
3769,1840,52163,5,Couldn't be happier. Customer service was fast and genuinely helpful. The little details show real care.,2025-07-18
812465,2859,12825,5,Exceeded every expectation. Customer service was fast and genuinely helpful. Even the packaging was thoughtfully done.,2025-02-18
181606,1840,10274,4,The interface is clean and intuitive. My whole team has switched over since. A second color option would be nice. Recommended.,2025-09-08
32761,4303,11751,5,Exceeded every expectation. It works exactly as described. My whole team has switched over since.,2025-01-25
921162,9476,74721,5,Customer service was fast and genuinely helpful. My whole team has switched over since. Already recommended it to friends.,2025-10-11
88692,6444,35732,5,It integrates seamlessly with everything I already use. My whole team has switched over since. Will definitely buy again.,2025-04-01
387732,7861,70412,5,Honestly blown away. Setup took under five minutes. The little details show real care. Worth every penny.,2025-01-20
208118,7809,54130,4,Really solid overall. Instructions were clear and easy to follow. Support replied within the hour when I had a question. A second color option would be nice.,2025-04-19
40692,2697,99477,3,"Mixed feelings on this one. Customer service was fast and genuinely helpful. On the other hand, It's overpriced for what you actually get.",2025-04-25
243202,9799,67172,5,Best purchase I've made in a while. The build feels premium and sturdy.,2025-07-07
881857,7001,98998,5,Absolutely loved it! The quality is noticeable the moment you unbox it.,2025-04-25
949527,4303,43406,4,"Delivery arrived two days early, well packaged. Even the packaging was thoughtfully done. Wish the manual was clearer, but that's minor. Good value overall.",2025-02-12
81486,9309,98822,4,Works great. Setup took under five minutes. Happy with the purchase.,2025-02-09
266230,5183,46040,5,"Five stars, no hesitation. Setup took under five minutes. Already recommended it to friends.",2025-05-14
437615,8641,33318,5,"I rarely write reviews, but this earned one. Performance is smooth even under heavy use. Even the packaging was thoughtfully done. 10/10.",2025-01-23
410406,8509,35585,3,"Somewhere in the middle. Battery drains far faster than claimed. On the plus side, Customer service was fast and genuinely helpful. There are probably better options.",2025-10-09
511045,3572,18417,4,It works exactly as described. A second color option would be nice. Recommended.,2025-06-12
83622,9362,33885,4,Does what it promises. The price is more than fair for what you get. Docking one star for the setup process.,2025-03-23
123479,5275,56179,2,Expected better. Customer service took a week to respond. Hard to recommend.,2025-10-11
877246,6420,90710,5,Absolutely loved it! The build feels premium and sturdy. Even the packaging was thoughtfully done.,2025-04-07
116466,6048,86640,1,Avoid this. It's overpriced for what you actually get. Photos online are nothing like the real thing. Reporting this to the marketplace. Do not recommend.,2025-05-16
981427,9402,86375,4,Does what it promises. The build feels premium and sturdy. My whole team has switched over since. Docking one star for the setup process.,2025-04-08
785008,3150,47105,5,Honestly blown away. It works exactly as described. Support replied within the hour when I had a question.,2025-06-25
775682,6959,50375,1,Setup was confusing and the docs didn't help. No response to two support emails. Still waiting on a resolution. Never again.,2025-08-06
748459,4443,38805,5,Honestly blown away. Battery life has been excellent so far. The little details show real care.,2025-07-16
367116,6345,22510,5,"Five stars, no hesitation. The build feels premium and sturdy.",2025-12-04
839910,5200,15579,5,"Five stars, no hesitation. Battery life has been excellent so far. Support replied within the hour when I had a question.",2025-06-28
356938,5998,89221,1,One star is generous. The interface is clunky and slow. No response to two support emails. Buyer beware.,2025-02-14
395034,2433,38805,4,"Very happy with this. Battery life has been excellent so far. Wish the manual was clearer, but that's minor.",2025-07-25
581007,2296,13875,4,The build feels premium and sturdy. My whole team has switched over since. Only minor gripe is the packaging. Recommended.,2025-01-11
442035,7071,82872,5,Setup took under five minutes. Support replied within the hour when I had a question. Already recommended it to friends.,2025-03-18
748671,3403,27523,2,Disappointing. It stopped working properly after a few days. I ended up buying a different brand.,2025-03-25
855434,8702,73068,4,Almost perfect. Instructions were clear and easy to follow. My whole team has switched over since. Recommended.,2025-01-31
483746,8583,83932,4,Really solid overall. The quality is noticeable the moment you unbox it. The little details show real care. Only minor gripe is the packaging.,2025-04-25
976593,7140,10501,3,"Mixed feelings on this one. The build feels premium and sturdy. On the other hand, Battery drains far faster than claimed.",2025-01-31
648899,2027,96029,4,"Really solid overall. It integrates seamlessly with everything I already use. Months in, it still works like day one. Docking one star for the setup process.",2025-04-27
450098,4218,65352,1,It's overpriced for what you actually get. No response to two support emails. Still waiting on a resolution. Do not recommend.,2025-03-02
419627,2383,72241,2,Wouldn't buy again. Customer service took a week to respond. Returning it was its own ordeal. Expected more at this price.,2025-07-15
47185,7495,82230,5,"I rarely write reviews, but this earned one. The quality is noticeable the moment you unbox it. 10/10.",2025-05-10
572294,6892,17097,5,This is exactly what I was looking for. The quality is noticeable the moment you unbox it. The little details show real care. 10/10.,2025-01-14
638645,3037,15473,5,Exceeded every expectation. Setup took under five minutes. Worth every penny.,2025-04-10
242136,5096,65493,4,Setup took under five minutes. A second color option would be nice. Would buy again.,2025-03-05
476056,3455,78054,4,"Almost perfect. Delivery arrived two days early, well packaged. The little details show real care. Slightly slow shipping, though that's not the product's fault.",2025-12-17
125777,5209,52499,5,Couldn't be happier. The interface is clean and intuitive. My whole team has switched over since.,2025-09-29
536120,7350,22365,5,Best purchase I've made in a while. The quality is noticeable the moment you unbox it.,2025-01-27
264818,7567,23443,5,Absolutely loved it! It integrates seamlessly with everything I already use.,2025-12-17
428374,1512,73077,4,Really solid overall. The quality is noticeable the moment you unbox it. Only minor gripe is the packaging.,2025-03-29
709700,5414,46066,5,This is exactly what I was looking for. Setup took under five minutes.,2025-02-02
646673,7977,25286,5,Best purchase I've made in a while. The price is more than fair for what you get. My whole team has switched over since.,2025-04-13
798042,7350,60401,3,Mixed feelings on this one. Battery life has been excellent so far. But Delivery was late and the box arrived damaged. There are probably better options.,2025-01-09
450435,9140,54384,4,Does what it promises. Battery life has been excellent so far. Even the packaging was thoughtfully done. Good value overall.,2025-02-17
267857,5384,28136,3,"Performance is smooth even under heavy use. That said, The quality feels much cheaper than advertised. Might give it another try.",2025-03-22
67418,1030,60455,5,Best purchase I've made in a while. Setup took under five minutes.,2025-04-18
960350,5209,20941,5,Couldn't be happier. The build feels premium and sturdy. The little details show real care. 10/10.,2025-01-30
402913,4234,54707,4,Setup took under five minutes. A second color option would be nice. Happy with the purchase.,2025-08-13
972141,1317,68365,5,"Instructions were clear and easy to follow. Months in, it still works like day one. 10/10.",2025-05-16
531998,4571,93005,3,"It's okay. It works exactly as described. But Setup was confusing and the docs didn't help. Not bad, not great.",2025-05-19
645041,3338,68371,4,Almost perfect. Instructions were clear and easy to follow. A second color option would be nice.,2025-08-25
547986,1709,30574,5,Absolutely loved it! Battery life has been excellent so far. The little details show real care.,2025-02-08
921961,8614,24673,4,"Very happy with this. Delivery arrived two days early, well packaged. Months in, it still works like day one. Wish the manual was clearer, but that's minor.",2025-01-30
242971,5768,72088,5,"Honestly blown away. Delivery arrived two days early, well packaged.",2025-01-19
957067,7001,16511,4,Very happy with this. Instructions were clear and easy to follow. The little details show real care. A second color option would be nice.,2025-02-08
332746,1043,48981,5,"Five stars, no hesitation. It works exactly as described. My whole team has switched over since.",2025-03-25
43512,8140,83565,4,Works great. The quality is noticeable the moment you unbox it. Would buy again.,2025-03-18
631419,8236,95160,5,Couldn't be happier. The quality is noticeable the moment you unbox it.,2025-02-22
636091,1509,91464,5,Absolutely loved it! The price is more than fair for what you get. The little details show real care. Highly recommend.,2025-01-18
204203,5346,14753,2,Expected better. The quality feels much cheaper than advertised. Expected more at this price.,2025-05-03
808551,8985,66580,5,Couldn't be happier. The build feels premium and sturdy.,2025-02-08
571245,8681,45976,5,Absolutely loved it! The quality is noticeable the moment you unbox it. The little details show real care. Will definitely buy again.,2025-08-18
333707,2394,97434,2,The quality feels much cheaper than advertised. Photos online are nothing like the real thing. Look elsewhere first.,2025-08-24
342984,9140,86175,4,Does what it promises. Performance is smooth even under heavy use. The little details show real care. Happy with the purchase.,2025-05-16
364252,1291,66094,1,Battery drains far faster than claimed. No response to two support emails. I've asked for a refund. Do not recommend.,2025-07-01
973887,8203,65661,4,"Works great. Delivery arrived two days early, well packaged. The little details show real care. Only minor gripe is the packaging.",2025-02-27
858175,9984,49859,5,"Couldn't be happier. Delivery arrived two days early, well packaged.",2025-06-03
759320,5519,86189,2,The sizing/specs are way off from the listing. Look elsewhere first.,2025-02-12
992864,2621,39794,5,Couldn't be happier. Customer service was fast and genuinely helpful. The little details show real care. 10/10.,2025-02-11
374755,9402,15674,1,It's overpriced for what you actually get. Photos online are nothing like the real thing. Reporting this to the marketplace. Never again.,2025-02-16
705384,7495,85581,4,"The quality is noticeable the moment you unbox it. Wish the manual was clearer, but that's minor. Good value overall.",2025-04-22
149874,5768,71158,5,Setup took under five minutes. Even the packaging was thoughtfully done. Will definitely buy again.,2025-03-06
883668,9476,71761,2,Not impressed. Setup was confusing and the docs didn't help. Look elsewhere first.,2025-02-04
680857,6829,10274,5,Exceeded every expectation. It works exactly as described.,2025-09-13
400364,7598,97584,5,Honestly blown away. The price is more than fair for what you get. Support replied within the hour when I had a question.,2025-01-19
693649,1709,49409,5,"Delivery arrived two days early, well packaged. Support replied within the hour when I had a question. Worth every penny.",2025-05-25
121843,3650,15674,5,Exceeded every expectation. Setup took under five minutes. Highly recommend.,2025-02-24
665460,3053,37661,5,The build feels premium and sturdy. The little details show real care. 10/10.,2025-10-29
860016,8664,54907,4,Really solid overall. The build feels premium and sturdy. Even the packaging was thoughtfully done. Recommended.,2025-06-19
491775,1115,84770,1,Setup was confusing and the docs didn't help. Returning it was its own ordeal. Still waiting on a resolution. Buyer beware.,2025-10-16
562349,6087,65622,5,Honestly blown away. Battery life has been excellent so far. The little details show real care. Already recommended it to friends.,2025-02-28
124813,8306,64494,5,The quality is noticeable the moment you unbox it. Highly recommend.,2025-02-21
664434,6442,51452,5,Honestly blown away. The price is more than fair for what you get. The little details show real care. 10/10.,2025-01-27
495643,4852,42444,2,Disappointing. It stopped working properly after a few days. Returning it was its own ordeal.,2025-03-01
991532,7643,36934,4,Very happy with this. The price is more than fair for what you get. Good value overall.,2025-03-22
533927,7265,10032,5,"Absolutely loved it! Delivery arrived two days early, well packaged. The little details show real care. Worth every penny.",2025-03-08
221393,9044,94576,5,Absolutely loved it! It integrates seamlessly with everything I already use. Will definitely buy again.,2025-03-19
595783,3225,87669,4,"The interface is clean and intuitive. Months in, it still works like day one. Only minor gripe is the packaging. Good value overall.",2025-03-14
741849,7809,10274,5,The build feels premium and sturdy. Even the packaging was thoughtfully done. Highly recommend.,2025-09-01
717609,5345,86396,5,The interface is clean and intuitive. Support replied within the hour when I had a question. 10/10.,2025-06-07
448644,3910,24478,5,"Couldn't be happier. Delivery arrived two days early, well packaged. My whole team has switched over since. Highly recommend.",2025-02-26
420321,2226,21476,5,This is exactly what I was looking for. It integrates seamlessly with everything I already use. Even the packaging was thoughtfully done.,2025-02-11
851619,5278,66796,5,This is exactly what I was looking for. Customer service was fast and genuinely helpful.,2025-02-10
929420,8140,39794,5,"I rarely write reviews, but this earned one. The interface is clean and intuitive.",2025-01-13
135254,1408,56004,4,Works great. Performance is smooth even under heavy use. The little details show real care. Good value overall.,2025-02-24
42141,5914,79114,3,"It's okay. Instructions were clear and easy to follow. However, Several features simply don't work as described. Not bad, not great.",2025-01-25
771791,2735,12126,5,Absolutely loved it! Battery life has been excellent so far. Even the packaging was thoughtfully done. Worth every penny.,2025-04-30
174909,7622,36875,3,"Somewhere in the middle. Battery drains far faster than claimed. On the plus side, Instructions were clear and easy to follow. Your mileage may vary.",2025-03-26
747522,8540,13896,5,Couldn't be happier. The interface is clean and intuitive. Even the packaging was thoughtfully done. Worth every penny.,2025-04-28
950494,5914,48446,5,Exceeded every expectation. Instructions were clear and easy to follow.,2025-03-23
366672,7977,28136,5,"Five stars, no hesitation. Performance is smooth even under heavy use. The little details show real care. Worth every penny.",2025-02-28
394347,6512,89554,5,"I rarely write reviews, but this earned one. Performance is smooth even under heavy use. Worth every penny.",2025-02-16
370455,6438,60649,2,The interface is clunky and slow. Photos online are nothing like the real thing. Hard to recommend.,2025-04-06
247401,8941,63596,4,Almost perfect. It works exactly as described. My whole team has switched over since. Good value overall.,2025-03-26
82659,7977,87815,5,"I rarely write reviews, but this earned one. The price is more than fair for what you get.",2025-04-04
716626,6442,64682,5,Couldn't be happier. Setup took under five minutes. Highly recommend.,2025-03-30
301841,8900,61822,5,"Honestly blown away. Battery life has been excellent so far. Months in, it still works like day one. Will definitely buy again.",2025-02-13
546685,5982,43181,5,Instructions were clear and easy to follow. Highly recommend.,2025-07-24
509708,4158,73093,2,Expected better. The sizing/specs are way off from the listing. Hard to recommend.,2025-03-16
240104,6577,45292,5,"Five stars, no hesitation. Delivery arrived two days early, well packaged. Even the packaging was thoughtfully done. Worth every penny.",2025-03-24
367037,9676,71838,1,Complete waste of money. It's overpriced for what you actually get. No response to two support emails. Do not recommend.,2025-03-28
21806,9309,69125,5,"I rarely write reviews, but this earned one. Battery life has been excellent so far. Worth every penny.",2025-03-20
428300,6434,87815,4,"Really solid overall. Delivery arrived two days early, well packaged. Slightly slow shipping, though that's not the product's fault.",2025-04-17
866210,7693,85477,5,Absolutely loved it! It works exactly as described. My whole team has switched over since.,2025-04-26
398647,2712,13785,5,"The price is more than fair for what you get. Months in, it still works like day one. Worth every penny.",2025-08-19
599307,9676,67550,5,It works exactly as described. Even the packaging was thoughtfully done. Worth every penny.,2025-06-27
854869,5209,44845,5,"Best purchase I've made in a while. Setup took under five minutes. Months in, it still works like day one.",2025-01-22
16835,6766,27064,5,"Absolutely loved it! The build feels premium and sturdy. Months in, it still works like day one.",2025-03-26
358991,8306,77902,3,"Decent, but not great. Delivery arrived two days early, well packaged. That said, It's overpriced for what you actually get. Not bad, not great.",2025-02-03
968004,5346,50603,5,"I rarely write reviews, but this earned one. It works exactly as described.",2025-11-01
934797,4925,39238,5,Couldn't be happier. It integrates seamlessly with everything I already use.,2025-10-18
896884,9362,44021,3,"Mixed feelings on this one. Customer service was fast and genuinely helpful. That said, Customer service took a week to respond. Not bad, not great.",2025-05-16
823988,5797,28898,5,Honestly blown away. It integrates seamlessly with everything I already use.,2025-02-21
145863,9270,30574,3,"It's okay. Setup was confusing and the docs didn't help. Still, The quality is noticeable the moment you unbox it. Might give it another try.",2025-02-15
499470,9572,72078,5,Couldn't be happier. Performance is smooth even under heavy use. Already recommended it to friends.,2025-04-23
652308,9099,58782,1,Complete waste of money. It's overpriced for what you actually get. Photos online are nothing like the real thing. Save your money. Do not recommend.,2025-03-22
21061,5421,13875,5,"This is exactly what I was looking for. Instructions were clear and easy to follow. Months in, it still works like day one.",2025-02-17
802461,7644,89926,5,Instructions were clear and easy to follow. Already recommended it to friends.,2025-05-19
706076,9705,25107,5,Best purchase I've made in a while. The quality is noticeable the moment you unbox it.,2025-05-21
788177,4647,14774,5,"Delivery arrived two days early, well packaged. My whole team has switched over since. Already recommended it to friends.",2025-01-14
787168,6259,16933,5,Honestly blown away. It integrates seamlessly with everything I already use. My whole team has switched over since.,2025-08-14
194623,8350,16617,5,"It works exactly as described. Months in, it still works like day one. Worth every penny.",2025-03-22
313422,5535,59787,5,"The build feels premium and sturdy. Months in, it still works like day one. Worth every penny.",2025-12-14
132082,9963,71939,5,Couldn't be happier. The price is more than fair for what you get. Even the packaging was thoughtfully done. Will definitely buy again.,2025-03-21
524784,8407,16299,5,"This is exactly what I was looking for. The interface is clean and intuitive. Months in, it still works like day one.",2025-03-11
839453,9285,53508,5,Best purchase I've made in a while. It integrates seamlessly with everything I already use. Even the packaging was thoughtfully done. 10/10.,2025-04-11
731721,5619,28463,5,"I rarely write reviews, but this earned one. Setup took under five minutes. The little details show real care.",2025-01-31
672830,8540,76627,4,Works great. Battery life has been excellent so far. The little details show real care. Happy with the purchase.,2025-04-25
867566,4002,53293,5,Honestly blown away. The price is more than fair for what you get. Even the packaging was thoughtfully done.,2025-02-12
193962,9821,69505,5,"This is exactly what I was looking for. Delivery arrived two days early, well packaged. Already recommended it to friends.",2025-04-04
586897,9685,17819,5,Absolutely loved it! Performance is smooth even under heavy use. Already recommended it to friends.,2025-03-05
698159,9476,32994,4,"Good experience from start to finish. Battery life has been excellent so far. The little details show real care. Wish the manual was clearer, but that's minor.",2025-02-04
466837,9362,25286,5,Customer service was fast and genuinely helpful. Highly recommend.,2025-04-06
420194,2394,39872,5,"I rarely write reviews, but this earned one. Instructions were clear and easy to follow. My whole team has switched over since.",2025-06-25
145226,9572,52818,3,"Decent, but not great. Instructions were clear and easy to follow. However, It stopped working properly after a few days.",2025-10-06
720182,1408,26767,5,"Honestly blown away. Delivery arrived two days early, well packaged. Support replied within the hour when I had a question.",2025-02-25
515123,6434,34231,5,Absolutely loved it! It integrates seamlessly with everything I already use. My whole team has switched over since. Will definitely buy again.,2025-02-11
653657,4571,73526,5,The interface is clean and intuitive. Support replied within the hour when I had a question. Worth every penny.,2025-02-15
775448,7632,67032,5,It integrates seamlessly with everything I already use. Even the packaging was thoughtfully done. Will definitely buy again.,2025-11-18
807588,2027,92622,1,One star is generous. Several features simply don't work as described. The replacement had the same problem. I've asked for a refund. Buyer beware.,2025-01-17
909229,5157,13309,4,"Really solid overall. It works exactly as described. Months in, it still works like day one. Recommended.",2025-03-22
253953,1840,61783,5,Absolutely loved it! The quality is noticeable the moment you unbox it. My whole team has switched over since.,2025-03-14
917069,5703,45294,5,"Absolutely loved it! Setup took under five minutes. Months in, it still works like day one.",2025-05-13
1013,7693,81674,5,"Exceeded every expectation. Performance is smooth even under heavy use. Months in, it still works like day one.",2025-03-21
632056,9285,84281,2,Not impressed. It stopped working properly after a few days. The replacement had the same problem.,2025-06-02
856851,8350,50943,4,"Performance is smooth even under heavy use. The little details show real care. Slightly slow shipping, though that's not the product's fault. Would buy again.",2025-01-16
351325,5384,96029,5,"I rarely write reviews, but this earned one. It works exactly as described. The little details show real care. Already recommended it to friends.",2025-04-20
774627,1645,74393,1,One star is generous. Setup was confusing and the docs didn't help. Returning it was its own ordeal. Still waiting on a resolution. Never again.,2025-06-22
32879,9099,84317,5,"I rarely write reviews, but this earned one. Battery life has been excellent so far. 10/10.",2025-01-20
945018,1645,61569,4,"Works great. Delivery arrived two days early, well packaged. Would buy again.",2025-03-01
265388,9476,15534,1,Delivery was late and the box arrived damaged. Photos online are nothing like the real thing. Still waiting on a resolution. Do not recommend.,2025-03-31
552135,9148,87009,5,Best purchase I've made in a while. The build feels premium and sturdy. Highly recommend.,2025-01-11
220340,5463,61129,3,"Instructions were clear and easy to follow. That said, The quality feels much cheaper than advertised. Not bad, not great.",2025-05-24
404957,5415,25185,5,Exceeded every expectation. It integrates seamlessly with everything I already use. The little details show real care.,2025-02-09
486111,5490,57807,2,Disappointing. The quality feels much cheaper than advertised. The replacement had the same problem. Look elsewhere first.,2025-01-27
398351,2651,64609,5,Honestly blown away. The interface is clean and intuitive.,2025-01-10
856219,4053,16977,5,Exceeded every expectation. Instructions were clear and easy to follow. Worth every penny.,2025-03-25
247102,1645,10430,1,Several features simply don't work as described. The replacement had the same problem. Save your money. Do not recommend.,2025-01-29
950031,1645,98142,5,Honestly blown away. The interface is clean and intuitive. My whole team has switched over since.,2025-02-03
471271,6718,34044,5,This is exactly what I was looking for. Instructions were clear and easy to follow.,2025-02-15
976027,4925,14388,5,Couldn't be happier. The build feels premium and sturdy. My whole team has switched over since. Already recommended it to friends.,2025-02-09
137394,4527,33311,5,Couldn't be happier. Battery life has been excellent so far.,2025-04-03
13928,5973,12573,4,"Very happy with this. Performance is smooth even under heavy use. Months in, it still works like day one. Recommended.",2025-10-20
774850,2296,62010,2,"Below average, sadly. The sizing/specs are way off from the listing. Returning it was its own ordeal.",2025-09-20
799390,4234,93513,5,"Five stars, no hesitation. The quality is noticeable the moment you unbox it. Will definitely buy again.",2025-04-05
841954,7809,70954,5,Setup took under five minutes. My whole team has switched over since. Worth every penny.,2025-02-12
828358,5797,58944,5,"Absolutely loved it! Delivery arrived two days early, well packaged. 10/10.",2025-01-22
772720,5999,33311,4,"Works great. Delivery arrived two days early, well packaged. Months in, it still works like day one. Would buy again.",2025-03-01
138649,8941,84102,4,Works great. The quality is noticeable the moment you unbox it. Even the packaging was thoughtfully done. Docking one star for the setup process.,2025-02-06
780759,4269,23274,5,Couldn't be happier. It works exactly as described. Worth every penny.,2025-03-05
475822,4647,94032,5,"Five stars, no hesitation. The quality is noticeable the moment you unbox it. Support replied within the hour when I had a question.",2025-01-24
780953,7001,34277,3,"It stopped working properly after a few days. On the plus side, Battery life has been excellent so far. Not bad, not great.",2025-04-27
935601,6048,27687,4,Does what it promises. It works exactly as described. Recommended.,2025-03-26
450480,3061,68737,2,The interface is clunky and slow. Returning it was its own ordeal. Look elsewhere first.,2025-03-30
463620,8509,71027,5,This is exactly what I was looking for. The quality is noticeable the moment you unbox it.,2025-04-19
995561,2519,19591,5,"Best purchase I've made in a while. The price is more than fair for what you get. Months in, it still works like day one. 10/10.",2025-03-28
954250,5183,40800,2,Wouldn't buy again. The sizing/specs are way off from the listing. I ended up buying a different brand. Hard to recommend.,2025-04-02
334124,9044,22773,2,"Below average, sadly. Several features simply don't work as described. Photos online are nothing like the real thing.",2025-05-29
453012,8839,40448,5,Best purchase I've made in a while. The price is more than fair for what you get.,2025-01-30
689500,5519,60649,5,"I rarely write reviews, but this earned one. It works exactly as described.",2025-05-15
582541,5718,65493,4,Setup took under five minutes. Even the packaging was thoughtfully done. Only minor gripe is the packaging. Good value overall.,2025-02-17
749906,6990,82546,5,Best purchase I've made in a while. Performance is smooth even under heavy use. Support replied within the hour when I had a question.,2025-10-13
424153,4613,81419,5,Honestly blown away. Instructions were clear and easy to follow.,2025-03-13
449258,2651,96664,5,"Honestly blown away. Delivery arrived two days early, well packaged.",2025-04-23
187535,2308,85451,4,Really solid overall. It integrates seamlessly with everything I already use. Docking one star for the setup process.,2025-03-29
832842,6434,58752,4,"Setup took under five minutes. Slightly slow shipping, though that's not the product's fault. Would buy again.",2025-03-19
301485,6275,92644,5,This is exactly what I was looking for. Setup took under five minutes. Support replied within the hour when I had a question. Already recommended it to friends.,2025-01-25
102542,3814,34915,5,Exceeded every expectation. Setup took under five minutes. Support replied within the hour when I had a question.,2025-08-25
837586,6087,47256,5,Exceeded every expectation. It integrates seamlessly with everything I already use. The little details show real care. Already recommended it to friends.,2025-04-29
647455,3150,27266,5,"Honestly blown away. Customer service was fast and genuinely helpful. Months in, it still works like day one.",2025-01-30
481063,4050,25840,5,This is exactly what I was looking for. Performance is smooth even under heavy use. My whole team has switched over since.,2025-01-29
550387,4571,81935,5,Exceeded every expectation. The build feels premium and sturdy. Even the packaging was thoughtfully done. Worth every penny.,2025-06-14
342889,1317,15680,3,Somewhere in the middle. Battery life has been excellent so far. But Battery drains far faster than claimed. There are probably better options.,2025-04-27
898918,5346,74484,5,Couldn't be happier. Setup took under five minutes. Worth every penny.,2025-06-29
774096,5797,34568,5,"Exceeded every expectation. Customer service was fast and genuinely helpful. Months in, it still works like day one.",2025-03-31
499962,7394,98359,4,"Impressed for the price. Delivery arrived two days early, well packaged. Even the packaging was thoughtfully done. Docking one star for the setup process.",2025-02-14
641926,8236,17759,3,"Decent, but not great. Setup was confusing and the docs didn't help. Still, Customer service was fast and genuinely helpful.",2025-07-23
110486,4435,40673,3,"Mixed feelings on this one. It's overpriced for what you actually get. On the plus side, It integrates seamlessly with everything I already use. Your mileage may vary.",2025-05-29
366194,6686,24500,5,Couldn't be happier. It works exactly as described. 10/10.,2025-01-29
672630,7622,67945,1,Delivery was late and the box arrived damaged. I ended up buying a different brand. Reporting this to the marketplace. Never again.,2025-07-25
572530,6150,22751,4,"Almost perfect. The interface is clean and intuitive. Support replied within the hour when I had a question. Wish the manual was clearer, but that's minor.",2025-03-24
475145,7350,94833,4,The build feels premium and sturdy. The little details show real care. A second color option would be nice. Recommended.,2025-05-03
459595,6259,27171,5,"Best purchase I've made in a while. The interface is clean and intuitive. Months in, it still works like day one. Highly recommend.",2025-02-16
190588,1291,89997,5,Absolutely loved it! Performance is smooth even under heavy use. My whole team has switched over since.,2025-04-03
910265,7048,16454,5,Honestly blown away. Performance is smooth even under heavy use. My whole team has switched over since.,2025-08-21
368841,6990,39872,5,Absolutely loved it! The price is more than fair for what you get. Worth every penny.,2025-06-02
827772,3795,22964,2,Disappointing. Battery drains far faster than claimed. No response to two support emails. Expected more at this price.,2025-04-09
780786,1512,40419,5,Best purchase I've made in a while. It works exactly as described. Already recommended it to friends.,2025-03-17
133977,3650,74442,4,Good experience from start to finish. It works exactly as described. Support replied within the hour when I had a question. Good value overall.,2025-02-23
365168,7693,72974,3,"Decent, but not great. The sizing/specs are way off from the listing. On the plus side, Customer service was fast and genuinely helpful.",2025-01-20
690795,3713,16599,5,"Couldn't be happier. The interface is clean and intuitive. Months in, it still works like day one.",2025-02-19
572831,6153,47113,4,"Really solid overall. Battery life has been excellent so far. Wish the manual was clearer, but that's minor.",2025-03-29
708462,3061,47151,5,"I rarely write reviews, but this earned one. Customer service was fast and genuinely helpful.",2025-02-07
882496,5519,94711,5,Exceeded every expectation. It works exactly as described. My whole team has switched over since. 10/10.,2025-04-01
903669,3037,84912,5,This is exactly what I was looking for. Setup took under five minutes. Support replied within the hour when I had a question.,2025-02-26
736058,5311,85478,4,"Very happy with this. It integrates seamlessly with everything I already use. Wish the manual was clearer, but that's minor.",2025-04-25
555428,2619,31880,4,"Delivery arrived two days early, well packaged. A second color option would be nice. Recommended.",2025-03-12
318857,4872,52420,4,Very happy with this. Instructions were clear and easy to follow. The little details show real care. Only minor gripe is the packaging.,2025-03-19
186297,2519,96539,4,"Almost perfect. Delivery arrived two days early, well packaged. Recommended.",2025-04-03
976096,7977,78866,5,This is exactly what I was looking for. Customer service was fast and genuinely helpful. The little details show real care.,2025-04-20
775417,7350,27120,5,Performance is smooth even under heavy use. The little details show real care. Highly recommend.,2025-01-28
520004,8839,71099,5,Instructions were clear and easy to follow. My whole team has switched over since. Already recommended it to friends.,2025-04-21
973772,6444,63737,5,Exceeded every expectation. The quality is noticeable the moment you unbox it.,2025-02-04
897497,7001,45953,5,Best purchase I've made in a while. The build feels premium and sturdy. Support replied within the hour when I had a question. Highly recommend.,2025-06-09
897659,1840,48435,3,"Decent, but not great. The build feels premium and sturdy. But The quality feels much cheaper than advertised. Not bad, not great.",2025-05-31
595587,5519,49033,2,Not impressed. Several features simply don't work as described. I ended up buying a different brand. Hard to recommend.,2025-10-02
911439,3150,17655,4,Good experience from start to finish. Battery life has been excellent so far. Happy with the purchase.,2025-03-09
872043,9099,60269,5,Couldn't be happier. Customer service was fast and genuinely helpful. The little details show real care.,2025-03-09
246026,7644,67895,4,"Good experience from start to finish. Performance is smooth even under heavy use. Wish the manual was clearer, but that's minor.",2025-02-04
726665,3531,13504,5,"Five stars, no hesitation. Instructions were clear and easy to follow. Support replied within the hour when I had a question.",2025-02-17
136456,8900,81803,5,Best purchase I've made in a while. The quality is noticeable the moment you unbox it. Already recommended it to friends.,2025-02-05
99398,7985,20964,5,"I rarely write reviews, but this earned one. It integrates seamlessly with everything I already use. Even the packaging was thoughtfully done. Worth every penny.",2025-08-08
854452,3572,46286,5,"Delivery arrived two days early, well packaged. The little details show real care. Will definitely buy again.",2025-03-16
265699,1249,33372,3,"The sizing/specs are way off from the listing. On the plus side, It works exactly as described. Your mileage may vary.",2025-11-07
520228,2050,47677,5,Honestly blown away. The quality is noticeable the moment you unbox it. My whole team has switched over since. Worth every penny.,2025-11-14
916470,7219,72476,5,"Five stars, no hesitation. The quality is noticeable the moment you unbox it. Support replied within the hour when I had a question.",2025-02-15
307405,9424,21648,1,Delivery was late and the box arrived damaged. No response to two support emails. Still waiting on a resolution. Never again.,2025-01-30
196638,1270,90427,5,Battery life has been excellent so far. The little details show real care. Will definitely buy again.,2025-04-13
389300,1043,18121,2,Battery drains far faster than claimed. Look elsewhere first.,2025-01-17
436704,6442,37962,5,Best purchase I've made in a while. Performance is smooth even under heavy use.,2025-04-18
979306,1939,90528,5,Absolutely loved it! The interface is clean and intuitive. My whole team has switched over since. Will definitely buy again.,2025-07-30
771093,1014,40651,5,Absolutely loved it! The build feels premium and sturdy. The little details show real care. 10/10.,2025-07-28
886387,6214,66444,3,"Decent, but not great. The interface is clean and intuitive. But It's overpriced for what you actually get. There are probably better options.",2025-03-06
782268,6423,89813,5,"Absolutely loved it! The quality is noticeable the moment you unbox it. Months in, it still works like day one.",2025-07-11
888341,5311,55325,5,Absolutely loved it! Instructions were clear and easy to follow. The little details show real care.,2025-03-07
919614,4435,20964,4,"Works great. Delivery arrived two days early, well packaged. The little details show real care. Docking one star for the setup process.",2025-08-23
991772,5232,34568,2,"Below average, sadly. Battery drains far faster than claimed.",2025-04-03
830885,1249,34869,4,"Performance is smooth even under heavy use. Slightly slow shipping, though that's not the product's fault. Good value overall.",2025-06-14
358568,9424,49929,5,The interface is clean and intuitive. Highly recommend.,2025-04-20
967130,2549,38933,3,"Fine for the price, I guess. Performance is smooth even under heavy use. On the other hand, Battery drains far faster than claimed.",2025-04-17
633885,3119,11555,5,"I rarely write reviews, but this earned one. The quality is noticeable the moment you unbox it. My whole team has switched over since. Already recommended it to friends.",2025-06-05
997856,1291,80827,5,Couldn't be happier. The build feels premium and sturdy. The little details show real care. 10/10.,2025-02-03
468177,2712,55437,5,Best purchase I've made in a while. The price is more than fair for what you get.,2025-11-07
626064,1115,28136,4,Good experience from start to finish. The build feels premium and sturdy. The little details show real care. Good value overall.,2025-03-28
313716,3225,88026,4,Does what it promises. The build feels premium and sturdy. Only minor gripe is the packaging.,2025-07-03
410908,1539,82340,5,Best purchase I've made in a while. Customer service was fast and genuinely helpful.,2025-03-05
372932,1319,41130,5,Exceeded every expectation. Customer service was fast and genuinely helpful. Support replied within the hour when I had a question. Worth every penny.,2025-01-12
913045,6990,19363,5,"I rarely write reviews, but this earned one. The quality is noticeable the moment you unbox it. The little details show real care.",2025-02-28
964581,6757,86640,4,"Works great. Instructions were clear and easy to follow. My whole team has switched over since. Wish the manual was clearer, but that's minor.",2025-05-15
84825,4868,72947,5,Absolutely loved it! It works exactly as described. Even the packaging was thoughtfully done. Highly recommend.,2025-08-01
990203,1115,15811,5,Battery life has been excellent so far. 10/10.,2025-02-26
233135,2722,95973,5,Absolutely loved it! It works exactly as described. My whole team has switched over since. Already recommended it to friends.,2025-05-22
761445,8029,59900,5,"Honestly blown away. Delivery arrived two days early, well packaged. The little details show real care. 10/10.",2025-07-21
631189,9572,73119,5,Absolutely loved it! Battery life has been excellent so far. Worth every penny.,2025-08-14
682050,6577,10536,5,"Customer service was fast and genuinely helpful. Months in, it still works like day one. Worth every penny.",2025-01-11
53906,2697,69077,5,The quality is noticeable the moment you unbox it. Even the packaging was thoughtfully done. Highly recommend.,2025-04-19
773290,6188,20889,3,"Fine for the price, I guess. Customer service took a week to respond. On the plus side, It works exactly as described. Your mileage may vary.",2025-04-13
575369,2651,74510,5,It works exactly as described. Will definitely buy again.,2025-04-01
285782,5860,34804,4,"It works exactly as described. Months in, it still works like day one. Wish the manual was clearer, but that's minor. Good value overall.",2025-10-19
233525,1503,82938,5,"Five stars, no hesitation. Customer service was fast and genuinely helpful. My whole team has switched over since.",2025-02-23
696421,5354,30933,5,Best purchase I've made in a while. The price is more than fair for what you get.,2025-04-05
687414,5415,42280,3,"Fine for the price, I guess. Setup took under five minutes. But It stopped working properly after a few days. Your mileage may vary.",2025-03-03
311018,2621,15850,5,Performance is smooth even under heavy use. Support replied within the hour when I had a question. Worth every penny.,2025-07-11
891015,4269,40547,5,"Exceeded every expectation. Battery life has been excellent so far. Months in, it still works like day one.",2025-02-08
943093,2651,21010,5,"This is exactly what I was looking for. Delivery arrived two days early, well packaged. Months in, it still works like day one. 10/10.",2025-04-07
126250,1270,21508,5,"I rarely write reviews, but this earned one. It works exactly as described. Highly recommend.",2025-03-04
699590,6664,70041,5,This is exactly what I was looking for. The quality is noticeable the moment you unbox it. Even the packaging was thoughtfully done. Already recommended it to friends.,2025-11-03
703409,7001,76299,4,"Does what it promises. It integrates seamlessly with everything I already use. Months in, it still works like day one. Slightly slow shipping, though that's not the product's fault.",2025-06-17
417434,8550,87474,5,Performance is smooth even under heavy use. 10/10.,2025-11-30
480070,8900,76828,5,This is exactly what I was looking for. Customer service was fast and genuinely helpful.,2025-03-07
704598,2296,67764,5,Best purchase I've made in a while. Performance is smooth even under heavy use. Even the packaging was thoughtfully done.,2025-08-03
844654,7019,17374,1,Terrible experience. The sizing/specs are way off from the listing. Never again.,2025-09-11
701259,1408,78237,5,The price is more than fair for what you get. Support replied within the hour when I had a question. Will definitely buy again.,2025-03-30
612240,1503,96755,1,Avoid this. Several features simply don't work as described. The replacement had the same problem. Save your money. Never again.,2025-02-12
557226,7019,88996,5,Absolutely loved it! Instructions were clear and easy to follow. The little details show real care.,2025-01-16
807697,1896,74651,4,"Really solid overall. Setup took under five minutes. My whole team has switched over since. Wish the manual was clearer, but that's minor.",2025-02-24
739375,1234,34746,5,"Couldn't be happier. Performance is smooth even under heavy use. Months in, it still works like day one.",2025-01-30
198847,2651,51391,2,Expected better. Several features simply don't work as described. The replacement had the same problem.,2025-02-15
442773,9763,20771,3,"Delivery arrived two days early, well packaged. On the other hand, The sizing/specs are way off from the listing. There are probably better options.",2025-05-08
227426,3650,68136,3,"Somewhere in the middle. It stopped working properly after a few days. To be fair, It integrates seamlessly with everything I already use.",2025-10-28
28367,9044,22964,4,Very happy with this. The quality is noticeable the moment you unbox it. Good value overall.,2025-03-20
538336,6512,94433,5,"I rarely write reviews, but this earned one. Setup took under five minutes. Worth every penny.",2025-02-27
230331,6757,99127,5,"Five stars, no hesitation. Battery life has been excellent so far. The little details show real care.",2025-02-24
905673,6359,83866,3,"Somewhere in the middle. Several features simply don't work as described. Still, It works exactly as described.",2025-10-06
130352,4050,76153,4,Very happy with this. The price is more than fair for what you get. Even the packaging was thoughtfully done. Good value overall.,2025-03-07
707084,8614,36875,5,"I rarely write reviews, but this earned one. Delivery arrived two days early, well packaged. My whole team has switched over since.",2025-04-04
16769,2519,35953,1,One star is generous. It's overpriced for what you actually get. I ended up buying a different brand. Still waiting on a resolution. Never again.,2025-02-24
920220,9055,61256,5,This is exactly what I was looking for. The quality is noticeable the moment you unbox it. My whole team has switched over since. Worth every penny.,2025-08-09
444930,4574,27064,4,Does what it promises. It integrates seamlessly with everything I already use. Recommended.,2025-03-07
930071,6892,78225,5,"Five stars, no hesitation. The build feels premium and sturdy. Already recommended it to friends.",2025-11-19
823450,6718,30459,5,Absolutely loved it! Battery life has been excellent so far.,2025-03-25
780950,8550,77119,5,"The interface is clean and intuitive. Months in, it still works like day one. 10/10.",2025-05-22
697827,2296,84599,5,Honestly blown away. The quality is noticeable the moment you unbox it. Will definitely buy again.,2025-01-23
134960,9653,98589,5,"I rarely write reviews, but this earned one. The interface is clean and intuitive. My whole team has switched over since.",2025-05-23
845459,2276,73867,1,Avoid this. Delivery was late and the box arrived damaged. The replacement had the same problem. Buyer beware.,2025-04-15
947719,6442,82765,5,"Five stars, no hesitation. Customer service was fast and genuinely helpful. Support replied within the hour when I had a question.",2025-10-07
592844,1317,49096,5,"Exceeded every expectation. Delivery arrived two days early, well packaged. Support replied within the hour when I had a question. 10/10.",2025-01-26
169506,4234,34787,5,Best purchase I've made in a while. Instructions were clear and easy to follow. Even the packaging was thoughtfully done. Worth every penny.,2025-02-28
862416,4435,27064,5,"Five stars, no hesitation. The quality is noticeable the moment you unbox it. Even the packaging was thoughtfully done. 10/10.",2025-03-13
536368,2712,11811,5,"Five stars, no hesitation. The price is more than fair for what you get. Support replied within the hour when I had a question. 10/10.",2025-04-19
578581,6249,44536,4,"Impressed for the price. Setup took under five minutes. Months in, it still works like day one. Only minor gripe is the packaging.",2025-04-02
450059,6359,65600,5,Honestly blown away. Battery life has been excellent so far.,2025-01-15
526722,6275,77743,5,"Customer service was fast and genuinely helpful. Months in, it still works like day one. Will definitely buy again.",2025-02-15
176455,9676,72987,4,Almost perfect. Battery life has been excellent so far. Even the packaging was thoughtfully done. Recommended.,2025-02-06
415665,2792,88432,5,Customer service was fast and genuinely helpful. Support replied within the hour when I had a question. Highly recommend.,2025-05-11
293425,1317,44989,5,"Performance is smooth even under heavy use. Months in, it still works like day one. Highly recommend.",2025-11-10
899811,2054,55826,1,Complete waste of money. Customer service took a week to respond. Returning it was its own ordeal. Reporting this to the marketplace. Do not recommend.,2025-06-08
2112,8029,21800,5,It works exactly as described. 10/10.,2025-03-23
296486,7265,40547,5,Honestly blown away. The price is more than fair for what you get. Support replied within the hour when I had a question. Already recommended it to friends.,2025-01-18
274999,8839,27165,5,"Best purchase I've made in a while. It integrates seamlessly with everything I already use. Months in, it still works like day one. Already recommended it to friends.",2025-09-15
569709,3852,29840,5,The interface is clean and intuitive. My whole team has switched over since. Highly recommend.,2025-02-25
275127,4527,37785,5,"Five stars, no hesitation. Setup took under five minutes. Even the packaging was thoughtfully done.",2025-12-10
52081,4158,76689,5,Best purchase I've made in a while. It integrates seamlessly with everything I already use. My whole team has switched over since.,2025-08-03
643439,1847,69366,5,Honestly blown away. The build feels premium and sturdy. Support replied within the hour when I had a question. Will definitely buy again.,2025-05-09
364244,1118,73995,4,"Good experience from start to finish. Battery life has been excellent so far. Months in, it still works like day one. Slightly slow shipping, though that's not the product's fault.",2025-03-03
144270,5183,62221,2,"Below average, sadly. Delivery was late and the box arrived damaged. Photos online are nothing like the real thing. Look elsewhere first.",2025-04-06
693204,1939,29518,5,Exceeded every expectation. Instructions were clear and easy to follow.,2025-04-18
402,9148,28276,5,This is exactly what I was looking for. Battery life has been excellent so far. Already recommended it to friends.,2025-01-13
888660,3910,80156,4,"It integrates seamlessly with everything I already use. Even the packaging was thoughtfully done. Slightly slow shipping, though that's not the product's fault. Good value overall.",2025-01-28
474654,8985,76255,5,Battery life has been excellent so far. Worth every penny.,2025-02-23
166159,3565,87428,1,Terrible experience. Customer service took a week to respond. The replacement had the same problem. I've asked for a refund. Buyer beware.,2025-01-10
685534,1118,92807,4,Impressed for the price. Instructions were clear and easy to follow. The little details show real care. A second color option would be nice.,2025-01-04
250299,1509,27820,5,The interface is clean and intuitive. Already recommended it to friends.,2025-09-18
844130,1588,70785,5,"Absolutely loved it! Delivery arrived two days early, well packaged.",2025-02-21
651915,2383,40990,4,Really solid overall. The price is more than fair for what you get. My whole team has switched over since. Happy with the purchase.,2025-08-28
754089,7567,28525,5,"I rarely write reviews, but this earned one. Setup took under five minutes. Support replied within the hour when I had a question.",2025-02-02
304431,9821,58887,4,"It works exactly as described. Slightly slow shipping, though that's not the product's fault. Good value overall.",2025-03-25
828553,5682,59374,4,Does what it promises. The interface is clean and intuitive. Happy with the purchase.,2025-07-28
316385,3338,14781,4,Does what it promises. The price is more than fair for what you get. Support replied within the hour when I had a question. Would buy again.,2025-02-17
783275,7632,25608,5,Best purchase I've made in a while. It works exactly as described. The little details show real care.,2025-02-20
280150,4094,24638,5,"Exceeded every expectation. Setup took under five minutes. Months in, it still works like day one. Worth every penny.",2025-01-31
798669,5311,16073,5,This is exactly what I was looking for. Setup took under five minutes.,2025-06-29
640079,7861,63737,1,Extremely frustrated. Customer service took a week to respond. Photos online are nothing like the real thing. Save your money. Buyer beware.,2025-01-30
740056,1408,15074,2,Not impressed. Battery drains far faster than claimed. Hard to recommend.,2025-03-06
587247,5989,93237,2,Several features simply don't work as described. The replacement had the same problem. Expected more at this price.,2025-03-01
636078,9309,48612,3,"Somewhere in the middle. Customer service took a week to respond. On the plus side, Setup took under five minutes. There are probably better options.",2025-05-31
79899,3135,47342,5,"This is exactly what I was looking for. Delivery arrived two days early, well packaged.",2025-07-04
881388,4004,98998,2,"Below average, sadly. It's overpriced for what you actually get.",2025-04-28
854520,6723,95169,1,One star is generous. Battery drains far faster than claimed. The replacement had the same problem. Do not recommend.,2025-01-10
237805,2549,50375,5,Absolutely loved it! It works exactly as described. Even the packaging was thoughtfully done. Highly recommend.,2025-07-20
74719,9424,75642,5,"I rarely write reviews, but this earned one. Instructions were clear and easy to follow. Support replied within the hour when I had a question. Worth every penny.",2025-01-29
943546,5238,81011,2,Several features simply don't work as described. Expected more at this price.,2025-02-02
483314,8236,88996,5,"Five stars, no hesitation. Setup took under five minutes. Months in, it still works like day one. 10/10.",2025-01-31
855194,8407,94281,3,"Mixed feelings on this one. Battery drains far faster than claimed. Still, It works exactly as described.",2025-03-03
277196,6723,92707,1,Terrible experience. The quality feels much cheaper than advertised. The replacement had the same problem. Save your money. Never again.,2025-04-14
798306,2308,43428,4,Does what it promises. Instructions were clear and easy to follow. Would buy again.,2025-03-14
331925,6275,54747,5,"I rarely write reviews, but this earned one. The price is more than fair for what you get. 10/10.",2025-03-08
319396,2027,88026,4,"Almost perfect. The price is more than fair for what you get. Months in, it still works like day one. Slightly slow shipping, though that's not the product's fault.",2025-05-31
774615,3814,13930,5,Exceeded every expectation. Performance is smooth even under heavy use. 10/10.,2025-04-28
769007,3795,90925,5,"Setup took under five minutes. Months in, it still works like day one. Worth every penny.",2025-09-16
119829,5200,24673,3,Somewhere in the middle. It works exactly as described. But It stopped working properly after a few days. There are probably better options.,2025-02-10
708816,6444,85558,4,Works great. Setup took under five minutes. Happy with the purchase.,2025-05-02
830689,2792,17439,4,Very happy with this. Battery life has been excellent so far. Recommended.,2025-02-03
731967,7509,83866,5,Absolutely loved it! It integrates seamlessly with everything I already use. Already recommended it to friends.,2025-09-18
26897,9685,62010,5,Best purchase I've made in a while. It works exactly as described. The little details show real care.,2025-08-26
673627,4053,35652,4,"Impressed for the price. The quality is noticeable the moment you unbox it. Months in, it still works like day one. Recommended.",2025-02-24
677546,5384,69552,5,"Five stars, no hesitation. Delivery arrived two days early, well packaged. Even the packaging was thoughtfully done. Will definitely buy again.",2025-02-01
238417,5718,13504,3,Somewhere in the middle. It works exactly as described. But The sizing/specs are way off from the listing. Your mileage may vary.,2025-02-01
136686,1847,20907,5,"Five stars, no hesitation. The price is more than fair for what you get. Even the packaging was thoughtfully done.",2025-02-27
904356,7001,27165,5,"Best purchase I've made in a while. The price is more than fair for what you get. Months in, it still works like day one.",2025-08-22
750280,8454,49133,5,This is exactly what I was looking for. The build feels premium and sturdy. The little details show real care. Already recommended it to friends.,2025-02-09
17453,5634,72193,2,Battery drains far faster than claimed. Expected more at this price.,2025-03-21
191472,4158,37648,1,Customer service took a week to respond. No response to two support emails. Reporting this to the marketplace. Do not recommend.,2025-08-02
435413,2735,18547,3,"It's okay. The sizing/specs are way off from the listing. To be fair, Delivery arrived two days early, well packaged. There are probably better options.",2025-09-20
321407,4647,26793,5,Exceeded every expectation. The price is more than fair for what you get. Support replied within the hour when I had a question.,2025-02-13
154337,9077,77838,4,"The quality is noticeable the moment you unbox it. Slightly slow shipping, though that's not the product's fault. Good value overall.",2025-04-08
297731,3455,74484,5,Couldn't be happier. Setup took under five minutes. The little details show real care.,2025-06-21
757651,3589,89657,5,"Five stars, no hesitation. Setup took under five minutes. Even the packaging was thoughtfully done.",2025-05-19
954450,5414,37644,5,"I rarely write reviews, but this earned one. Instructions were clear and easy to follow. My whole team has switched over since. Already recommended it to friends.",2025-05-12
563976,6282,51205,5,Absolutely loved it! It works exactly as described. Support replied within the hour when I had a question.,2025-06-27
728111,1503,59183,5,"Five stars, no hesitation. Battery life has been excellent so far. Worth every penny.",2025-03-04
1348,4890,77632,3,"Mixed feelings on this one. The price is more than fair for what you get. On the other hand, Battery drains far faster than claimed. Your mileage may vary.",2025-01-23
37406,8756,50613,5,"I rarely write reviews, but this earned one. Battery life has been excellent so far. Worth every penny.",2025-01-23
492986,5183,84869,5,Exceeded every expectation. Battery life has been excellent so far. The little details show real care. Worth every penny.,2025-04-20
846377,5354,92807,5,The interface is clean and intuitive. Already recommended it to friends.,2025-01-08
5430,2394,74722,4,Performance is smooth even under heavy use. A second color option would be nice. Recommended.,2025-02-26
196280,6829,87955,3,"Decent, but not great. The quality feels much cheaper than advertised. To be fair, The build feels premium and sturdy. Might give it another try.",2025-02-14
964254,5869,70903,5,Exceeded every expectation. The interface is clean and intuitive. My whole team has switched over since.,2025-10-28
202201,6512,61665,5,"Five stars, no hesitation. Customer service was fast and genuinely helpful. Already recommended it to friends.",2025-03-19
771264,4790,43367,5,Couldn't be happier. It works exactly as described. Support replied within the hour when I had a question.,2025-02-22
429260,9518,43527,3,"Decent, but not great. The sizing/specs are way off from the listing. To be fair, Customer service was fast and genuinely helpful. There are probably better options.",2025-01-25
919259,7509,91211,4,Good experience from start to finish. The interface is clean and intuitive. Would buy again.,2025-04-09
878249,8432,61822,5,This is exactly what I was looking for. Battery life has been excellent so far. Support replied within the hour when I had a question. Highly recommend.,2025-01-28
558736,4435,33147,5,The interface is clean and intuitive. Even the packaging was thoughtfully done. 10/10.,2025-09-02
241532,5384,97531,5,Couldn't be happier. The price is more than fair for what you get. Even the packaging was thoughtfully done.,2025-01-17
721063,3852,70094,1,Battery drains far faster than claimed. Photos online are nothing like the real thing. I've asked for a refund. Buyer beware.,2025-05-25
513645,5914,62931,5,Best purchase I've made in a while. It integrates seamlessly with everything I already use.,2025-10-08
477244,3852,14499,5,Best purchase I've made in a while. Customer service was fast and genuinely helpful. Already recommended it to friends.,2025-07-20
123378,1939,27704,5,This is exactly what I was looking for. It integrates seamlessly with everything I already use. The little details show real care. Highly recommend.,2025-02-11
766356,6444,77697,5,The quality is noticeable the moment you unbox it. The little details show real care. Already recommended it to friends.,2025-04-21
680546,8704,23702,5,"I rarely write reviews, but this earned one. Customer service was fast and genuinely helpful.",2025-02-19
302289,6868,16172,4,Does what it promises. Setup took under five minutes. Recommended.,2025-09-24
482496,6990,47105,5,"Five stars, no hesitation. Delivery arrived two days early, well packaged.",2025-07-23
889773,2468,65861,4,"Delivery arrived two days early, well packaged. Wish the manual was clearer, but that's minor. Happy with the purchase.",2025-03-25
802002,1840,45879,3,"The interface is clean and intuitive. That said, It's overpriced for what you actually get. There are probably better options.",2025-05-19
793810,5346,73913,4,"Works great. Performance is smooth even under heavy use. Slightly slow shipping, though that's not the product's fault.",2025-01-08
769425,5718,63528,5,"Couldn't be happier. The build feels premium and sturdy. Months in, it still works like day one.",2025-02-14
678851,6423,38683,5,"Delivery arrived two days early, well packaged. Months in, it still works like day one. 10/10.",2025-07-24
632047,3531,39640,5,Honestly blown away. Customer service was fast and genuinely helpful. 10/10.,2025-03-14
10240,7838,54011,5,Absolutely loved it! Battery life has been excellent so far. 10/10.,2025-01-24
320950,6434,66060,4,Very happy with this. The build feels premium and sturdy. Support replied within the hour when I had a question. Good value overall.,2025-04-03
662553,5346,34044,5,"Exceeded every expectation. Delivery arrived two days early, well packaged.",2025-02-28
353825,5354,85088,5,It integrates seamlessly with everything I already use. The little details show real care. Worth every penny.,2025-03-14
316067,9518,15300,5,Couldn't be happier. Setup took under five minutes.,2025-02-23
946227,8941,11694,1,Complete waste of money. The sizing/specs are way off from the listing. I ended up buying a different brand. Save your money. Buyer beware.,2025-02-20
434903,8509,56083,5,This is exactly what I was looking for. It integrates seamlessly with everything I already use. The little details show real care.,2025-02-21
485073,6723,99379,5,Honestly blown away. The quality is noticeable the moment you unbox it. Support replied within the hour when I had a question.,2025-05-14
34936,8509,98688,4,"Almost perfect. The build feels premium and sturdy. Slightly slow shipping, though that's not the product's fault.",2025-03-17
708,7570,69325,5,This is exactly what I was looking for. Customer service was fast and genuinely helpful. Support replied within the hour when I had a question.,2025-09-23
787507,1539,12433,2,Wouldn't buy again. Setup was confusing and the docs didn't help. I ended up buying a different brand.,2025-05-26
614020,7019,95192,1,Delivery was late and the box arrived damaged. No response to two support emails. Reporting this to the marketplace. Buyer beware.,2025-01-18
712559,3910,91793,4,Really solid overall. The quality is noticeable the moment you unbox it. Support replied within the hour when I had a question. Recommended.,2025-01-22
54994,7622,97444,5,Performance is smooth even under heavy use. The little details show real care. 10/10.,2025-02-22
647010,6128,52379,5,Honestly blown away. Instructions were clear and easy to follow. Even the packaging was thoughtfully done.,2025-03-25
664332,3455,86365,5,"I rarely write reviews, but this earned one. Delivery arrived two days early, well packaged.",2025-05-23
947099,1408,97703,5,Best purchase I've made in a while. Battery life has been excellent so far.,2025-06-22
303082,8756,33940,1,The quality feels much cheaper than advertised. Photos online are nothing like the real thing. I've asked for a refund. Do not recommend.,2025-05-14
86728,6959,58432,5,Best purchase I've made in a while. Instructions were clear and easy to follow.,2025-02-06
102652,1939,68371,1,It stopped working properly after a few days. The replacement had the same problem. Reporting this to the marketplace. Do not recommend.,2025-08-16
364409,4269,36590,5,"I rarely write reviews, but this earned one. The interface is clean and intuitive.",2025-02-23
61210,5070,36205,4,Very happy with this. Instructions were clear and easy to follow. Even the packaging was thoughtfully done. Only minor gripe is the packaging.,2025-06-02
53469,7509,77493,5,Couldn't be happier. Performance is smooth even under heavy use. My whole team has switched over since.,2025-03-20
771589,5232,77448,2,Disappointing. The quality feels much cheaper than advertised. Photos online are nothing like the real thing.,2025-01-21
927284,7140,49848,4,Really solid overall. Battery life has been excellent so far. Support replied within the hour when I had a question. Only minor gripe is the packaging.,2025-05-10
669931,5414,35170,5,"Five stars, no hesitation. Instructions were clear and easy to follow. Already recommended it to friends.",2025-02-02
2737,7140,65841,5,The interface is clean and intuitive. Will definitely buy again.,2025-06-19
861017,6444,93687,4,"Almost perfect. Delivery arrived two days early, well packaged. Even the packaging was thoughtfully done. A second color option would be nice.",2025-03-25
174530,5238,51391,4,"Instructions were clear and easy to follow. My whole team has switched over since. Slightly slow shipping, though that's not the product's fault. Recommended.",2025-01-12
871822,5157,88068,3,"Decent, but not great. It works exactly as described. On the other hand, It stopped working properly after a few days.",2025-01-25
398706,5239,55980,5,"Couldn't be happier. Delivery arrived two days early, well packaged. Even the packaging was thoughtfully done. 10/10.",2025-12-24
310581,2358,68205,1,One star is generous. The sizing/specs are way off from the listing. The replacement had the same problem. Still waiting on a resolution. Buyer beware.,2025-02-16
318785,4734,89997,5,Couldn't be happier. Battery life has been excellent so far. My whole team has switched over since. Will definitely buy again.,2025-03-31
13082,8842,88600,5,"Five stars, no hesitation. Instructions were clear and easy to follow. Even the packaging was thoughtfully done.",2025-12-05
258744,6128,71979,3,"It's okay. Setup was confusing and the docs didn't help. To be fair, Instructions were clear and easy to follow. Might give it another try.",2025-03-08
525707,5232,73810,3,"Fine for the price, I guess. Delivery was late and the box arrived damaged. Still, Instructions were clear and easy to follow.",2025-06-29
667072,8641,95695,1,Complete waste of money. It's overpriced for what you actually get. Returning it was its own ordeal. Save your money. Buyer beware.,2025-10-05
527848,8900,74651,5,"Couldn't be happier. The price is more than fair for what you get. Months in, it still works like day one. Highly recommend.",2025-03-04
468964,6249,62438,5,Honestly blown away. It works exactly as described. Even the packaging was thoughtfully done. Highly recommend.,2025-07-27
331423,5232,13930,5,"This is exactly what I was looking for. Delivery arrived two days early, well packaged.",2025-05-11
579957,7861,93513,5,Honestly blown away. It works exactly as described.,2025-03-16
820102,6188,78463,4,Impressed for the price. It integrates seamlessly with everything I already use. Even the packaging was thoughtfully done. Would buy again.,2025-02-02
543055,1004,96539,5,Couldn't be happier. It integrates seamlessly with everything I already use. Support replied within the hour when I had a question. 10/10.,2025-03-27
486642,1118,40187,1,Several features simply don't work as described. Returning it was its own ordeal. Still waiting on a resolution. Buyer beware.,2025-03-05
120617,9705,36335,5,Honestly blown away. It works exactly as described. Support replied within the hour when I had a question.,2025-06-07
228314,1004,19741,5,The interface is clean and intuitive. Support replied within the hour when I had a question. Will definitely buy again.,2025-12-11
369024,9133,92000,5,Best purchase I've made in a while. Performance is smooth even under heavy use. 10/10.,2025-03-26
676911,5183,91870,5,"I rarely write reviews, but this earned one. Instructions were clear and easy to follow.",2025-09-01
541513,9099,88564,4,Almost perfect. Battery life has been excellent so far. Even the packaging was thoughtfully done. Happy with the purchase.,2025-04-18
208610,3531,81419,5,Absolutely loved it! Performance is smooth even under heavy use. Support replied within the hour when I had a question. Worth every penny.,2025-02-12
84542,6188,26788,3,"Mixed feelings on this one. It's overpriced for what you actually get. On the plus side, The build feels premium and sturdy.",2025-03-22
909918,5973,59678,3,"It's overpriced for what you actually get. Still, It integrates seamlessly with everything I already use. Your mileage may vary.",2025-05-01
336596,3081,95122,2,Not impressed. It's overpriced for what you actually get. The replacement had the same problem.,2025-03-28
648664,3225,47838,5,The build feels premium and sturdy. The little details show real care. Worth every penny.,2025-05-08
519615,8407,80915,5,"Battery life has been excellent so far. Months in, it still works like day one. Will definitely buy again.",2025-01-24
750290,8756,98981,3,"The quality feels much cheaper than advertised. On the plus side, Instructions were clear and easy to follow. Your mileage may vary.",2025-01-14
308173,2376,89577,1,Complete waste of money. Customer service took a week to respond. No response to two support emails. Reporting this to the marketplace. Buyer beware.,2025-02-18
248606,8664,93687,1,Avoid this. It's overpriced for what you actually get. Never again.,2025-03-12
5379,5157,58862,5,"I rarely write reviews, but this earned one. Customer service was fast and genuinely helpful.",2025-02-16
452694,6766,36356,5,Customer service was fast and genuinely helpful. Will definitely buy again.,2025-03-02
918125,5797,99446,5,"I rarely write reviews, but this earned one. It works exactly as described. Support replied within the hour when I had a question. 10/10.",2025-03-06
360361,5232,76358,5,This is exactly what I was looking for. The interface is clean and intuitive. Highly recommend.,2025-02-11
40065,1539,80915,5,Couldn't be happier. It works exactly as described. The little details show real care.,2025-01-16
578994,4053,26142,4,"It integrates seamlessly with everything I already use. Slightly slow shipping, though that's not the product's fault. Would buy again.",2025-01-25
619734,6128,10183,2,Disappointing. Several features simply don't work as described. The replacement had the same problem.,2025-02-27
395378,3814,70838,5,This is exactly what I was looking for. Instructions were clear and easy to follow. Even the packaging was thoughtfully done. Will definitely buy again.,2025-06-20
192940,7071,32479,5,"Five stars, no hesitation. The build feels premium and sturdy. Even the packaging was thoughtfully done. Will definitely buy again.",2025-03-20
959678,9685,66835,5,"Five stars, no hesitation. Setup took under five minutes. Support replied within the hour when I had a question.",2025-05-11
678671,5490,96821,5,Honestly blown away. Battery life has been excellent so far.,2025-03-17
578431,4925,92515,5,"I rarely write reviews, but this earned one. Setup took under five minutes. Highly recommend.",2025-10-15
921638,1270,27439,5,"Five stars, no hesitation. Performance is smooth even under heavy use. Already recommended it to friends.",2025-01-25
753075,9518,76259,5,"Five stars, no hesitation. Customer service was fast and genuinely helpful. Months in, it still works like day one. Will definitely buy again.",2025-06-09
395058,1249,98892,5,"Setup took under five minutes. Months in, it still works like day one. Worth every penny.",2025-02-10
332695,2549,21224,1,One star is generous. It's overpriced for what you actually get. No response to two support emails. Buyer beware.,2025-11-16
768591,3225,18388,5,Exceeded every expectation. It works exactly as described. The little details show real care. Highly recommend.,2025-04-24
750528,3642,36158,4,"Does what it promises. The build feels premium and sturdy. The little details show real care. Slightly slow shipping, though that's not the product's fault.",2025-10-15
373144,1317,65476,5,"Five stars, no hesitation. Delivery arrived two days early, well packaged. Even the packaging was thoughtfully done. Already recommended it to friends.",2025-05-28
66424,9133,46769,5,Best purchase I've made in a while. It integrates seamlessly with everything I already use. My whole team has switched over since.,2025-02-17
248720,1645,41328,1,Complete waste of money. Several features simply don't work as described. The replacement had the same problem. Reporting this to the marketplace. Never again.,2025-03-02
993735,6420,22107,5,Couldn't be happier. Instructions were clear and easy to follow. My whole team has switched over since. 10/10.,2025-08-21
711147,1193,58897,3,"Mixed feelings on this one. Instructions were clear and easy to follow. That said, Customer service took a week to respond.",2025-05-19
223824,7977,30835,4,"Almost perfect. The build feels premium and sturdy. Even the packaging was thoughtfully done. Slightly slow shipping, though that's not the product's fault.",2025-04-04
577902,6153,91632,3,"The price is more than fair for what you get. That said, The interface is clunky and slow. Your mileage may vary.",2025-02-10
821058,1408,47191,5,"I rarely write reviews, but this earned one. The price is more than fair for what you get. Even the packaging was thoughtfully done. Worth every penny.",2025-02-01
449692,2394,60458,4,The price is more than fair for what you get. Docking one star for the setup process. Good value overall.,2025-01-17
471399,3814,90022,5,"I rarely write reviews, but this earned one. Customer service was fast and genuinely helpful. Already recommended it to friends.",2025-01-27
857027,2226,67676,5,"This is exactly what I was looking for. Delivery arrived two days early, well packaged.",2025-12-25
459558,6048,85451,3,"Battery drains far faster than claimed. On the plus side, The build feels premium and sturdy. There are probably better options.",2025-03-15
557459,5238,80819,5,This is exactly what I was looking for. It works exactly as described. Support replied within the hour when I had a question. 10/10.,2025-01-17
799587,8900,41461,2,Disappointing. Battery drains far faster than claimed. Returning it was its own ordeal.,2025-01-24
911661,9685,80983,3,"It's okay. The build feels premium and sturdy. However, Several features simply don't work as described. Not bad, not great.",2025-08-18
345615,1539,34767,4,Does what it promises. Customer service was fast and genuinely helpful. Would buy again.,2025-05-16
196356,6438,66060,5,Instructions were clear and easy to follow. Even the packaging was thoughtfully done. Will definitely buy again.,2025-04-03
40193,1043,65352,1,It stopped working properly after a few days. No response to two support emails. I've asked for a refund. Buyer beware.,2025-03-09
3913,7048,78538,5,Exceeded every expectation. The build feels premium and sturdy. The little details show real care.,2025-04-26
864695,5275,31021,5,"Setup took under five minutes. Months in, it still works like day one. Highly recommend.",2025-10-06
763210,3852,74442,5,"Five stars, no hesitation. The build feels premium and sturdy. The little details show real care. Already recommended it to friends.",2025-03-09
523667,6990,38869,3,"It integrates seamlessly with everything I already use. On the other hand, The interface is clunky and slow. Might give it another try.",2025-05-31
733208,5768,87428,5,"Delivery arrived two days early, well packaged. Already recommended it to friends.",2025-02-07
822347,5384,10678,1,Extremely frustrated. Several features simply don't work as described. I ended up buying a different brand. Buyer beware.,2025-07-28
501166,2433,66192,3,"Decent, but not great. It's overpriced for what you actually get. To be fair, It works exactly as described. Might give it another try.",2025-07-24
934366,1249,86189,3,"Fine for the price, I guess. Performance is smooth even under heavy use. But It's overpriced for what you actually get. Not bad, not great.",2025-01-16
468815,1858,66192,5,"Couldn't be happier. Delivery arrived two days early, well packaged. Already recommended it to friends.",2025-07-25
420446,7632,56868,5,"I rarely write reviews, but this earned one. It integrates seamlessly with everything I already use. Support replied within the hour when I had a question. Worth every penny.",2025-07-16
385841,9653,16617,5,Couldn't be happier. It works exactly as described.,2025-03-30
306444,6259,36656,5,Battery life has been excellent so far. Support replied within the hour when I had a question. Worth every penny.,2025-01-22
949635,1709,32211,4,"Good experience from start to finish. Delivery arrived two days early, well packaged. The little details show real care. Recommended.",2025-02-04
807811,3455,65468,1,One star is generous. Battery drains far faster than claimed. I ended up buying a different brand. Reporting this to the marketplace. Never again.,2025-05-13
571064,4303,78538,3,"Fine for the price, I guess. Customer service was fast and genuinely helpful. However, The sizing/specs are way off from the listing. Not bad, not great.",2025-04-25
552954,8029,17655,5,Exceeded every expectation. Performance is smooth even under heavy use.,2025-03-18
466396,9984,58966,4,Almost perfect. It works exactly as described. My whole team has switched over since. Happy with the purchase.,2025-12-04
561344,5682,97459,5,Absolutely loved it! The quality is noticeable the moment you unbox it. Highly recommend.,2025-03-19
266893,9055,88068,5,Exceeded every expectation. The build feels premium and sturdy. Will definitely buy again.,2025-01-30
767241,7350,44068,3,"Battery drains far faster than claimed. To be fair, Instructions were clear and easy to follow. Your mileage may vary.",2025-03-30
880874,5264,79673,5,Exceeded every expectation. Instructions were clear and easy to follow. Even the packaging was thoughtfully done. Worth every penny.,2025-02-16
889068,5163,81917,5,Couldn't be happier. It integrates seamlessly with everything I already use. Already recommended it to friends.,2025-05-15
712407,6892,20559,5,"This is exactly what I was looking for. Customer service was fast and genuinely helpful. Months in, it still works like day one.",2025-02-07
971215,5989,39804,5,This is exactly what I was looking for. The price is more than fair for what you get. Worth every penny.,2025-12-23
928434,8702,71213,5,It integrates seamlessly with everything I already use. Support replied within the hour when I had a question. Worth every penny.,2025-03-14
381594,5703,31559,5,Best purchase I've made in a while. Instructions were clear and easy to follow. Support replied within the hour when I had a question. Highly recommend.,2025-02-02
381632,2735,43736,5,Absolutely loved it! The interface is clean and intuitive.,2025-05-20
696837,5183,81234,5,Instructions were clear and easy to follow. Already recommended it to friends.,2025-02-20
621666,8664,44452,5,"I rarely write reviews, but this earned one. It integrates seamlessly with everything I already use. My whole team has switched over since. Highly recommend.",2025-02-05
321127,4852,21395,4,The quality is noticeable the moment you unbox it. Docking one star for the setup process. Recommended.,2025-04-11
778574,7632,60670,5,"Five stars, no hesitation. Battery life has been excellent so far. Already recommended it to friends.",2025-03-03
784363,2619,42147,5,It works exactly as described. Support replied within the hour when I had a question. Will definitely buy again.,2025-05-02
720761,9148,10183,5,Exceeded every expectation. Battery life has been excellent so far.,2025-02-21
728975,6512,78715,4,"Instructions were clear and easy to follow. Wish the manual was clearer, but that's minor. Recommended.",2025-02-06
443952,6345,65190,4,Almost perfect. The build feels premium and sturdy. Support replied within the hour when I had a question. Would buy again.,2025-03-25
280364,1291,18388,5,Customer service was fast and genuinely helpful. Support replied within the hour when I had a question. Highly recommend.,2025-04-30
966136,4925,11635,4,"Does what it promises. Setup took under five minutes. Even the packaging was thoughtfully done. Slightly slow shipping, though that's not the product's fault.",2025-04-05
874702,1840,23267,2,"Below average, sadly. It's overpriced for what you actually get.",2025-03-27
643411,7598,69582,5,Couldn't be happier. It integrates seamlessly with everything I already use. My whole team has switched over since.,2025-01-20
513329,7128,43428,3,"It's overpriced for what you actually get. On the plus side, The build feels premium and sturdy. Not bad, not great.",2025-03-12
150670,5998,94702,5,Honestly blown away. Battery life has been excellent so far.,2025-04-08
716724,6275,88587,5,Best purchase I've made in a while. The interface is clean and intuitive. Will definitely buy again.,2025-03-10
523751,8839,91232,4,"Almost perfect. The quality is noticeable the moment you unbox it. Slightly slow shipping, though that's not the product's fault.",2025-01-23
617851,8540,25185,5,"Five stars, no hesitation. Instructions were clear and easy to follow. Worth every penny.",2025-01-12
165525,1896,21395,4,"Customer service was fast and genuinely helpful. Slightly slow shipping, though that's not the product's fault. Happy with the purchase.",2025-03-30
823070,8839,91399,4,Really solid overall. Instructions were clear and easy to follow. My whole team has switched over since. Recommended.,2025-02-04
727581,1509,10536,5,Setup took under five minutes. Highly recommend.,2025-01-14
567806,8454,71213,5,"I rarely write reviews, but this earned one. Customer service was fast and genuinely helpful.",2025-03-22
518326,9309,36335,5,Best purchase I've made in a while. The price is more than fair for what you get. Support replied within the hour when I had a question.,2025-06-02
838645,8356,45756,5,Best purchase I've made in a while. The quality is noticeable the moment you unbox it. Will definitely buy again.,2025-04-09
558885,1939,36590,4,"Really solid overall. Delivery arrived two days early, well packaged. Support replied within the hour when I had a question. Would buy again.",2025-04-02
141762,5682,82938,4,"Works great. Delivery arrived two days early, well packaged. My whole team has switched over since. Wish the manual was clearer, but that's minor.",2025-02-22
687280,2027,16178,5,Absolutely loved it! The interface is clean and intuitive. My whole team has switched over since. Worth every penny.,2025-02-08
316168,6438,15680,5,"I rarely write reviews, but this earned one. It integrates seamlessly with everything I already use. 10/10.",2025-04-16
804022,4790,25688,3,"Fine for the price, I guess. Battery drains far faster than claimed. To be fair, Delivery arrived two days early, well packaged.",2025-04-07
301492,1291,15074,4,"Works great. Setup took under five minutes. My whole team has switched over since. Wish the manual was clearer, but that's minor.",2025-03-19
337399,1645,57640,5,Absolutely loved it! Performance is smooth even under heavy use.,2025-06-03
610510,9984,79601,4,"Instructions were clear and easy to follow. My whole team has switched over since. Wish the manual was clearer, but that's minor. Would buy again.",2025-10-08
610922,4158,32655,5,"Five stars, no hesitation. The quality is noticeable the moment you unbox it. Months in, it still works like day one. 10/10.",2025-10-09
616746,2468,98584,3,"Somewhere in the middle. It's overpriced for what you actually get. Still, Instructions were clear and easy to follow. Your mileage may vary.",2025-01-29
26058,1539,70903,5,"Exceeded every expectation. Delivery arrived two days early, well packaged. Support replied within the hour when I had a question.",2025-11-13
895570,5275,90708,5,It integrates seamlessly with everything I already use. Highly recommend.,2025-01-04
880040,5264,22964,5,Couldn't be happier. The price is more than fair for what you get. Highly recommend.,2025-04-08
330031,2276,48803,1,The quality feels much cheaper than advertised. No response to two support emails. I've asked for a refund. Do not recommend.,2025-02-27
117999,7643,98339,4,Does what it promises. Instructions were clear and easy to follow. Even the packaging was thoughtfully done. A second color option would be nice.,2025-06-13
353437,8432,18916,4,Impressed for the price. It integrates seamlessly with everything I already use. Good value overall.,2025-06-09
572034,8702,74501,5,Setup took under five minutes. The little details show real care. Already recommended it to friends.,2025-01-12
922931,1847,73673,3,"It's okay. Customer service took a week to respond. Still, Performance is smooth even under heavy use.",2025-03-23
113491,2621,87266,4,"Impressed for the price. Battery life has been excellent so far. The little details show real care. Slightly slow shipping, though that's not the product's fault.",2025-10-17
19921,8356,69588,5,Couldn't be happier. It integrates seamlessly with everything I already use.,2025-05-29
231637,1883,73677,4,"Good experience from start to finish. Delivery arrived two days early, well packaged. Even the packaging was thoughtfully done. Good value overall.",2025-01-11
758272,5157,24141,3,"Mixed feelings on this one. Delivery was late and the box arrived damaged. To be fair, The price is more than fair for what you get.",2025-04-21
605701,5096,50375,5,Exceeded every expectation. Battery life has been excellent so far. Already recommended it to friends.,2025-07-24
689403,2619,11952,1,Extremely frustrated. The interface is clunky and slow. Never again.,2025-02-15
550674,4269,89452,5,The interface is clean and intuitive. 10/10.,2025-01-11
442536,8260,73673,3,"Customer service was fast and genuinely helpful. However, It's overpriced for what you actually get. Not bad, not great.",2025-04-03
707994,8356,58862,5,Exceeded every expectation. The quality is noticeable the moment you unbox it. My whole team has switched over since.,2025-03-05
110168,7632,60401,3,"It's overpriced for what you actually get. To be fair, Customer service was fast and genuinely helpful. Your mileage may vary.",2025-01-29
617633,3403,95684,2,Delivery was late and the box arrived damaged. Look elsewhere first.,2025-03-29
669025,2296,53455,5,It integrates seamlessly with everything I already use. My whole team has switched over since. 10/10.,2025-02-14
955425,5070,25037,5,The interface is clean and intuitive. Worth every penny.,2025-08-11
63229,8664,22510,5,Honestly blown away. It works exactly as described. The little details show real care. Will definitely buy again.,2025-11-28
457250,1249,81179,5,This is exactly what I was looking for. Customer service was fast and genuinely helpful.,2025-03-17
998110,4002,44815,5,This is exactly what I was looking for. The interface is clean and intuitive. Even the packaging was thoughtfully done.,2025-04-02
520602,5264,82747,5,"Five stars, no hesitation. The interface is clean and intuitive. Even the packaging was thoughtfully done.",2025-10-13
79439,4574,21047,5,It works exactly as described. Even the packaging was thoughtfully done. Worth every penny.,2025-04-01
684739,6718,44149,4,Really solid overall. It integrates seamlessly with everything I already use. The little details show real care. Recommended.,2025-04-14
473093,2383,36335,5,Absolutely loved it! The quality is noticeable the moment you unbox it.,2025-05-18
713559,6892,44410,1,Avoid this. Delivery was late and the box arrived damaged. I ended up buying a different brand. I've asked for a refund. Buyer beware.,2025-02-15
365207,1118,43429,5,Couldn't be happier. Battery life has been excellent so far. Support replied within the hour when I had a question.,2025-12-18
771237,5914,61759,5,Absolutely loved it! Customer service was fast and genuinely helpful. The little details show real care. Highly recommend.,2025-03-20
625566,7598,94998,1,One star is generous. It's overpriced for what you actually get. I ended up buying a different brand. I've asked for a refund. Never again.,2025-08-17
847265,2358,13801,4,Almost perfect. Battery life has been excellent so far. Support replied within the hour when I had a question. Good value overall.,2025-02-08
550204,4925,15579,4,It works exactly as described. Even the packaging was thoughtfully done. Docking one star for the setup process. Good value overall.,2025-07-16
259498,6651,51811,5,Absolutely loved it! It integrates seamlessly with everything I already use. Even the packaging was thoughtfully done.,2025-01-19
910601,3398,21870,5,Best purchase I've made in a while. Instructions were clear and easy to follow. My whole team has switched over since. 10/10.,2025-03-03
47028,1509,48981,5,The interface is clean and intuitive. Support replied within the hour when I had a question. Will definitely buy again.,2025-03-06
402601,4303,40631,5,"Five stars, no hesitation. It works exactly as described. Already recommended it to friends.",2025-06-11
353238,3565,49763,4,"Really solid overall. Battery life has been excellent so far. Slightly slow shipping, though that's not the product's fault.",2025-01-19
285971,4729,30696,5,"It integrates seamlessly with everything I already use. Months in, it still works like day one. Already recommended it to friends.",2025-02-12
909826,4868,56354,4,Really solid overall. It integrates seamlessly with everything I already use. Would buy again.,2025-05-28
531964,8941,78237,5,Best purchase I've made in a while. The interface is clean and intuitive. The little details show real care. Will definitely buy again.,2025-03-30
466305,9077,48992,5,"Delivery arrived two days early, well packaged. The little details show real care. Highly recommend.",2025-02-18
221256,1512,59382,5,Customer service was fast and genuinely helpful. My whole team has switched over since. 10/10.,2025-05-01
966690,5535,95355,5,"I rarely write reviews, but this earned one. The quality is noticeable the moment you unbox it. Already recommended it to friends.",2025-06-09
853304,3150,40434,2,The quality feels much cheaper than advertised. Look elsewhere first.,2025-02-15
421834,7122,20828,5,"I rarely write reviews, but this earned one. The quality is noticeable the moment you unbox it. Months in, it still works like day one.",2025-03-14
602687,3642,54576,5,"Delivery arrived two days early, well packaged. Even the packaging was thoughtfully done. Will definitely buy again.",2025-05-17
338747,4269,84577,5,Couldn't be happier. Customer service was fast and genuinely helpful. 10/10.,2025-10-30
964826,7861,74961,1,Complete waste of money. Setup was confusing and the docs didn't help. Photos online are nothing like the real thing. Reporting this to the marketplace. Do not recommend.,2025-10-23
914547,9676,14355,4,Very happy with this. Instructions were clear and easy to follow. Would buy again.,2025-05-24
796544,5535,24500,5,"Absolutely loved it! Delivery arrived two days early, well packaged.",2025-02-14
286123,3081,73867,4,"Setup took under five minutes. Months in, it still works like day one. Slightly slow shipping, though that's not the product's fault. Recommended.",2025-05-01
697355,5163,45309,4,Almost perfect. It integrates seamlessly with everything I already use. Would buy again.,2025-11-01
875804,5238,59979,5,"I rarely write reviews, but this earned one. Delivery arrived two days early, well packaged. The little details show real care. Already recommended it to friends.",2025-01-30
953534,4729,38247,4,Really solid overall. The price is more than fair for what you get. Happy with the purchase.,2025-02-23
516142,7570,48809,5,Exceeded every expectation. Battery life has been excellent so far. 10/10.,2025-05-30
345932,9476,44410,4,"Does what it promises. Delivery arrived two days early, well packaged. Support replied within the hour when I had a question. Recommended.",2025-02-06
63905,5490,38683,3,"Performance is smooth even under heavy use. That said, Delivery was late and the box arrived damaged. There are probably better options.",2025-08-03
432194,9676,38805,5,Honestly blown away. The quality is noticeable the moment you unbox it.,2025-07-26
893148,2098,39957,5,It integrates seamlessly with everything I already use. Even the packaging was thoughtfully done. Will definitely buy again.,2025-03-31
418592,8260,84514,5,This is exactly what I was looking for. The price is more than fair for what you get.,2025-05-09
675385,6423,74030,5,"The quality is noticeable the moment you unbox it. Months in, it still works like day one. Worth every penny.",2025-02-28
93819,3338,81688,5,Exceeded every expectation. Battery life has been excellent so far. The little details show real care.,2025-02-19
815840,4053,73093,5,"I rarely write reviews, but this earned one. The price is more than fair for what you get. Will definitely buy again.",2025-03-05
785783,3713,37948,5,This is exactly what I was looking for. Performance is smooth even under heavy use.,2025-03-11
587160,8900,31628,2,Not impressed. Customer service took a week to respond. Returning it was its own ordeal.,2025-12-02
543631,9984,49929,1,Extremely frustrated. Delivery was late and the box arrived damaged. I ended up buying a different brand. Buyer beware.,2025-03-25
199425,2792,96064,3,"Fine for the price, I guess. Battery drains far faster than claimed. On the plus side, Delivery arrived two days early, well packaged. Not bad, not great.",2025-06-17
745997,5860,66192,5,"Five stars, no hesitation. Customer service was fast and genuinely helpful.",2025-07-15
707749,6718,29538,5,Couldn't be happier. It works exactly as described.,2025-07-09
782281,4002,61179,5,Setup took under five minutes. Highly recommend.,2025-12-26
419902,9343,57107,3,"Somewhere in the middle. It works exactly as described. But It stopped working properly after a few days. Not bad, not great.",2025-02-05
871875,1442,65741,1,Complete waste of money. It's overpriced for what you actually get. Do not recommend.,2025-02-19
681248,2712,85095,5,Couldn't be happier. Customer service was fast and genuinely helpful.,2025-04-17
186516,8664,17615,5,"Five stars, no hesitation. Battery life has been excellent so far.",2025-04-15
671865,6664,85357,5,"Five stars, no hesitation. The interface is clean and intuitive. Even the packaging was thoughtfully done. Highly recommend.",2025-02-09
674842,5869,64563,4,Very happy with this. Performance is smooth even under heavy use. The little details show real care. Recommended.,2025-02-07
921350,7977,37176,3,"It's okay. It stopped working properly after a few days. Still, Setup took under five minutes.",2025-07-16
912053,5311,60458,5,Absolutely loved it! Battery life has been excellent so far.,2025-02-01
334634,8306,88600,4,"Does what it promises. The price is more than fair for what you get. Months in, it still works like day one. Happy with the purchase.",2025-11-03
275586,8583,40035,4,Does what it promises. The price is more than fair for what you get. Recommended.,2025-11-22
965989,7394,94711,4,Impressed for the price. Instructions were clear and easy to follow. Would buy again.,2025-03-29
259857,3814,84968,3,"It integrates seamlessly with everything I already use. That said, It's overpriced for what you actually get. Not bad, not great.",2025-04-15
331067,4303,33147,5,"Five stars, no hesitation. It works exactly as described. Support replied within the hour when I had a question.",2025-09-04
430725,3589,46298,5,"Best purchase I've made in a while. Battery life has been excellent so far. Months in, it still works like day one.",2025-03-18
860023,9444,34568,5,Exceeded every expectation. The interface is clean and intuitive. Even the packaging was thoughtfully done.,2025-03-23
705826,2697,45292,5,Honestly blown away. The price is more than fair for what you get. The little details show real care.,2025-03-10
961531,8407,71607,5,Exceeded every expectation. The interface is clean and intuitive. 10/10.,2025-02-23
439202,8583,29678,5,This is exactly what I was looking for. It integrates seamlessly with everything I already use. Even the packaging was thoughtfully done.,2025-03-02
987956,4218,80317,5,Couldn't be happier. Customer service was fast and genuinely helpful. Already recommended it to friends.,2025-05-10
866127,2433,88682,5,"This is exactly what I was looking for. Battery life has been excellent so far. Months in, it still works like day one.",2025-05-14
205035,5682,34869,4,"Almost perfect. Delivery arrived two days early, well packaged. Months in, it still works like day one. Slightly slow shipping, though that's not the product's fault.",2025-05-28
249073,1896,56667,4,It works exactly as described. A second color option would be nice. Recommended.,2025-02-20
238250,9572,54726,3,"Mixed feelings on this one. Setup took under five minutes. That said, Delivery was late and the box arrived damaged. Might give it another try.",2025-01-25
990392,3709,25653,5,"Five stars, no hesitation. Battery life has been excellent so far. Support replied within the hour when I had a question.",2025-05-30
790056,2276,40198,2,Disappointing. The sizing/specs are way off from the listing. I ended up buying a different brand. Hard to recommend.,2025-02-14
991521,5619,95658,5,"I rarely write reviews, but this earned one. Customer service was fast and genuinely helpful.",2025-06-01
236865,7279,31334,5,The interface is clean and intuitive. Even the packaging was thoughtfully done. Will definitely buy again.,2025-02-27
976616,1193,75545,3,"It's overpriced for what you actually get. On the plus side, Setup took under five minutes. There are probably better options.",2025-04-17
851892,9685,73980,5,Absolutely loved it! The quality is noticeable the moment you unbox it.,2025-09-19
968213,7622,91982,3,"Customer service was fast and genuinely helpful. On the other hand, Delivery was late and the box arrived damaged. Not bad, not great.",2025-06-03
135146,2226,86175,4,Works great. The build feels premium and sturdy. Support replied within the hour when I had a question. Happy with the purchase.,2025-04-29
356522,8561,52882,1,Complete waste of money. It stopped working properly after a few days. The replacement had the same problem. Reporting this to the marketplace. Do not recommend.,2025-05-20
637642,5415,15473,5,Honestly blown away. Battery life has been excellent so far. Even the packaging was thoughtfully done.,2025-03-26
142929,4443,98096,5,This is exactly what I was looking for. Setup took under five minutes. Support replied within the hour when I had a question. Already recommended it to friends.,2025-05-05
617321,2712,73913,5,It works exactly as described. Will definitely buy again.,2025-02-11
860173,5634,74030,5,"I rarely write reviews, but this earned one. Battery life has been excellent so far. Months in, it still works like day one. Worth every penny.",2025-03-08
381232,5797,69284,3,"Somewhere in the middle. It's overpriced for what you actually get. On the plus side, Setup took under five minutes. Your mileage may vary.",2025-09-02
601976,1193,89657,4,Good experience from start to finish. Instructions were clear and easy to follow. My whole team has switched over since. Would buy again.,2025-06-01
723170,5096,30918,5,Honestly blown away. Battery life has been excellent so far.,2025-11-23
611156,9343,73927,4,Really solid overall. Setup took under five minutes. My whole team has switched over since. Happy with the purchase.,2025-03-13
739840,9148,91990,4,"Does what it promises. The build feels premium and sturdy. Wish the manual was clearer, but that's minor.",2025-05-02
868689,7509,15380,4,Really solid overall. Instructions were clear and easy to follow. Even the packaging was thoughtfully done. Docking one star for the setup process.,2025-01-07
472638,6188,87562,3,"Somewhere in the middle. The sizing/specs are way off from the listing. On the plus side, The quality is noticeable the moment you unbox it. Your mileage may vary.",2025-04-14
296481,7643,40804,5,"This is exactly what I was looking for. It works exactly as described. Months in, it still works like day one. 10/10.",2025-02-23
64231,5973,83595,5,Honestly blown away. Setup took under five minutes. Already recommended it to friends.,2025-02-26
510145,1655,58045,5,"Five stars, no hesitation. Instructions were clear and easy to follow. Months in, it still works like day one.",2025-02-09
360275,9476,60968,5,Absolutely loved it! It integrates seamlessly with everything I already use. Support replied within the hour when I had a question. 10/10.,2025-02-13
302755,8432,18417,5,"I rarely write reviews, but this earned one. The interface is clean and intuitive. Months in, it still works like day one. Highly recommend.",2025-05-14
697388,6757,89904,3,"Decent, but not great. Setup took under five minutes. However, The sizing/specs are way off from the listing.",2025-12-27
542393,7567,34088,5,Honestly blown away. Instructions were clear and easy to follow.,2025-12-23
19831,6128,88933,5,Honestly blown away. Performance is smooth even under heavy use. My whole team has switched over since. 10/10.,2025-01-16
297437,8550,73274,4,Good experience from start to finish. Customer service was fast and genuinely helpful. Would buy again.,2025-03-01
587167,9285,90925,5,Absolutely loved it! The price is more than fair for what you get.,2025-09-21
816886,6766,39073,5,Honestly blown away. Setup took under five minutes. The little details show real care.,2025-02-15
741192,5384,36205,5,"I rarely write reviews, but this earned one. Setup took under five minutes. Months in, it still works like day one.",2025-06-17
994540,9321,57663,3,"Somewhere in the middle. It integrates seamlessly with everything I already use. That said, Several features simply don't work as described. Not bad, not great.",2025-02-04
424100,9099,71838,4,Very happy with this. Customer service was fast and genuinely helpful. Even the packaging was thoughtfully done. Docking one star for the setup process.,2025-04-28
843700,3135,89577,5,This is exactly what I was looking for. The interface is clean and intuitive. Even the packaging was thoughtfully done. Worth every penny.,2025-03-11
300858,3565,56630,4,Good experience from start to finish. Battery life has been excellent so far. Recommended.,2025-01-22
521510,6723,43363,5,"Five stars, no hesitation. The price is more than fair for what you get. Even the packaging was thoughtfully done.",2025-02-16
466407,7977,88068,5,Absolutely loved it! Customer service was fast and genuinely helpful.,2025-02-06
791899,9799,23192,5,"Five stars, no hesitation. The price is more than fair for what you get.",2025-02-20
366816,4527,39495,5,This is exactly what I was looking for. The interface is clean and intuitive.,2025-06-28
599312,4890,80741,5,Honestly blown away. The interface is clean and intuitive. My whole team has switched over since.,2025-02-01
495624,2712,62983,5,This is exactly what I was looking for. Battery life has been excellent so far. Support replied within the hour when I had a question.,2025-04-14
446830,5777,77590,5,"Best purchase I've made in a while. The interface is clean and intuitive. Months in, it still works like day one.",2025-04-07
704925,2722,37462,5,Best purchase I've made in a while. The interface is clean and intuitive. My whole team has switched over since. 10/10.,2025-04-01
546104,5311,57922,4,Very happy with this. Setup took under five minutes. Support replied within the hour when I had a question. A second color option would be nice.,2025-02-02
209677,6214,45309,5,Setup took under five minutes. Support replied within the hour when I had a question. Worth every penny.,2025-11-06
307099,7838,92066,5,Couldn't be happier. Battery life has been excellent so far. Will definitely buy again.,2025-09-07
539360,6990,23030,5,"I rarely write reviews, but this earned one. Instructions were clear and easy to follow. Support replied within the hour when I had a question. Already recommended it to friends.",2025-02-18
367316,9676,22094,4,Really solid overall. Instructions were clear and easy to follow. Good value overall.,2025-10-16
664549,4729,52882,3,"Mixed feelings on this one. Setup took under five minutes. On the other hand, Delivery was late and the box arrived damaged.",2025-06-19
812892,9963,70429,4,"The interface is clean and intuitive. Support replied within the hour when I had a question. Wish the manual was clearer, but that's minor. Recommended.",2025-02-15
733178,8964,22365,5,Absolutely loved it! The quality is noticeable the moment you unbox it. The little details show real care.,2025-01-24
70184,2145,12693,5,"Five stars, no hesitation. Battery life has been excellent so far. Highly recommend.",2025-04-20
71819,1847,94292,5,Couldn't be happier. Battery life has been excellent so far. 10/10.,2025-03-11
790968,9309,10117,4,"Really solid overall. Customer service was fast and genuinely helpful. Months in, it still works like day one. Docking one star for the setup process.",2025-03-28
640081,4050,78621,5,Couldn't be happier. Performance is smooth even under heavy use.,2025-03-13
468412,1249,39238,2,Wouldn't buy again. It's overpriced for what you actually get. Photos online are nothing like the real thing.,2025-10-19
812536,5421,21912,5,Honestly blown away. It integrates seamlessly with everything I already use. Even the packaging was thoughtfully done.,2025-01-31
501121,2519,54050,5,Absolutely loved it! It integrates seamlessly with everything I already use. Even the packaging was thoughtfully done.,2025-04-23
351110,4613,15534,4,Good experience from start to finish. The interface is clean and intuitive. Happy with the purchase.,2025-03-15
506043,7632,21047,5,"Delivery arrived two days early, well packaged. Will definitely buy again.",2025-04-16
334875,6577,53542,5,"Five stars, no hesitation. Performance is smooth even under heavy use. The little details show real care.",2025-01-08
272476,3852,52697,2,"Below average, sadly. It's overpriced for what you actually get.",2025-02-02
330244,4613,10183,5,Best purchase I've made in a while. Performance is smooth even under heavy use. Even the packaging was thoughtfully done.,2025-03-16
218024,7632,40804,1,Avoid this. Customer service took a week to respond. I ended up buying a different brand. Do not recommend.,2025-01-30
118465,8681,59586,5,Absolutely loved it! It integrates seamlessly with everything I already use. Support replied within the hour when I had a question.,2025-03-20
902865,8664,81743,3,"The sizing/specs are way off from the listing. Still, Setup took under five minutes. Might give it another try.",2025-01-03
463920,8140,12693,5,Customer service was fast and genuinely helpful. Highly recommend.,2025-05-01
744369,1847,92078,5,Best purchase I've made in a while. It integrates seamlessly with everything I already use. Even the packaging was thoughtfully done. Worth every penny.,2025-12-26
158696,4868,45292,5,This is exactly what I was looking for. The price is more than fair for what you get. My whole team has switched over since. Worth every penny.,2025-04-07
94915,6653,20889,4,Good experience from start to finish. Performance is smooth even under heavy use. My whole team has switched over since. Good value overall.,2025-04-09
657623,2055,79873,4,"Almost perfect. Delivery arrived two days early, well packaged. Would buy again.",2025-03-30
394108,9821,39502,5,Couldn't be happier. The quality is noticeable the moment you unbox it. Worth every penny.,2025-05-17
684802,4647,13272,5,Couldn't be happier. Performance is smooth even under heavy use. Support replied within the hour when I had a question. 10/10.,2025-03-29
493416,9444,42875,5,"Absolutely loved it! Battery life has been excellent so far. Months in, it still works like day one. Already recommended it to friends.",2025-04-27
958431,6653,84281,1,One star is generous. Delivery was late and the box arrived damaged. The replacement had the same problem. I've asked for a refund. Buyer beware.,2025-06-04
670441,3367,69875,5,Exceeded every expectation. It works exactly as described.,2025-04-16
846117,1840,10362,4,Impressed for the price. The interface is clean and intuitive. Happy with the purchase.,2025-02-27
716161,3709,78538,5,This is exactly what I was looking for. The quality is noticeable the moment you unbox it. Even the packaging was thoughtfully done.,2025-05-07
854924,2376,52857,4,Almost perfect. The build feels premium and sturdy. Would buy again.,2025-08-26
94317,1249,50046,3,"Mixed feelings on this one. The interface is clunky and slow. On the plus side, The quality is noticeable the moment you unbox it. There are probably better options.",2025-06-19
748051,4925,95718,5,Best purchase I've made in a while. The interface is clean and intuitive. The little details show real care. 10/10.,2025-03-15
308534,6757,49409,4,Impressed for the price. The interface is clean and intuitive. Only minor gripe is the packaging.,2025-05-22
349967,2697,97392,5,Performance is smooth even under heavy use. Will definitely buy again.,2025-05-05
181580,5801,48809,5,Instructions were clear and easy to follow. Will definitely buy again.,2025-05-10
862471,8641,33977,5,Couldn't be happier. It integrates seamlessly with everything I already use. 10/10.,2025-01-16
300365,1896,63354,4,Does what it promises. Battery life has been excellent so far. Even the packaging was thoughtfully done. Docking one star for the setup process.,2025-03-31
649216,7977,46040,5,Absolutely loved it! The price is more than fair for what you get. My whole team has switched over since. Will definitely buy again.,2025-05-02
39632,5619,62730,3,"Somewhere in the middle. Customer service took a week to respond. On the plus side, The interface is clean and intuitive.",2025-07-24
257762,6892,57056,5,Absolutely loved it! Setup took under five minutes. Support replied within the hour when I had a question. Already recommended it to friends.,2025-06-02
712795,7622,82622,4,Almost perfect. Performance is smooth even under heavy use. Happy with the purchase.,2025-07-28
206080,5535,57185,5,"Delivery arrived two days early, well packaged. The little details show real care. Worth every penny.",2025-03-04
522418,4094,31992,5,Honestly blown away. Performance is smooth even under heavy use. Support replied within the hour when I had a question.,2025-10-18
60622,3403,96821,5,It works exactly as described. Support replied within the hour when I had a question. Already recommended it to friends.,2025-03-02
892300,3367,12047,5,Customer service was fast and genuinely helpful. My whole team has switched over since. 10/10.,2025-02-03
720158,2735,96118,5,"Absolutely loved it! Customer service was fast and genuinely helpful. Months in, it still works like day one. 10/10.",2025-04-22
216126,8407,43429,4,"Battery life has been excellent so far. The little details show real care. Slightly slow shipping, though that's not the product's fault. Would buy again.",2025-11-20
462611,3650,68136,5,"I rarely write reviews, but this earned one. Setup took under five minutes. Months in, it still works like day one.",2025-11-25
355950,8550,47345,5,"I rarely write reviews, but this earned one. Battery life has been excellent so far. Even the packaging was thoughtfully done. Worth every penny.",2025-04-22
688925,9285,72947,3,"Fine for the price, I guess. The build feels premium and sturdy. On the other hand, It's overpriced for what you actually get.",2025-07-10
960446,5278,10205,2,Customer service took a week to respond. Hard to recommend.,2025-02-07
323276,4218,40187,4,Instructions were clear and easy to follow. Only minor gripe is the packaging. Happy with the purchase.,2025-03-06
862453,1043,22344,5,This is exactly what I was looking for. The interface is clean and intuitive. Highly recommend.,2025-12-13
256116,5995,82997,4,Works great. It works exactly as described. The little details show real care. Recommended.,2025-03-21
184982,4158,68205,4,"Customer service was fast and genuinely helpful. Wish the manual was clearer, but that's minor. Recommended.",2025-02-04
32790,5070,99228,4,Good experience from start to finish. The price is more than fair for what you get. A second color option would be nice.,2025-10-22
973827,5982,34568,5,"Best purchase I've made in a while. Battery life has been excellent so far. Months in, it still works like day one. Highly recommend.",2025-03-28
194710,1102,87041,4,Almost perfect. Instructions were clear and easy to follow. The little details show real care. Happy with the purchase.,2025-02-12
947563,6489,53430,1,Customer service took a week to respond. Returning it was its own ordeal. Still waiting on a resolution. Never again.,2025-02-09
967640,8540,92644,4,The price is more than fair for what you get. Even the packaging was thoughtfully done. A second color option would be nice. Good value overall.,2025-02-09
416141,3150,24975,4,"Delivery arrived two days early, well packaged. Support replied within the hour when I had a question. Docking one star for the setup process. Happy with the purchase.",2025-03-30
52610,8702,22353,4,Really solid overall. Performance is smooth even under heavy use. Recommended.,2025-04-12
241913,3398,66580,3,"Battery drains far faster than claimed. Still, It works exactly as described. Not bad, not great.",2025-03-09
478486,8540,22154,4,"Very happy with this. Battery life has been excellent so far. Months in, it still works like day one. Would buy again.",2025-02-16
307719,8702,60458,1,Extremely frustrated. Battery drains far faster than claimed. The replacement had the same problem. Reporting this to the marketplace. Never again.,2025-01-26
729860,5264,60455,5,Setup took under five minutes. Support replied within the hour when I had a question. Highly recommend.,2025-04-30
488877,6345,77119,5,Exceeded every expectation. Setup took under five minutes. Support replied within the hour when I had a question. Highly recommend.,2025-05-01
965945,5238,46391,5,"Delivery arrived two days early, well packaged. Highly recommend.",2025-06-28
231129,5995,41084,4,Does what it promises. The build feels premium and sturdy. Only minor gripe is the packaging.,2025-06-17
44851,7643,26793,4,Very happy with this. The interface is clean and intuitive. Good value overall.,2025-01-18
400089,5998,37152,4,Does what it promises. It integrates seamlessly with everything I already use. Docking one star for the setup process.,2025-03-06
753824,5275,57113,4,Does what it promises. It integrates seamlessly with everything I already use. Support replied within the hour when I had a question. Docking one star for the setup process.,2025-06-14
788308,5869,53263,5,"I rarely write reviews, but this earned one. Customer service was fast and genuinely helpful. Already recommended it to friends.",2025-01-30
563805,7567,64029,3,"Somewhere in the middle. Delivery was late and the box arrived damaged. To be fair, The interface is clean and intuitive.",2025-06-27
192950,5982,95031,5,The quality is noticeable the moment you unbox it. Worth every penny.,2025-08-05
504430,9572,52477,1,Extremely frustrated. Delivery was late and the box arrived damaged. The replacement had the same problem. Never again.,2025-03-20
895645,7479,61693,5,"Five stars, no hesitation. It integrates seamlessly with everything I already use. Support replied within the hour when I had a question. Highly recommend.",2025-04-23
686428,5973,49409,5,"Five stars, no hesitation. Performance is smooth even under heavy use. The little details show real care.",2025-04-25
653120,4050,96206,3,Battery life has been excellent so far. But Setup was confusing and the docs didn't help. Your mileage may vary.,2025-03-02
876297,9476,75477,3,"Setup took under five minutes. That said, It stopped working properly after a few days. There are probably better options.",2025-03-28
275304,7394,78192,3,"Mixed feelings on this one. Customer service took a week to respond. To be fair, The quality is noticeable the moment you unbox it.",2025-07-14
528182,9099,16008,3,"Somewhere in the middle. Delivery was late and the box arrived damaged. To be fair, It works exactly as described.",2025-02-17
370073,5989,98892,4,Impressed for the price. The build feels premium and sturdy. Even the packaging was thoughtfully done. Happy with the purchase.,2025-02-23
929454,8205,82381,2,Wouldn't buy again. Customer service took a week to respond. The replacement had the same problem.,2025-01-28
170815,9044,43406,5,"Couldn't be happier. Delivery arrived two days early, well packaged. Even the packaging was thoughtfully done. Will definitely buy again.",2025-02-12
435607,6048,15226,5,Honestly blown away. Battery life has been excellent so far. Even the packaging was thoughtfully done. Worth every penny.,2025-01-27
645140,6434,29298,4,"Does what it promises. Delivery arrived two days early, well packaged. Months in, it still works like day one. Happy with the purchase.",2025-11-21
315657,6188,53966,1,Complete waste of money. It's overpriced for what you actually get. No response to two support emails. Reporting this to the marketplace. Buyer beware.,2025-04-11
474817,5354,17759,2,Disappointing. Customer service took a week to respond.,2025-08-30
837400,7495,72561,4,"Does what it promises. The interface is clean and intuitive. Months in, it still works like day one. Good value overall.",2025-01-26
500336,9099,93989,5,Couldn't be happier. Instructions were clear and easy to follow. My whole team has switched over since. 10/10.,2025-01-20
879809,9270,34787,1,It stopped working properly after a few days. No response to two support emails. Reporting this to the marketplace. Never again.,2025-03-15
466914,6150,38426,5,Exceeded every expectation. Instructions were clear and easy to follow. My whole team has switched over since. Highly recommend.,2025-08-04
293965,4435,29588,5,Best purchase I've made in a while. Setup took under five minutes. Support replied within the hour when I had a question. Will definitely buy again.,2025-04-22
764425,5354,23030,5,"Delivery arrived two days early, well packaged. Worth every penny.",2025-03-01
570327,8681,11179,5,"Five stars, no hesitation. The interface is clean and intuitive. Months in, it still works like day one.",2025-06-24
942846,6489,36875,5,Absolutely loved it! Performance is smooth even under heavy use. Support replied within the hour when I had a question.,2025-04-06
969515,9133,60649,5,Exceeded every expectation. The price is more than fair for what you get. Support replied within the hour when I had a question. Already recommended it to friends.,2025-04-14
688203,5232,47191,4,"Impressed for the price. The quality is noticeable the moment you unbox it. Months in, it still works like day one. Would buy again.",2025-02-15
648321,6688,59663,3,"The interface is clean and intuitive. That said, Delivery was late and the box arrived damaged. Might give it another try.",2025-03-24
322572,4868,84502,3,The build feels premium and sturdy. But Setup was confusing and the docs didn't help. There are probably better options.,2025-09-06
243405,2145,21654,5,"Five stars, no hesitation. The price is more than fair for what you get. Already recommended it to friends.",2025-02-01
433550,9984,53263,4,Does what it promises. Performance is smooth even under heavy use. A second color option would be nice.,2025-01-15
574996,1358,56958,5,"I rarely write reviews, but this earned one. The quality is noticeable the moment you unbox it. Months in, it still works like day one. Worth every penny.",2025-12-23
985093,2226,19436,5,It integrates seamlessly with everything I already use. The little details show real care. Already recommended it to friends.,2025-01-26
82723,1102,59979,1,Complete waste of money. The quality feels much cheaper than advertised. The replacement had the same problem. Save your money. Never again.,2025-03-06
722562,8900,27523,3,"Mixed feelings on this one. Delivery was late and the box arrived damaged. On the plus side, Performance is smooth even under heavy use. Your mileage may vary.",2025-04-07
806714,4647,98137,4,Really solid overall. It works exactly as described. My whole team has switched over since. Good value overall.,2025-04-14
41827,4574,91982,5,This is exactly what I was looking for. Setup took under five minutes. Already recommended it to friends.,2025-05-27
601860,3119,73677,3,"It's okay. Battery life has been excellent so far. That said, The interface is clunky and slow.",2025-02-09
691708,2697,46549,5,Absolutely loved it! The price is more than fair for what you get. Already recommended it to friends.,2025-02-14
492317,9705,98584,5,"Honestly blown away. The price is more than fair for what you get. Months in, it still works like day one.",2025-02-12
393795,2792,48809,5,"Couldn't be happier. Delivery arrived two days early, well packaged. The little details show real care.",2025-05-04
221827,6958,40515,4,"Very happy with this. Instructions were clear and easy to follow. Even the packaging was thoughtfully done. Slightly slow shipping, though that's not the product's fault.",2025-09-07
366975,7598,65493,5,Best purchase I've made in a while. It integrates seamlessly with everything I already use. The little details show real care.,2025-03-07
731955,7570,73302,4,"Impressed for the price. Instructions were clear and easy to follow. Months in, it still works like day one. Docking one star for the setup process.",2025-03-31
773767,5982,92756,5,Absolutely loved it! Performance is smooth even under heavy use.,2025-04-02
624172,8454,40057,5,"Delivery arrived two days early, well packaged. Worth every penny.",2025-07-10
427360,2735,52814,1,Avoid this. Setup was confusing and the docs didn't help. Buyer beware.,2025-03-01
64745,7495,87381,5,Battery life has been excellent so far. Highly recommend.,2025-04-04
671705,2621,61569,2,It stopped working properly after a few days. Hard to recommend.,2025-03-03
814419,2050,67945,4,Really solid overall. The quality is noticeable the moment you unbox it. Only minor gripe is the packaging.,2025-08-17
858122,1840,99383,5,Honestly blown away. The quality is noticeable the moment you unbox it. Support replied within the hour when I had a question.,2025-05-02
190196,7838,90019,5,Customer service was fast and genuinely helpful. 10/10.,2025-04-18
211447,4890,88379,4,"Very happy with this. Customer service was fast and genuinely helpful. Support replied within the hour when I had a question. Wish the manual was clearer, but that's minor.",2025-11-13
791101,5157,16099,5,Honestly blown away. Battery life has been excellent so far.,2025-01-12
445690,5999,96539,2,Expected better. The quality feels much cheaper than advertised.,2025-03-19
568616,1193,68366,1,Extremely frustrated. Setup was confusing and the docs didn't help. Returning it was its own ordeal. Do not recommend.,2025-06-16
271896,7861,45977,5,"Honestly blown away. Delivery arrived two days early, well packaged. Already recommended it to friends.",2025-07-03
136000,1319,41231,5,Absolutely loved it! The quality is noticeable the moment you unbox it.,2025-01-31
295189,6153,26219,2,Wouldn't buy again. Battery drains far faster than claimed.,2025-01-13
456563,1939,27439,5,Absolutely loved it! The price is more than fair for what you get. The little details show real care. Highly recommend.,2025-02-23
951850,7394,38869,5,This is exactly what I was looking for. The quality is noticeable the moment you unbox it. Support replied within the hour when I had a question. Already recommended it to friends.,2025-06-09
745404,8664,96287,3,"It's okay. Battery drains far faster than claimed. Still, Customer service was fast and genuinely helpful. There are probably better options.",2025-02-15
877523,6688,40804,4,"Battery life has been excellent so far. Even the packaging was thoughtfully done. Wish the manual was clearer, but that's minor. Happy with the purchase.",2025-02-08
133435,3081,56278,2,Not impressed. The interface is clunky and slow. Returning it was its own ordeal. Expected more at this price.,2025-11-24
601848,3150,49493,4,Very happy with this. Instructions were clear and easy to follow. Recommended.,2025-03-07
377742,5354,23443,5,Absolutely loved it! It integrates seamlessly with everything I already use. Support replied within the hour when I had a question.,2025-12-23
511148,9799,65567,5,Honestly blown away. It integrates seamlessly with everything I already use. Support replied within the hour when I had a question.,2025-08-25
143624,2308,54747,3,"Mixed feelings on this one. Customer service took a week to respond. On the plus side, Setup took under five minutes.",2025-02-25
847058,2468,13504,5,Honestly blown away. It integrates seamlessly with everything I already use. Support replied within the hour when I had a question. Already recommended it to friends.,2025-02-20
540190,9099,80502,5,The build feels premium and sturdy. Already recommended it to friends.,2025-02-15
73618,5183,54050,4,Customer service was fast and genuinely helpful. Support replied within the hour when I had a question. Docking one star for the setup process. Would buy again.,2025-05-25
998957,8614,78099,2,Expected better. Battery drains far faster than claimed. The replacement had the same problem.,2025-05-27
96091,6664,48809,5,This is exactly what I was looking for. Setup took under five minutes. Worth every penny.,2025-04-20
343743,5238,31021,5,Exceeded every expectation. The price is more than fair for what you get.,2025-10-10
244254,2859,27373,5,The interface is clean and intuitive. 10/10.,2025-12-12
422132,5869,47512,3,"Mixed feelings on this one. The interface is clunky and slow. On the plus side, The quality is noticeable the moment you unbox it. There are probably better options.",2025-07-02
486271,8540,26142,5,This is exactly what I was looking for. Customer service was fast and genuinely helpful. Already recommended it to friends.,2025-02-04
128874,2055,39114,4,Impressed for the price. The interface is clean and intuitive. Good value overall.,2025-04-07
115104,8306,30918,1,The sizing/specs are way off from the listing. I ended up buying a different brand. Reporting this to the marketplace. Never again.,2025-12-09
470287,2621,42995,5,"Absolutely loved it! Delivery arrived two days early, well packaged. Support replied within the hour when I had a question.",2025-02-09
893111,8306,47711,5,Honestly blown away. Battery life has been excellent so far. Even the packaging was thoughtfully done.,2025-11-29
320514,5311,87277,5,The build feels premium and sturdy. Already recommended it to friends.,2025-05-11
833330,9077,21870,5,Customer service was fast and genuinely helpful. Highly recommend.,2025-04-01
745180,6434,13801,4,Does what it promises. The interface is clean and intuitive. Would buy again.,2025-01-19
934777,1442,37962,3,"Fine for the price, I guess. Delivery was late and the box arrived damaged. To be fair, The quality is noticeable the moment you unbox it. Your mileage may vary.",2025-04-23
357367,1319,99700,4,Works great. The quality is noticeable the moment you unbox it. Good value overall.,2025-04-18
276022,6958,35963,4,Very happy with this. The interface is clean and intuitive. My whole team has switched over since. Would buy again.,2025-02-27
130549,2651,60066,4,"Very happy with this. The price is more than fair for what you get. Slightly slow shipping, though that's not the product's fault.",2025-01-29
574632,9424,41242,5,This is exactly what I was looking for. The price is more than fair for what you get.,2025-02-22
492789,6249,55991,4,"It integrates seamlessly with everything I already use. Even the packaging was thoughtfully done. Slightly slow shipping, though that's not the product's fault. Would buy again.",2025-05-03
882944,7567,91464,4,"Does what it promises. Delivery arrived two days early, well packaged. Slightly slow shipping, though that's not the product's fault.",2025-02-14
138906,5209,45283,1,Terrible experience. Setup was confusing and the docs didn't help. Returning it was its own ordeal. Do not recommend.,2025-07-16
26074,9763,96664,5,This is exactly what I was looking for. It works exactly as described. Support replied within the hour when I had a question. Worth every penny.,2025-04-11
777747,4729,27560,4,Really solid overall. Instructions were clear and easy to follow. My whole team has switched over since. Would buy again.,2025-01-19
634247,8205,84317,2,Not impressed. Customer service took a week to respond. The replacement had the same problem.,2025-01-11
634469,7809,52363,5,This is exactly what I was looking for. Performance is smooth even under heavy use. The little details show real care.,2025-07-04
642004,6048,97448,5,Couldn't be happier. Battery life has been excellent so far. Even the packaging was thoughtfully done. Will definitely buy again.,2025-09-30
281773,7265,83373,5,"Customer service was fast and genuinely helpful. Months in, it still works like day one. 10/10.",2025-03-21
268594,9362,86375,4,Works great. The quality is noticeable the moment you unbox it. Recommended.,2025-03-13
876697,1509,39238,5,"Five stars, no hesitation. It integrates seamlessly with everything I already use.",2025-10-27
873439,7071,41004,5,Couldn't be happier. It works exactly as described. Worth every penny.,2025-04-23
28476,8583,22624,4,Works great. The quality is noticeable the moment you unbox it. My whole team has switched over since. Recommended.,2025-03-10
256904,2651,29298,5,Exceeded every expectation. Customer service was fast and genuinely helpful. Support replied within the hour when I had a question.,2025-11-15
58906,5070,44452,1,One star is generous. The interface is clunky and slow. Buyer beware.,2025-01-18
175185,1030,40205,1,Terrible experience. Several features simply don't work as described. No response to two support emails. Never again.,2025-06-23
795198,1319,22107,4,"Very happy with this. Battery life has been excellent so far. Support replied within the hour when I had a question. Wish the manual was clearer, but that's minor.",2025-08-17
785407,6214,30918,5,This is exactly what I was looking for. Battery life has been excellent so far.,2025-12-11
811113,8641,65661,3,"It's okay. Several features simply don't work as described. Still, Customer service was fast and genuinely helpful.",2025-03-01
957272,5777,22357,5,Absolutely loved it! Battery life has been excellent so far. Will definitely buy again.,2025-01-31
724971,7809,30472,5,Couldn't be happier. Performance is smooth even under heavy use. The little details show real care.,2025-04-21
83809,6150,19903,5,"I rarely write reviews, but this earned one. Delivery arrived two days early, well packaged. Even the packaging was thoughtfully done.",2025-03-03
469798,1858,68737,3,"It's okay. It works exactly as described. On the other hand, Customer service took a week to respond. There are probably better options.",2025-03-31
752411,9444,96821,5,"I rarely write reviews, but this earned one. It integrates seamlessly with everything I already use. Months in, it still works like day one. 10/10.",2025-03-24
509304,3531,26219,5,Absolutely loved it! Battery life has been excellent so far. Support replied within the hour when I had a question.,2025-01-05
872751,4868,70347,5,"Delivery arrived two days early, well packaged. The little details show real care. Already recommended it to friends.",2025-02-12
744315,6766,71149,4,Works great. Setup took under five minutes. Docking one star for the setup process.,2025-04-27
653220,8655,65476,3,"Decent, but not great. The interface is clunky and slow. Still, It integrates seamlessly with everything I already use. Might give it another try.",2025-06-02
127125,1883,87815,5,"Five stars, no hesitation. The quality is noticeable the moment you unbox it. Support replied within the hour when I had a question.",2025-04-29
661771,6153,69366,4,Almost perfect. Performance is smooth even under heavy use. Support replied within the hour when I had a question. Would buy again.,2025-04-17
949263,8306,65360,5,"Five stars, no hesitation. Delivery arrived two days early, well packaged. My whole team has switched over since.",2025-04-01
553299,6214,11844,5,It integrates seamlessly with everything I already use. Support replied within the hour when I had a question. Already recommended it to friends.,2025-06-14
127240,5421,44410,4,Very happy with this. The build feels premium and sturdy. Good value overall.,2025-02-27
98554,2394,99700,5,The interface is clean and intuitive. Worth every penny.,2025-05-18
840435,1043,11844,5,"I rarely write reviews, but this earned one. The price is more than fair for what you get. Months in, it still works like day one. Will definitely buy again.",2025-05-27
376450,4729,35076,5,"Five stars, no hesitation. Performance is smooth even under heavy use. Support replied within the hour when I had a question.",2025-02-16
783520,7643,21047,4,Impressed for the price. It works exactly as described. The little details show real care. Would buy again.,2025-04-28
225812,2722,22741,3,"Performance is smooth even under heavy use. But It's overpriced for what you actually get. Not bad, not great.",2025-02-25
851951,6664,26767,1,One star is generous. It stopped working properly after a few days. Photos online are nothing like the real thing. I've asked for a refund. Never again.,2025-02-22
298265,4919,85068,5,This is exactly what I was looking for. The quality is noticeable the moment you unbox it. 10/10.,2025-03-04
501576,4647,13566,4,The quality is noticeable the moment you unbox it. Only minor gripe is the packaging. Recommended.,2025-07-18
823059,4234,31992,4,Works great. The build feels premium and sturdy. Even the packaging was thoughtfully done. Happy with the purchase.,2025-09-28
390765,9518,74961,1,One star is generous. The quality feels much cheaper than advertised. No response to two support emails. Save your money. Do not recommend.,2025-10-31
629762,8900,49493,5,Couldn't be happier. Instructions were clear and easy to follow. My whole team has switched over since.,2025-02-16
222433,5163,21695,5,"I rarely write reviews, but this earned one. Battery life has been excellent so far. Worth every penny.",2025-09-07
594541,4852,40314,5,Best purchase I've made in a while. Customer service was fast and genuinely helpful. Even the packaging was thoughtfully done. 10/10.,2025-04-28
307871,6653,53818,4,"Really solid overall. It integrates seamlessly with everything I already use. Months in, it still works like day one. Would buy again.",2025-05-07
18898,1319,69077,5,"Exceeded every expectation. Delivery arrived two days early, well packaged. Months in, it still works like day one. Will definitely buy again.",2025-04-24
554389,1030,11988,5,Honestly blown away. The price is more than fair for what you get.,2025-02-22
733660,1249,65371,5,"I rarely write reviews, but this earned one. Customer service was fast and genuinely helpful. The little details show real care.",2025-02-13
793488,8060,24623,3,"Customer service was fast and genuinely helpful. That said, The quality feels much cheaper than advertised. Might give it another try.",2025-03-10
738547,1043,93980,5,Best purchase I've made in a while. It integrates seamlessly with everything I already use. Support replied within the hour when I had a question.,2025-02-24
560141,1786,15639,5,"Absolutely loved it! Delivery arrived two days early, well packaged. My whole team has switched over since.",2025-02-26
151130,3119,26142,4,"The interface is clean and intuitive. Slightly slow shipping, though that's not the product's fault. Happy with the purchase.",2025-02-07
695404,2226,73760,4,Almost perfect. Performance is smooth even under heavy use. Docking one star for the setup process.,2025-02-02
752994,1102,78715,5,"Honestly blown away. It integrates seamlessly with everything I already use. Months in, it still works like day one. 10/10.",2025-02-03
656143,7567,46965,4,"Delivery arrived two days early, well packaged. Wish the manual was clearer, but that's minor. Happy with the purchase.",2025-02-24
634434,7570,37785,5,The quality is noticeable the moment you unbox it. Will definitely buy again.,2025-12-08
645389,6275,74533,4,"Works great. Instructions were clear and easy to follow. The little details show real care. Wish the manual was clearer, but that's minor.",2025-04-12
501207,8941,29578,5,Couldn't be happier. The build feels premium and sturdy. The little details show real care. Will definitely buy again.,2025-05-25
54091,4303,27326,4,"Does what it promises. It integrates seamlessly with everything I already use. The little details show real care. Wish the manual was clearer, but that's minor.",2025-02-19
81361,9581,77071,5,"Absolutely loved it! Delivery arrived two days early, well packaged. The little details show real care. Highly recommend.",2025-03-13
283279,6188,80819,5,Best purchase I've made in a while. Setup took under five minutes. 10/10.,2025-01-13
465605,5634,66440,5,Best purchase I've made in a while. The quality is noticeable the moment you unbox it. Support replied within the hour when I had a question. Worth every penny.,2025-01-30
962587,9821,71305,4,"Good experience from start to finish. Battery life has been excellent so far. Slightly slow shipping, though that's not the product's fault.",2025-04-30
551459,9269,72979,4,Does what it promises. The interface is clean and intuitive. Only minor gripe is the packaging.,2025-03-26
283406,7219,37888,5,"Honestly blown away. The interface is clean and intuitive. Months in, it still works like day one. Worth every penny.",2025-08-26
738895,5384,89657,5,Honestly blown away. Customer service was fast and genuinely helpful. Support replied within the hour when I had a question.,2025-06-22
276578,1440,36077,3,"The build feels premium and sturdy. On the other hand, Customer service took a week to respond. Might give it another try.",2025-06-06
648653,8702,17615,5,Honestly blown away. Setup took under five minutes. Even the packaging was thoughtfully done. Will definitely buy again.,2025-05-16
305501,6688,41172,4,"Really solid overall. The price is more than fair for what you get. Wish the manual was clearer, but that's minor.",2025-02-21
991971,2549,19436,5,Instructions were clear and easy to follow. Even the packaging was thoughtfully done. Will definitely buy again.,2025-01-12
720816,4004,28930,5,Best purchase I've made in a while. Performance is smooth even under heavy use. Support replied within the hour when I had a question. Already recommended it to friends.,2025-07-05
645441,9705,90019,1,Terrible experience. Delivery was late and the box arrived damaged. Returning it was its own ordeal. Buyer beware.,2025-04-18
297695,5995,49096,3,"Mixed feelings on this one. Several features simply don't work as described. Still, Instructions were clear and easy to follow. Your mileage may vary.",2025-02-14
50058,8509,83565,3,"Somewhere in the middle. The quality is noticeable the moment you unbox it. On the other hand, It stopped working properly after a few days.",2025-04-17
54985,1539,73839,5,Exceeded every expectation. Battery life has been excellent so far. Support replied within the hour when I had a question.,2025-02-03
947955,9140,93980,5,"Honestly blown away. Delivery arrived two days early, well packaged. Support replied within the hour when I had a question.",2025-02-03
128527,4574,85558,4,Very happy with this. Setup took under five minutes. Support replied within the hour when I had a question. Only minor gripe is the packaging.,2025-04-26
755611,8941,13139,5,It works exactly as described. The little details show real care. Worth every penny.,2025-06-08
645117,9140,68629,5,This is exactly what I was looking for. Setup took under five minutes. 10/10.,2025-05-10
828641,3572,67007,5,This is exactly what I was looking for. Customer service was fast and genuinely helpful. Even the packaging was thoughtfully done.,2025-01-22
173852,6651,59140,5,"Five stars, no hesitation. Instructions were clear and easy to follow. Support replied within the hour when I had a question.",2025-03-21
509156,5096,99127,4,Does what it promises. Performance is smooth even under heavy use. My whole team has switched over since. Would buy again.,2025-01-22
354699,8029,71912,4,Good experience from start to finish. Instructions were clear and easy to follow. Support replied within the hour when I had a question. Happy with the purchase.,2025-02-12
346379,4571,16968,5,"Five stars, no hesitation. It integrates seamlessly with everything I already use.",2025-04-22
58736,2308,72596,5,Exceeded every expectation. The build feels premium and sturdy. My whole team has switched over since.,2025-02-07
690502,4269,78237,1,One star is generous. It's overpriced for what you actually get. Returning it was its own ordeal. Do not recommend.,2025-03-09
969640,9343,13785,5,Exceeded every expectation. The quality is noticeable the moment you unbox it.,2025-08-06
87458,8260,99286,5,Exceeded every expectation. Setup took under five minutes. Support replied within the hour when I had a question. Will definitely buy again.,2025-03-21
985066,7219,86175,5,Absolutely loved it! The price is more than fair for what you get. My whole team has switched over since.,2025-05-24
14614,6153,39794,5,Exceeded every expectation. Instructions were clear and easy to follow. Even the packaging was thoughtfully done.,2025-02-12
918375,5998,70259,4,"Setup took under five minutes. Support replied within the hour when I had a question. Slightly slow shipping, though that's not the product's fault. Good value overall.",2025-01-23
972317,7479,31565,5,Couldn't be happier. It works exactly as described.,2025-06-01
43262,2376,10985,3,"Mixed feelings on this one. Battery drains far faster than claimed. On the plus side, Instructions were clear and easy to follow. There are probably better options.",2025-03-02
437565,8900,44354,3,"It's okay. Setup took under five minutes. However, Battery drains far faster than claimed.",2025-05-30
610441,3403,61255,5,"I rarely write reviews, but this earned one. It integrates seamlessly with everything I already use.",2025-02-25
813425,8540,74363,4,Very happy with this. It works exactly as described. Docking one star for the setup process.,2025-01-18
93099,9343,52944,4,Almost perfect. The price is more than fair for what you get. Good value overall.,2025-04-30
810990,9270,19116,5,Honestly blown away. Setup took under five minutes. Will definitely buy again.,2025-01-17
827202,4574,41958,5,Absolutely loved it! The interface is clean and intuitive. Support replied within the hour when I had a question.,2025-12-25
188225,1270,68136,5,"Exceeded every expectation. Battery life has been excellent so far. Months in, it still works like day one.",2025-12-03
217815,1896,37149,5,"This is exactly what I was looking for. It works exactly as described. Months in, it still works like day one.",2025-05-05
881075,2365,80502,4,Works great. Customer service was fast and genuinely helpful. Docking one star for the setup process.,2025-02-16
412972,4158,38204,5,"I rarely write reviews, but this earned one. The build feels premium and sturdy. Support replied within the hour when I had a question. Worth every penny.",2025-02-28
998144,8029,21870,4,"Works great. Delivery arrived two days early, well packaged. Wish the manual was clearer, but that's minor.",2025-02-24
559397,8881,53966,2,Disappointing. It stopped working properly after a few days. The replacement had the same problem. Expected more at this price.,2025-04-10
660170,6282,80252,4,Works great. The price is more than fair for what you get. Even the packaging was thoughtfully done. Recommended.,2025-01-19
550334,8454,44845,3,"It stopped working properly after a few days. Still, It works exactly as described. Your mileage may vary.",2025-01-30
189971,4004,39073,5,"This is exactly what I was looking for. The price is more than fair for what you get. Months in, it still works like day one.",2025-03-15
957125,5209,20307,5,Absolutely loved it! The interface is clean and intuitive. My whole team has switched over since. 10/10.,2025-05-18
615201,8756,11415,3,"The sizing/specs are way off from the listing. On the plus side, It works exactly as described. There are probably better options.",2025-02-26
576968,8203,73760,1,Complete waste of money. Several features simply don't work as described. Photos online are nothing like the real thing. Buyer beware.,2025-01-26
126491,9763,81138,4,Impressed for the price. Setup took under five minutes. Even the packaging was thoughtfully done. Recommended.,2025-04-29
859048,5801,37948,5,"I rarely write reviews, but this earned one. Delivery arrived two days early, well packaged. Highly recommend.",2025-04-02
196862,2358,22878,5,Couldn't be happier. The interface is clean and intuitive.,2025-12-26
397492,5869,71305,5,Absolutely loved it! Instructions were clear and easy to follow.,2025-04-28
706428,6214,21476,5,"Five stars, no hesitation. The interface is clean and intuitive. Even the packaging was thoughtfully done. Highly recommend.",2025-01-26
737527,4158,25342,5,Honestly blown away. It integrates seamlessly with everything I already use. The little details show real care. Already recommended it to friends.,2025-05-06
133868,2792,23571,3,"Decent, but not great. Delivery was late and the box arrived damaged. To be fair, It integrates seamlessly with everything I already use.",2025-01-07
518658,7034,83404,3,"Battery drains far faster than claimed. On the plus side, The quality is noticeable the moment you unbox it. Not bad, not great.",2025-01-28
778343,9055,84514,5,Exceeded every expectation. It works exactly as described. Will definitely buy again.,2025-05-26
939168,1539,65741,5,Honestly blown away. The build feels premium and sturdy. Worth every penny.,2025-02-28
711056,9763,77858,5,This is exactly what I was looking for. Performance is smooth even under heavy use. The little details show real care.,2025-12-19
850978,6249,49845,5,Honestly blown away. The price is more than fair for what you get. The little details show real care. Already recommended it to friends.,2025-05-18
970479,8845,65476,5,Exceeded every expectation. The price is more than fair for what you get. Will definitely buy again.,2025-05-27
761856,5415,24422,4,"Really solid overall. Customer service was fast and genuinely helpful. Slightly slow shipping, though that's not the product's fault.",2025-04-19
465750,9984,21104,5,Honestly blown away. It works exactly as described. Will definitely buy again.,2025-04-23
461975,8236,13139,4,Battery life has been excellent so far. Docking one star for the setup process. Recommended.,2025-06-04
572278,3119,92007,1,Terrible experience. Setup was confusing and the docs didn't help. Returning it was its own ordeal. Buyer beware.,2025-05-16
404809,8756,47151,5,"Five stars, no hesitation. Instructions were clear and easy to follow. The little details show real care. Worth every penny.",2025-01-18
241014,9292,83932,5,This is exactly what I was looking for. Battery life has been excellent so far.,2025-04-17
888665,6653,48446,4,Almost perfect. Setup took under five minutes. Good value overall.,2025-04-14
463949,5209,62931,3,"It's okay. Setup was confusing and the docs didn't help. On the plus side, Setup took under five minutes. Not bad, not great.",2025-10-14
282383,7122,75920,5,"Battery life has been excellent so far. Months in, it still works like day one. Already recommended it to friends.",2025-03-08
357520,2859,59900,5,The interface is clean and intuitive. 10/10.,2025-07-20
593815,5346,62225,4,Setup took under five minutes. Even the packaging was thoughtfully done. A second color option would be nice. Good value overall.,2025-02-01
233884,9444,96755,5,Absolutely loved it! The interface is clean and intuitive. Even the packaging was thoughtfully done. Worth every penny.,2025-02-02
952356,4852,71838,5,"I rarely write reviews, but this earned one. It integrates seamlessly with everything I already use. Worth every penny.",2025-05-01
957470,4002,46298,4,"Impressed for the price. Delivery arrived two days early, well packaged. Support replied within the hour when I had a question. Good value overall.",2025-03-18
281787,8454,62983,5,Best purchase I've made in a while. It works exactly as described.,2025-03-22
884910,6958,80498,4,Really solid overall. The price is more than fair for what you get. My whole team has switched over since. Docking one star for the setup process.,2025-02-01
684867,8350,46795,5,Honestly blown away. Instructions were clear and easy to follow. 10/10.,2025-02-04
665876,9004,42147,5,Honestly blown away. It integrates seamlessly with everything I already use. The little details show real care.,2025-04-07
769676,5490,87474,5,"This is exactly what I was looking for. Setup took under five minutes. Months in, it still works like day one.",2025-12-23
551401,8540,85347,4,Works great. Battery life has been excellent so far. Even the packaging was thoughtfully done. A second color option would be nice.,2025-05-02
485215,4613,61783,3,"Fine for the price, I guess. The quality feels much cheaper than advertised. To be fair, Customer service was fast and genuinely helpful. Might give it another try.",2025-03-20
374907,5354,66465,5,Absolutely loved it! It integrates seamlessly with everything I already use.,2025-04-19
364346,1408,42077,1,Extremely frustrated. It stopped working properly after a few days. No response to two support emails. Still waiting on a resolution. Do not recommend.,2025-02-04
438309,4303,40205,2,Disappointing. Battery drains far faster than claimed. No response to two support emails. Look elsewhere first.,2025-06-06
734057,4269,38869,4,Works great. The price is more than fair for what you get. The little details show real care. Good value overall.,2025-05-08
349774,7643,70805,5,"Honestly blown away. Delivery arrived two days early, well packaged. My whole team has switched over since.",2025-01-21
446945,8756,37462,4,"Good experience from start to finish. Instructions were clear and easy to follow. Slightly slow shipping, though that's not the product's fault.",2025-03-30
832941,2226,36533,5,"I rarely write reviews, but this earned one. Instructions were clear and easy to follow.",2025-03-04
9989,6434,96755,4,"Performance is smooth even under heavy use. The little details show real care. Wish the manual was clearer, but that's minor. Would buy again.",2025-01-17
925692,2792,76771,4,Does what it promises. The price is more than fair for what you get. Recommended.,2025-02-08
26815,6990,31534,1,Terrible experience. It's overpriced for what you actually get. Never again.,2025-03-19
324288,7644,74721,3,"Mixed feelings on this one. Delivery was late and the box arrived damaged. Still, Setup took under five minutes. Not bad, not great.",2025-10-06
326738,8405,72693,4,"Good experience from start to finish. The build feels premium and sturdy. Even the packaging was thoughtfully done. Wish the manual was clearer, but that's minor.",2025-07-28
860473,5999,67895,5,"Five stars, no hesitation. The quality is noticeable the moment you unbox it. Support replied within the hour when I had a question.",2025-02-01
211328,5777,50613,2,Setup was confusing and the docs didn't help. Photos online are nothing like the real thing. Look elsewhere first.,2025-01-27
609888,9309,86670,3,"Somewhere in the middle. Delivery arrived two days early, well packaged. However, The quality feels much cheaper than advertised.",2025-04-27
466655,9292,43515,1,Extremely frustrated. It stopped working properly after a few days. The replacement had the same problem. Reporting this to the marketplace. Never again.,2025-08-18
407776,1509,55155,1,It stopped working properly after a few days. No response to two support emails. Reporting this to the marketplace. Buyer beware.,2025-04-07
109036,6892,51192,5,Honestly blown away. It works exactly as described.,2025-01-13
38030,7128,77632,5,"Five stars, no hesitation. Setup took under five minutes.",2025-02-26
50066,6653,12047,5,This is exactly what I was looking for. Instructions were clear and easy to follow. Highly recommend.,2025-02-09
638329,7265,36592,4,"The build feels premium and sturdy. Slightly slow shipping, though that's not the product's fault. Recommended.",2025-11-17
554692,9676,91804,5,"Five stars, no hesitation. The quality is noticeable the moment you unbox it. Support replied within the hour when I had a question.",2025-01-08
764878,8350,30933,2,Expected better. It's overpriced for what you actually get.,2025-03-08
350466,6664,11096,2,Not impressed. The interface is clunky and slow.,2025-05-04
441442,1709,13260,5,It integrates seamlessly with everything I already use. Highly recommend.,2025-01-10
264350,7122,92622,5,Absolutely loved it! Battery life has been excellent so far.,2025-01-19
584997,1030,92078,4,"Impressed for the price. It works exactly as described. My whole team has switched over since. Wish the manual was clearer, but that's minor.",2025-12-17
673154,1503,19419,5,"Five stars, no hesitation. The price is more than fair for what you get. The little details show real care. 10/10.",2025-04-05
392336,1883,31565,5,"Delivery arrived two days early, well packaged. Already recommended it to friends.",2025-06-06
823953,6444,85312,5,"Honestly blown away. The interface is clean and intuitive. Months in, it still works like day one.",2025-04-06
465568,8900,60950,4,"Really solid overall. It works exactly as described. Months in, it still works like day one. Good value overall.",2025-03-17
518751,3852,46040,5,"Exceeded every expectation. It works exactly as described. Months in, it still works like day one.",2025-06-02
893948,1840,33858,5,This is exactly what I was looking for. Setup took under five minutes. Support replied within the hour when I had a question. 10/10.,2025-11-21
466684,5519,16933,4,"Really solid overall. Delivery arrived two days early, well packaged. Docking one star for the setup process.",2025-08-03
53400,6150,38776,3,"It's okay. Delivery was late and the box arrived damaged. Still, Instructions were clear and easy to follow.",2025-04-06
178656,8842,98688,5,Exceeded every expectation. The quality is noticeable the moment you unbox it.,2025-03-05
287199,6766,45879,5,Absolutely loved it! The price is more than fair for what you get. The little details show real care.,2025-05-18
394357,9518,73526,4,Good experience from start to finish. Customer service was fast and genuinely helpful. A second color option would be nice.,2025-03-02
609407,4435,71983,4,"Very happy with this. Customer service was fast and genuinely helpful. Even the packaging was thoughtfully done. Wish the manual was clearer, but that's minor.",2025-04-24
876702,1883,85477,2,"Below average, sadly. Delivery was late and the box arrived damaged. No response to two support emails. Expected more at this price.",2025-04-27
730257,4303,39512,4,Good experience from start to finish. Instructions were clear and easy to follow. The little details show real care. Recommended.,2025-04-10
573937,4303,21476,5,"I rarely write reviews, but this earned one. The price is more than fair for what you get. The little details show real care.",2025-02-09
938049,5238,48293,5,Exceeded every expectation. Setup took under five minutes. The little details show real care. Will definitely buy again.,2025-01-28
948948,6688,52697,5,"Couldn't be happier. The quality is noticeable the moment you unbox it. Months in, it still works like day one. Highly recommend.",2025-01-26
11668,8454,58213,5,"Five stars, no hesitation. The build feels premium and sturdy. The little details show real care. Will definitely buy again.",2025-03-23
514741,2276,27021,2,Expected better. The interface is clunky and slow.,2025-05-08
239505,6423,39866,1,The interface is clunky and slow. I ended up buying a different brand. Reporting this to the marketplace. Do not recommend.,2025-05-03
278914,7219,70930,2,The quality feels much cheaper than advertised. I ended up buying a different brand. Hard to recommend.,2025-01-16
485065,4831,78225,4,Works great. Performance is smooth even under heavy use. Happy with the purchase.,2025-11-19
391245,2549,71213,5,"This is exactly what I was looking for. Delivery arrived two days early, well packaged.",2025-04-03
745521,8350,59900,4,"Almost perfect. It works exactly as described. My whole team has switched over since. Slightly slow shipping, though that's not the product's fault.",2025-07-16
259744,1539,11415,5,The price is more than fair for what you get. Will definitely buy again.,2025-03-04
838006,2519,61076,5,The quality is noticeable the moment you unbox it. Support replied within the hour when I had a question. Will definitely buy again.,2025-02-27
765557,4218,73046,5,Honestly blown away. Setup took under five minutes. My whole team has switched over since. Already recommended it to friends.,2025-07-25
621534,8614,76358,5,Couldn't be happier. The price is more than fair for what you get. Support replied within the hour when I had a question. 10/10.,2025-02-20
83144,4527,94281,5,"Absolutely loved it! Delivery arrived two days early, well packaged. The little details show real care.",2025-02-20
329814,4094,72979,1,Avoid this. The sizing/specs are way off from the listing. Returning it was its own ordeal. Do not recommend.,2025-04-04
652583,4729,89446,3,"Decent, but not great. Customer service took a week to respond. Still, Performance is smooth even under heavy use. There are probably better options.",2025-02-11
625023,8407,84853,5,Best purchase I've made in a while. Battery life has been excellent so far. Support replied within the hour when I had a question.,2025-04-21
941197,9685,84577,4,Impressed for the price. It works exactly as described. Docking one star for the setup process.,2025-11-24
536606,7632,81803,5,This is exactly what I was looking for. The interface is clean and intuitive. My whole team has switched over since.,2025-03-10
713387,7644,11844,4,"Very happy with this. It integrates seamlessly with everything I already use. Months in, it still works like day one. Recommended.",2025-06-20
106741,5463,46737,4,Impressed for the price. The interface is clean and intuitive. A second color option would be nice.,2025-12-13
435393,9099,24419,3,"It's okay. The interface is clean and intuitive. On the other hand, Several features simply don't work as described.",2025-06-06
401498,9443,21648,1,Customer service took a week to respond. Photos online are nothing like the real thing. Save your money. Buyer beware.,2025-01-22
214473,5311,37079,4,"Very happy with this. It integrates seamlessly with everything I already use. Slightly slow shipping, though that's not the product's fault.",2025-03-07
85573,3589,31804,5,Best purchase I've made in a while. Instructions were clear and easy to follow.,2025-05-17
985835,5415,39160,5,Couldn't be happier. Setup took under five minutes. 10/10.,2025-05-16
510193,9821,80139,5,"Five stars, no hesitation. It integrates seamlessly with everything I already use. Even the packaging was thoughtfully done.",2025-02-11
253096,1588,80498,3,"It works exactly as described. That said, Battery drains far faster than claimed. Your mileage may vary.",2025-02-22
95434,9763,68366,5,Exceeded every expectation. It works exactly as described. Highly recommend.,2025-06-10
355164,6868,31880,4,The price is more than fair for what you get. My whole team has switched over since. Only minor gripe is the packaging. Recommended.,2025-03-08
896632,6651,61243,5,Honestly blown away. It works exactly as described. Even the packaging was thoughtfully done. 10/10.,2025-02-18
149925,4435,58138,5,"Delivery arrived two days early, well packaged. Even the packaging was thoughtfully done. 10/10.",2025-02-10
390535,5200,54747,5,"Five stars, no hesitation. It works exactly as described. Highly recommend.",2025-03-19
284278,5232,26142,5,It works exactly as described. 10/10.,2025-02-11
142525,9077,67281,4,"Good experience from start to finish. Delivery arrived two days early, well packaged. Only minor gripe is the packaging.",2025-02-17
300937,6420,28136,4,Works great. It works exactly as described. Support replied within the hour when I had a question. Happy with the purchase.,2025-03-27
905463,1588,14868,4,Very happy with this. Setup took under five minutes. My whole team has switched over since. Happy with the purchase.,2025-06-16
297628,1858,53407,4,"Good experience from start to finish. Battery life has been excellent so far. Months in, it still works like day one. A second color option would be nice.",2025-03-30
767617,6489,27958,5,"I rarely write reviews, but this earned one. The price is more than fair for what you get. Even the packaging was thoughtfully done. Already recommended it to friends.",2025-05-22
724440,5619,51085,5,Couldn't be happier. Battery life has been excellent so far. Worth every penny.,2025-02-27
573754,8641,86375,5,This is exactly what I was looking for. The quality is noticeable the moment you unbox it.,2025-03-28
245674,6686,91348,1,Complete waste of money. Several features simply don't work as described. Returning it was its own ordeal. I've asked for a refund. Do not recommend.,2025-04-13
635764,8900,82765,4,Works great. Instructions were clear and easy to follow. Support replied within the hour when I had a question. Happy with the purchase.,2025-10-17
153936,2792,40365,5,Best purchase I've made in a while. Performance is smooth even under heavy use. Already recommended it to friends.,2025-01-17
710127,2519,70838,5,Best purchase I've made in a while. Battery life has been excellent so far. The little details show real care. Highly recommend.,2025-06-14
952422,2145,93155,5,Absolutely loved it! The quality is noticeable the moment you unbox it. Even the packaging was thoughtfully done. 10/10.,2025-05-29
761395,7140,69875,5,This is exactly what I was looking for. Instructions were clear and easy to follow. Even the packaging was thoughtfully done.,2025-04-10
627578,9476,25395,5,This is exactly what I was looking for. It works exactly as described. Support replied within the hour when I had a question.,2025-02-17
874247,4613,29588,4,"Almost perfect. Delivery arrived two days early, well packaged. Even the packaging was thoughtfully done. Would buy again.",2025-04-08
784217,6128,80827,3,"Mixed feelings on this one. Instructions were clear and easy to follow. That said, Several features simply don't work as described.",2025-02-01
207434,1102,15074,2,"Below average, sadly. The interface is clunky and slow. The replacement had the same problem.",2025-03-09
893304,1317,67032,2,Expected better. Several features simply don't work as described. Expected more at this price.,2025-11-04
792685,9269,85182,5,"Five stars, no hesitation. The interface is clean and intuitive. Already recommended it to friends.",2025-04-18
922505,5157,87815,4,Does what it promises. The interface is clean and intuitive. A second color option would be nice.,2025-04-25
545853,9676,67895,5,"Delivery arrived two days early, well packaged. The little details show real care. 10/10.",2025-02-19
825185,5345,37099,2,Wouldn't buy again. Setup was confusing and the docs didn't help.,2025-02-09
526297,9077,77037,5,"I rarely write reviews, but this earned one. The build feels premium and sturdy. The little details show real care. Worth every penny.",2025-02-16
102061,2859,19715,5,Honestly blown away. It integrates seamlessly with everything I already use.,2025-03-08
434460,5519,42325,3,"It's okay. The interface is clunky and slow. Still, The quality is noticeable the moment you unbox it. Your mileage may vary.",2025-04-12
385037,2055,95160,4,Almost perfect. It works exactly as described. Would buy again.,2025-01-26
398502,4831,52091,1,One star is generous. The sizing/specs are way off from the listing. Photos online are nothing like the real thing. Reporting this to the marketplace. Do not recommend.,2025-03-28
174634,3572,72813,2,Not impressed. Several features simply don't work as described. I ended up buying a different brand. Expected more at this price.,2025-09-25
254017,8655,68068,3,"Somewhere in the middle. The interface is clean and intuitive. On the other hand, Delivery was late and the box arrived damaged.",2025-05-03
543278,9292,68045,5,Absolutely loved it! The price is more than fair for what you get. 10/10.,2025-02-05
645517,6757,70796,1,Extremely frustrated. Several features simply don't work as described. The replacement had the same problem. Never again.,2025-01-27
877276,2027,77071,5,"Five stars, no hesitation. Delivery arrived two days early, well packaged.",2025-03-01
545874,9476,60518,5,"I rarely write reviews, but this earned one. Delivery arrived two days early, well packaged. Will definitely buy again.",2025-05-24
233386,8704,41403,5,Honestly blown away. The price is more than fair for what you get. The little details show real care.,2025-01-29
99296,5384,49896,5,Honestly blown away. The build feels premium and sturdy. Already recommended it to friends.,2025-03-22
905705,9292,33564,3,"The quality feels much cheaper than advertised. To be fair, The quality is noticeable the moment you unbox it. There are probably better options.",2025-02-07
829390,4729,68366,4,"Does what it promises. The interface is clean and intuitive. Slightly slow shipping, though that's not the product's fault.",2025-06-22
91922,7001,80156,4,Almost perfect. Performance is smooth even under heavy use. Only minor gripe is the packaging.,2025-02-09
253753,5989,53614,4,"Almost perfect. It integrates seamlessly with everything I already use. Even the packaging was thoughtfully done. Slightly slow shipping, though that's not the product's fault.",2025-02-20
364610,9362,23919,4,The quality is noticeable the moment you unbox it. Support replied within the hour when I had a question. Docking one star for the setup process. Happy with the purchase.,2025-01-17
628979,4571,71656,5,"I rarely write reviews, but this earned one. It works exactly as described. Worth every penny.",2025-11-25
306066,4435,32994,5,Absolutely loved it! The build feels premium and sturdy. Even the packaging was thoughtfully done. 10/10.,2025-01-21
693494,8641,95394,5,Best purchase I've made in a while. The quality is noticeable the moment you unbox it.,2025-04-27
138552,2735,81674,5,"Five stars, no hesitation. The quality is noticeable the moment you unbox it.",2025-02-23
936013,8881,57113,5,It works exactly as described. Even the packaging was thoughtfully done. Will definitely buy again.,2025-06-05
306267,5768,77095,4,"Does what it promises. Battery life has been excellent so far. Wish the manual was clearer, but that's minor.",2025-03-23
975426,4925,79601,5,The interface is clean and intuitive. Even the packaging was thoughtfully done. Worth every penny.,2025-10-08
458046,8583,61488,4,Almost perfect. The interface is clean and intuitive. Happy with the purchase.,2025-08-22
780430,8550,37888,5,Best purchase I've made in a while. The interface is clean and intuitive. Even the packaging was thoughtfully done.,2025-08-25
371665,2145,71819,3,"The quality feels much cheaper than advertised. On the plus side, It works exactly as described. Your mileage may vary.",2025-07-26
52586,2365,44536,5,Setup took under five minutes. Worth every penny.,2025-04-03
258571,6958,79078,5,Best purchase I've made in a while. The interface is clean and intuitive.,2025-01-19
819910,5163,61179,3,"It's okay. It's overpriced for what you actually get. Still, Setup took under five minutes.",2025-12-28
231554,3398,42104,5,"I rarely write reviews, but this earned one. Delivery arrived two days early, well packaged.",2025-04-03
391802,8306,66997,5,"Five stars, no hesitation. Battery life has been excellent so far.",2025-03-10
277608,6345,72987,5,This is exactly what I was looking for. Customer service was fast and genuinely helpful. Support replied within the hour when I had a question. Worth every penny.,2025-02-05
341180,3119,73760,5,"I rarely write reviews, but this earned one. Battery life has been excellent so far. Even the packaging was thoughtfully done.",2025-02-09
934434,6188,44989,5,Absolutely loved it! The quality is noticeable the moment you unbox it. Support replied within the hour when I had a question. Worth every penny.,2025-11-19
616688,8356,89442,4,Setup took under five minutes. Support replied within the hour when I had a question. Docking one star for the setup process. Happy with the purchase.,2025-01-17
320674,8454,17067,5,"Five stars, no hesitation. The price is more than fair for what you get. Support replied within the hour when I had a question. Worth every penny.",2025-05-03
190726,7048,78538,5,This is exactly what I was looking for. The interface is clean and intuitive.,2025-04-16
941992,7643,25041,2,Setup was confusing and the docs didn't help. Expected more at this price.,2025-02-08
330041,6577,23839,1,One star is generous. It stopped working properly after a few days. Photos online are nothing like the real thing. Still waiting on a resolution. Buyer beware.,2025-07-15
410767,4734,67945,5,"I rarely write reviews, but this earned one. Setup took under five minutes. Even the packaging was thoughtfully done.",2025-07-31
320615,6512,71019,1,The interface is clunky and slow. Photos online are nothing like the real thing. Reporting this to the marketplace. Do not recommend.,2025-09-24
703517,5982,64609,5,It works exactly as described. Highly recommend.,2025-01-26
717555,2050,51702,5,"Five stars, no hesitation. Performance is smooth even under heavy use. My whole team has switched over since. 10/10.",2025-04-19
482005,7019,44149,3,"Fine for the price, I guess. The build feels premium and sturdy. But The sizing/specs are way off from the listing. Might give it another try.",2025-05-07
69178,4158,27665,4,Impressed for the price. The price is more than fair for what you get. Only minor gripe is the packaging.,2025-05-05
261158,4269,53175,4,Impressed for the price. Battery life has been excellent so far. Support replied within the hour when I had a question. Only minor gripe is the packaging.,2025-03-24
95030,5096,23467,5,Honestly blown away. Setup took under five minutes. Highly recommend.,2025-03-14
843658,1102,65841,5,This is exactly what I was looking for. It works exactly as described. The little details show real care. Highly recommend.,2025-06-16
884610,3565,53407,5,Best purchase I've made in a while. The price is more than fair for what you get.,2025-03-02
959097,9984,91498,3,"Fine for the price, I guess. The interface is clean and intuitive. That said, It's overpriced for what you actually get. Not bad, not great.",2025-02-12
610305,4647,36205,4,Very happy with this. The price is more than fair for what you get. My whole team has switched over since. Recommended.,2025-05-10
889638,9705,25986,4,"Good experience from start to finish. Delivery arrived two days early, well packaged. A second color option would be nice.",2025-03-25
303428,6359,83769,5,Exceeded every expectation. Instructions were clear and easy to follow. The little details show real care.,2025-02-26
39418,5264,76627,5,Setup took under five minutes. Worth every penny.,2025-04-20
846064,8260,73068,5,Best purchase I've made in a while. The quality is noticeable the moment you unbox it.,2025-02-04
615597,3398,32907,4,Very happy with this. Battery life has been excellent so far. My whole team has switched over since. Would buy again.,2025-02-15
388113,6359,11988,5,"Five stars, no hesitation. The interface is clean and intuitive.",2025-01-30
883729,1786,19537,5,Honestly blown away. It integrates seamlessly with everything I already use. 10/10.,2025-03-02
642503,8900,50613,1,Terrible experience. The interface is clunky and slow. The replacement had the same problem. I've asked for a refund. Do not recommend.,2025-01-30
160537,5275,73677,3,"Fine for the price, I guess. It's overpriced for what you actually get. On the plus side, Delivery arrived two days early, well packaged. Your mileage may vary.",2025-01-20
795678,6958,45756,5,"I rarely write reviews, but this earned one. Performance is smooth even under heavy use. The little details show real care.",2025-03-29
824997,9148,43538,5,"Delivery arrived two days early, well packaged. Months in, it still works like day one. Worth every penny.",2025-02-17
587868,8681,89536,2,Battery drains far faster than claimed. The replacement had the same problem. Hard to recommend.,2025-03-27
401097,7570,93999,1,The sizing/specs are way off from the listing. Returning it was its own ordeal. I've asked for a refund. Do not recommend.,2025-07-25
276482,9444,22700,5,"This is exactly what I was looking for. Delivery arrived two days early, well packaged. The little details show real care. Already recommended it to friends.",2025-04-14
905031,5982,92756,5,Best purchase I've made in a while. It integrates seamlessly with everything I already use. Already recommended it to friends.,2025-03-10
358749,6959,57550,1,The sizing/specs are way off from the listing. No response to two support emails. Reporting this to the marketplace. Never again.,2025-07-07
390549,2548,52016,4,"Works great. Delivery arrived two days early, well packaged. Support replied within the hour when I had a question. Good value overall.",2025-02-01
619848,2519,98137,5,This is exactly what I was looking for. The quality is noticeable the moment you unbox it. My whole team has switched over since. Will definitely buy again.,2025-04-06
990960,3225,94213,5,Absolutely loved it! Setup took under five minutes. Support replied within the hour when I had a question. Will definitely buy again.,2025-06-23
699424,2358,21395,2,Expected better. The quality feels much cheaper than advertised. The replacement had the same problem.,2025-03-29
726841,9140,97444,4,Really solid overall. The price is more than fair for what you get. The little details show real care. Recommended.,2025-02-11
475875,4852,27135,1,One star is generous. It's overpriced for what you actually get. No response to two support emails. Buyer beware.,2025-04-04
228915,1883,50613,3,"Somewhere in the middle. Instructions were clear and easy to follow. But The sizing/specs are way off from the listing. Not bad, not great.",2025-02-15
404829,6249,10430,5,"I rarely write reviews, but this earned one. The interface is clean and intuitive.",2025-03-09
57887,1512,57640,5,This is exactly what I was looking for. The quality is noticeable the moment you unbox it.,2025-05-15
502174,8236,71979,5,"I rarely write reviews, but this earned one. Customer service was fast and genuinely helpful. Months in, it still works like day one. Will definitely buy again.",2025-02-21
997305,7140,75019,5,"Delivery arrived two days early, well packaged. The little details show real care. 10/10.",2025-02-28
453155,9443,73913,5,"Honestly blown away. Battery life has been excellent so far. Months in, it still works like day one. Already recommended it to friends.",2025-01-20
438422,4729,17589,5,Couldn't be happier. Customer service was fast and genuinely helpful.,2025-04-17
423311,7985,74721,5,"Five stars, no hesitation. It works exactly as described. Already recommended it to friends.",2025-09-27
954691,4527,52499,5,Best purchase I've made in a while. Instructions were clear and easy to follow. Support replied within the hour when I had a question.,2025-09-10
205625,7643,35076,5,Couldn't be happier. The build feels premium and sturdy. Even the packaging was thoughtfully done. Will definitely buy again.,2025-03-04
727061,6438,84853,4,It integrates seamlessly with everything I already use. A second color option would be nice. Recommended.,2025-03-28
852655,7219,66465,5,"Five stars, no hesitation. The quality is noticeable the moment you unbox it. Already recommended it to friends.",2025-05-06
577254,4053,74354,2,Several features simply don't work as described. I ended up buying a different brand. Hard to recommend.,2025-02-16
531221,5415,10430,4,Does what it promises. Battery life has been excellent so far. Only minor gripe is the packaging.,2025-03-07
37080,1118,19568,5,"I rarely write reviews, but this earned one. Setup took under five minutes. My whole team has switched over since. Already recommended it to friends.",2025-03-05
915432,2697,20860,5,"Absolutely loved it! Battery life has been excellent so far. Months in, it still works like day one.",2025-05-04
590582,7838,73819,4,Almost perfect. The price is more than fair for what you get. Support replied within the hour when I had a question. Would buy again.,2025-01-23
967251,9685,60349,5,It works exactly as described. My whole team has switched over since. Highly recommend.,2025-03-28
531966,9055,19436,5,This is exactly what I was looking for. Setup took under five minutes.,2025-01-21
686656,2468,15074,5,"Exceeded every expectation. Delivery arrived two days early, well packaged. The little details show real care.",2025-02-18
941512,4435,59144,5,Best purchase I've made in a while. It integrates seamlessly with everything I already use. Already recommended it to friends.,2025-05-28
609384,9984,10536,4,Setup took under five minutes. Even the packaging was thoughtfully done. A second color option would be nice. Recommended.,2025-02-07
671585,8356,40143,5,Best purchase I've made in a while. Battery life has been excellent so far. My whole team has switched over since. Worth every penny.,2025-03-02
712118,8985,31804,4,Performance is smooth even under heavy use. Only minor gripe is the packaging. Good value overall.,2025-04-24
645072,3398,38869,5,"Best purchase I've made in a while. Customer service was fast and genuinely helpful. Months in, it still works like day one.",2025-05-24
610889,5973,97324,5,"I rarely write reviews, but this earned one. The quality is noticeable the moment you unbox it. Support replied within the hour when I had a question. Already recommended it to friends.",2025-02-07
904640,1118,98822,5,"I rarely write reviews, but this earned one. Customer service was fast and genuinely helpful. Highly recommend.",2025-01-20
574629,9133,61954,4,"Almost perfect. Battery life has been excellent so far. Even the packaging was thoughtfully done. Wish the manual was clearer, but that's minor.",2025-03-04
848896,5209,91990,4,Works great. The price is more than fair for what you get. Support replied within the hour when I had a question. Would buy again.,2025-05-28
963302,2621,52944,5,Exceeded every expectation. Instructions were clear and easy to follow.,2025-03-31
281462,7509,35585,5,Best purchase I've made in a while. The quality is noticeable the moment you unbox it. The little details show real care. Highly recommend.,2025-09-20
278581,1588,46918,5,Best purchase I've made in a while. The quality is noticeable the moment you unbox it.,2025-04-04
84373,8356,72078,4,"Battery life has been excellent so far. Months in, it still works like day one. A second color option would be nice. Good value overall.",2025-04-06
781417,5239,11988,3,"Somewhere in the middle. The interface is clean and intuitive. That said, It's overpriced for what you actually get. There are probably better options.",2025-01-18
848510,1270,30259,4,Very happy with this. Customer service was fast and genuinely helpful. My whole team has switched over since. Would buy again.,2025-03-21
1197,8756,29404,1,Terrible experience. Delivery was late and the box arrived damaged. Returning it was its own ordeal. Buyer beware.,2025-03-19
88513,1234,80493,5,"Absolutely loved it! Delivery arrived two days early, well packaged. Support replied within the hour when I had a question. Already recommended it to friends.",2025-08-27
812014,2981,65737,5,Best purchase I've made in a while. Customer service was fast and genuinely helpful.,2025-11-22
933116,3814,63456,5,The quality is noticeable the moment you unbox it. The little details show real care. Highly recommend.,2025-02-18
750687,4734,74423,4,Very happy with this. Battery life has been excellent so far. My whole team has switched over since. Only minor gripe is the packaging.,2025-01-29
91916,7019,76188,1,Extremely frustrated. Setup was confusing and the docs didn't help. No response to two support emails. Reporting this to the marketplace. Buyer beware.,2025-03-07
169585,1896,25753,5,"I rarely write reviews, but this earned one. Battery life has been excellent so far. My whole team has switched over since.",2025-03-20
70893,6653,51931,2,Disappointing. Several features simply don't work as described.,2025-05-03
954066,6489,56395,4,"Very happy with this. The interface is clean and intuitive. Wish the manual was clearer, but that's minor.",2025-03-27
700453,2050,57925,5,"Five stars, no hesitation. The quality is noticeable the moment you unbox it. Even the packaging was thoughtfully done. Highly recommend.",2025-07-16
976171,7622,41231,5,"Absolutely loved it! Delivery arrived two days early, well packaged. My whole team has switched over since. Already recommended it to friends.",2025-01-22
468453,4729,36503,5,Exceeded every expectation. The interface is clean and intuitive.,2025-03-02
371486,4234,57107,4,Instructions were clear and easy to follow. Even the packaging was thoughtfully done. Docking one star for the setup process. Would buy again.,2025-02-26
939971,8060,53430,5,Performance is smooth even under heavy use. Support replied within the hour when I had a question. Highly recommend.,2025-02-10
767491,2468,59069,4,Very happy with this. It works exactly as described. Even the packaging was thoughtfully done. Recommended.,2025-09-19
193379,5718,47341,5,Couldn't be happier. Battery life has been excellent so far. My whole team has switched over since.,2025-02-01
278187,6434,91399,4,It integrates seamlessly with everything I already use. Support replied within the hour when I had a question. Docking one star for the setup process. Good value overall.,2025-01-28
293835,5995,24623,5,"Honestly blown away. Delivery arrived two days early, well packaged. My whole team has switched over since.",2025-01-30
633463,8029,48511,5,Absolutely loved it! Setup took under five minutes. Even the packaging was thoughtfully done. Worth every penny.,2025-03-07
225714,7122,89852,2,The quality feels much cheaper than advertised. No response to two support emails. Expected more at this price.,2025-02-20
950162,2651,58362,5,Absolutely loved it! The interface is clean and intuitive. Even the packaging was thoughtfully done. Worth every penny.,2025-05-13
450606,2394,97546,5,"Five stars, no hesitation. Performance is smooth even under heavy use. Already recommended it to friends.",2025-02-03
554948,8702,31735,5,Instructions were clear and easy to follow. Even the packaging was thoughtfully done. Will definitely buy again.,2025-04-12
553187,8845,73419,5,The quality is noticeable the moment you unbox it. Worth every penny.,2025-07-13
217764,1939,46662,5,This is exactly what I was looking for. The price is more than fair for what you get. My whole team has switched over since. Will definitely buy again.,2025-02-08
453958,2859,58138,5,"This is exactly what I was looking for. Delivery arrived two days early, well packaged. The little details show real care. Already recommended it to friends.",2025-02-04
96241,1102,93708,5,Exceeded every expectation. Battery life has been excellent so far. Worth every penny.,2025-08-13
275235,1317,75923,5,Absolutely loved it! The interface is clean and intuitive. Already recommended it to friends.,2025-02-22
665439,8540,18361,5,The build feels premium and sturdy. Will definitely buy again.,2025-02-18
82333,1234,76627,5,"Honestly blown away. Delivery arrived two days early, well packaged. Months in, it still works like day one. 10/10.",2025-03-23
469279,7140,10678,5,"Best purchase I've made in a while. Delivery arrived two days early, well packaged. Months in, it still works like day one. Highly recommend.",2025-06-29
659061,6150,80190,5,Couldn't be happier. Performance is smooth even under heavy use.,2025-03-03
603175,5999,78194,5,Absolutely loved it! Battery life has been excellent so far. The little details show real care. 10/10.,2025-03-27
207098,3403,21113,4,Does what it promises. Setup took under five minutes. Even the packaging was thoughtfully done. Good value overall.,2025-03-04
239642,1588,51192,4,Works great. The interface is clean and intuitive. Only minor gripe is the packaging.,2025-01-13
318836,2308,68045,3,"Fine for the price, I guess. It stopped working properly after a few days. To be fair, Delivery arrived two days early, well packaged.",2025-02-25
598419,3852,13504,5,It integrates seamlessly with everything I already use. Even the packaging was thoughtfully done. Already recommended it to friends.,2025-02-03
956162,4925,29619,4,"Good experience from start to finish. The interface is clean and intuitive. Months in, it still works like day one. Slightly slow shipping, though that's not the product's fault.",2025-03-28
89253,3953,73810,5,Absolutely loved it! Performance is smooth even under heavy use. The little details show real care. 10/10.,2025-07-06
405729,5619,25395,5,Couldn't be happier. The interface is clean and intuitive. Even the packaging was thoughtfully done. Will definitely buy again.,2025-02-27
24481,9676,61179,5,"Five stars, no hesitation. It works exactly as described. Months in, it still works like day one.",2025-12-12
328616,4269,91464,4,"The interface is clean and intuitive. Even the packaging was thoughtfully done. Wish the manual was clearer, but that's minor. Happy with the purchase.",2025-02-02
347503,8655,89358,3,"It integrates seamlessly with everything I already use. However, Customer service took a week to respond. Not bad, not great.",2025-05-15
978783,8881,66246,5,Instructions were clear and easy to follow. Highly recommend.,2025-03-19
536189,6766,25037,5,Customer service was fast and genuinely helpful. Will definitely buy again.,2025-09-13
165232,5768,42278,5,Best purchase I've made in a while. Battery life has been excellent so far. My whole team has switched over since.,2025-02-22
794040,1102,81529,5,Couldn't be happier. Instructions were clear and easy to follow. Support replied within the hour when I had a question.,2025-06-26
481559,1503,13553,5,It integrates seamlessly with everything I already use. Will definitely buy again.,2025-03-02
942207,6892,52363,4,Very happy with this. The price is more than fair for what you get. Even the packaging was thoughtfully done. Recommended.,2025-06-23
149566,5264,23030,5,Honestly blown away. Performance is smooth even under heavy use. Support replied within the hour when I had a question.,2025-02-15
715570,9309,77838,4,Good experience from start to finish. The interface is clean and intuitive. Support replied within the hour when I had a question. Recommended.,2025-03-28
683192,5183,65468,1,Terrible experience. The interface is clunky and slow. The replacement had the same problem. Buyer beware.,2025-05-05
909753,5354,43013,4,"Good experience from start to finish. The price is more than fair for what you get. My whole team has switched over since. Slightly slow shipping, though that's not the product's fault.",2025-03-29
436711,9572,67201,5,Exceeded every expectation. Instructions were clear and easy to follow. Even the packaging was thoughtfully done. Worth every penny.,2025-05-11
11802,1004,62179,4,"Impressed for the price. Battery life has been excellent so far. Wish the manual was clearer, but that's minor.",2025-02-10
786973,5415,31419,5,Best purchase I've made in a while. Instructions were clear and easy to follow. Even the packaging was thoughtfully done. Already recommended it to friends.,2025-01-17
477374,3081,74291,4,"Really solid overall. The interface is clean and intuitive. Months in, it still works like day one. Wish the manual was clearer, but that's minor.",2025-04-19
773896,9133,59663,5,"Five stars, no hesitation. Customer service was fast and genuinely helpful. The little details show real care. Highly recommend.",2025-03-24
618482,4053,53321,3,"Decent, but not great. The sizing/specs are way off from the listing. Still, The price is more than fair for what you get. There are probably better options.",2025-03-07
54610,9444,77119,5,"Five stars, no hesitation. It integrates seamlessly with everything I already use. Even the packaging was thoughtfully done. Worth every penny.",2025-05-17
323674,9004,77507,2,Disappointing. Several features simply don't work as described. No response to two support emails. Expected more at this price.,2025-05-22
908761,8900,51585,5,The quality is noticeable the moment you unbox it. The little details show real care. Highly recommend.,2025-10-26
692212,4303,52702,5,Best purchase I've made in a while. The build feels premium and sturdy. Even the packaging was thoughtfully done. Worth every penny.,2025-03-03
385348,5995,48688,3,"Decent, but not great. Setup took under five minutes. But The interface is clunky and slow. Might give it another try.",2025-07-09
30562,8029,96086,5,Honestly blown away. The quality is noticeable the moment you unbox it. The little details show real care.,2025-03-25
874041,9424,27064,5,Honestly blown away. The price is more than fair for what you get. Already recommended it to friends.,2025-03-26
439921,7693,21104,5,The quality is noticeable the moment you unbox it. Support replied within the hour when I had a question. Worth every penny.,2025-03-29
648604,6512,60968,1,One star is generous. The quality feels much cheaper than advertised. Returning it was its own ordeal. Save your money. Never again.,2025-02-15
782485,7034,72603,5,"This is exactly what I was looking for. The interface is clean and intuitive. Months in, it still works like day one.",2025-04-17
99076,1539,74354,3,Somewhere in the middle. Instructions were clear and easy to follow. But Customer service took a week to respond.,2025-02-26
194840,6087,83866,4,Works great. The build feels premium and sturdy. Docking one star for the setup process.,2025-09-27
15130,1847,40631,3,It's okay. Setup took under five minutes. But Battery drains far faster than claimed. Might give it another try.,2025-05-24
383332,3119,69077,3,"Decent, but not great. Customer service took a week to respond. Still, The price is more than fair for what you get.",2025-04-17
720385,5264,18916,5,"Best purchase I've made in a while. The interface is clean and intuitive. Months in, it still works like day one.",2025-05-29
441494,2433,50736,5,Battery life has been excellent so far. Support replied within the hour when I had a question. Highly recommend.,2025-01-19
709467,1234,34044,2,The sizing/specs are way off from the listing. No response to two support emails. Expected more at this price.,2025-03-29
894390,7019,37644,3,"Somewhere in the middle. Setup was confusing and the docs didn't help. To be fair, The build feels premium and sturdy. Not bad, not great.",2025-05-26
444231,7632,89446,5,Absolutely loved it! Performance is smooth even under heavy use. My whole team has switched over since. 10/10.,2025-03-22
988329,6653,48020,5,This is exactly what I was looking for. Customer service was fast and genuinely helpful. 10/10.,2025-12-15
607832,7019,55447,5,Best purchase I've made in a while. The build feels premium and sturdy.,2025-12-17
550181,5238,21648,4,Does what it promises. Performance is smooth even under heavy use. Even the packaging was thoughtfully done. Would buy again.,2025-01-24
321392,6766,39640,5,"I rarely write reviews, but this earned one. The build feels premium and sturdy.",2025-03-08
185653,1102,29578,4,Very happy with this. It works exactly as described. Support replied within the hour when I had a question. Recommended.,2025-05-14
801111,5982,31021,3,"Decent, but not great. The sizing/specs are way off from the listing. Still, Setup took under five minutes. Might give it another try.",2025-10-15
749795,8702,97643,5,Couldn't be happier. The quality is noticeable the moment you unbox it. Worth every penny.,2025-03-03
621905,8509,45438,3,"It's okay. Delivery arrived two days early, well packaged. However, Battery drains far faster than claimed. Your mileage may vary.",2025-12-27
855212,7140,87707,5,"Five stars, no hesitation. Performance is smooth even under heavy use. My whole team has switched over since.",2025-07-05
817988,1115,69582,5,Customer service was fast and genuinely helpful. Even the packaging was thoughtfully done. Already recommended it to friends.,2025-02-12
552640,9004,88593,5,Couldn't be happier. The build feels premium and sturdy.,2025-03-01
870854,7567,16178,1,Terrible experience. It's overpriced for what you actually get. The replacement had the same problem. I've asked for a refund. Never again.,2025-02-05
980018,7071,83697,3,"Delivery was late and the box arrived damaged. Still, Instructions were clear and easy to follow. Your mileage may vary.",2025-02-10
445889,4234,42278,4,Works great. The interface is clean and intuitive. Recommended.,2025-02-06
316506,7570,11952,4,Good experience from start to finish. Battery life has been excellent so far. My whole team has switched over since. Docking one star for the setup process.,2025-02-08
180722,8583,88985,5,Honestly blown away. Performance is smooth even under heavy use. The little details show real care. Already recommended it to friends.,2025-01-29
433949,8509,24623,5,Absolutely loved it! It integrates seamlessly with everything I already use. The little details show real care.,2025-02-02
943874,1847,37063,1,Setup was confusing and the docs didn't help. The replacement had the same problem. Reporting this to the marketplace. Buyer beware.,2025-03-10
783919,3053,80948,5,Absolutely loved it! Performance is smooth even under heavy use.,2025-05-02
786098,4002,98359,4,Good experience from start to finish. It integrates seamlessly with everything I already use. Only minor gripe is the packaging.,2025-02-02
946057,2735,52420,3,"Somewhere in the middle. Delivery arrived two days early, well packaged. However, Delivery was late and the box arrived damaged. Not bad, not great.",2025-03-14
961070,8306,50277,5,"This is exactly what I was looking for. It integrates seamlessly with everything I already use. Months in, it still works like day one.",2025-03-09
689812,1896,63297,5,This is exactly what I was looking for. Performance is smooth even under heavy use. Support replied within the hour when I had a question.,2025-02-17
655784,1512,52882,5,Honestly blown away. Battery life has been excellent so far. Support replied within the hour when I had a question.,2025-05-15
620547,1358,76107,4,Good experience from start to finish. It works exactly as described. The little details show real care. Good value overall.,2025-08-25
206524,8405,34927,5,Honestly blown away. Setup took under five minutes. The little details show real care. Worth every penny.,2025-02-21
196706,6188,46066,5,Customer service was fast and genuinely helpful. Already recommended it to friends.,2025-02-23
702683,2296,91745,1,Terrible experience. Battery drains far faster than claimed. No response to two support emails. Do not recommend.,2025-06-17
213309,6688,11368,5,"I rarely write reviews, but this earned one. It works exactly as described. My whole team has switched over since.",2025-06-01
136437,6723,47512,1,Terrible experience. Delivery was late and the box arrived damaged. No response to two support emails. Do not recommend.,2025-05-22
196530,8614,99127,5,Best purchase I've made in a while. The build feels premium and sturdy.,2025-01-22
235811,5777,87990,1,The interface is clunky and slow. Returning it was its own ordeal. Still waiting on a resolution. Never again.,2025-08-01
483836,4234,38933,5,The interface is clean and intuitive. Already recommended it to friends.,2025-04-26
469695,7643,25460,5,Absolutely loved it! Instructions were clear and easy to follow. Worth every penny.,2025-04-25
489864,1358,51205,5,"I rarely write reviews, but this earned one. Setup took under five minutes. My whole team has switched over since.",2025-06-28
279357,3795,27958,1,Avoid this. The sizing/specs are way off from the listing. The replacement had the same problem. Still waiting on a resolution. Buyer beware.,2025-06-04
587012,3338,42946,5,The price is more than fair for what you get. Worth every penny.,2025-10-08
343795,2621,86844,5,"Exceeded every expectation. Setup took under five minutes. Months in, it still works like day one. Will definitely buy again.",2025-04-11
857451,1270,82546,4,Almost perfect. Instructions were clear and easy to follow. My whole team has switched over since. A second color option would be nice.,2025-10-23
357999,1539,49845,5,Couldn't be happier. The price is more than fair for what you get.,2025-05-02
892201,2308,86782,4,It works exactly as described. Docking one star for the setup process. Good value overall.,2025-03-13
113610,8561,83404,2,Disappointing. Setup was confusing and the docs didn't help. The replacement had the same problem.,2025-02-20
78737,2433,40314,5,Absolutely loved it! The price is more than fair for what you get. Highly recommend.,2025-04-23
299850,7985,30114,4,Impressed for the price. It works exactly as described. Docking one star for the setup process.,2025-03-16
31607,1847,58673,4,Really solid overall. It integrates seamlessly with everything I already use. Support replied within the hour when I had a question. Would buy again.,2025-04-27
345659,2981,94833,5,This is exactly what I was looking for. Customer service was fast and genuinely helpful. My whole team has switched over since. Will definitely buy again.,2025-05-06
378350,6188,85558,4,Performance is smooth even under heavy use. Docking one star for the setup process. Recommended.,2025-04-21
556660,9292,79641,5,Couldn't be happier. The interface is clean and intuitive. The little details show real care. Highly recommend.,2025-03-05
83154,9133,58432,4,Very happy with this. The build feels premium and sturdy. Only minor gripe is the packaging.,2025-03-05
511793,9444,30343,5,"Exceeded every expectation. It works exactly as described. Months in, it still works like day one.",2025-02-25
555775,3814,22120,5,"Five stars, no hesitation. It works exactly as described. My whole team has switched over since.",2025-06-14
931307,4234,30372,5,Battery life has been excellent so far. Support replied within the hour when I had a question. Will definitely buy again.,2025-04-21
135625,8540,72987,1,It stopped working properly after a few days. Photos online are nothing like the real thing. I've asked for a refund. Never again.,2025-02-15
133061,8756,71431,5,Absolutely loved it! The build feels premium and sturdy. The little details show real care. Will definitely buy again.,2025-02-23
930442,7567,97324,5,Exceeded every expectation. It integrates seamlessly with everything I already use. The little details show real care.,2025-02-06
492025,1858,72862,5,Exceeded every expectation. It integrates seamlessly with everything I already use. Support replied within the hour when I had a question.,2025-01-16
252972,5384,25107,4,The price is more than fair for what you get. Support replied within the hour when I had a question. Docking one star for the setup process. Happy with the purchase.,2025-05-25
33565,2055,40672,4,Good experience from start to finish. Performance is smooth even under heavy use. Would buy again.,2025-12-02
604516,9963,34890,5,Absolutely loved it! Setup took under five minutes. Highly recommend.,2025-07-26
723403,8509,74501,5,Setup took under five minutes. The little details show real care. 10/10.,2025-01-10
930258,6723,86189,5,"Absolutely loved it! It integrates seamlessly with everything I already use. Months in, it still works like day one. Highly recommend.",2025-01-27
612076,2651,96206,5,Best purchase I've made in a while. Setup took under five minutes. My whole team has switched over since. 10/10.,2025-01-30
625143,6188,85478,5,Honestly blown away. Customer service was fast and genuinely helpful.,2025-05-15
575589,9292,48612,5,Best purchase I've made in a while. Battery life has been excellent so far. My whole team has switched over since. Highly recommend.,2025-05-23
811878,1317,55700,3,"Fine for the price, I guess. The interface is clean and intuitive. On the other hand, Several features simply don't work as described.",2025-05-03
761777,5703,17819,5,"I rarely write reviews, but this earned one. The interface is clean and intuitive. My whole team has switched over since. Highly recommend.",2025-03-21
57377,8964,89657,5,Couldn't be happier. The quality is noticeable the moment you unbox it. Already recommended it to friends.,2025-06-24
303742,9055,32292,4,Does what it promises. It works exactly as described. Even the packaging was thoughtfully done. Happy with the purchase.,2025-04-13
10383,2054,73958,5,"I rarely write reviews, but this earned one. It integrates seamlessly with everything I already use.",2025-01-11
899668,8407,13801,4,Very happy with this. Customer service was fast and genuinely helpful. Recommended.,2025-02-06
986996,6153,54726,1,Terrible experience. Setup was confusing and the docs didn't help. I ended up buying a different brand. Save your money. Never again.,2025-01-30
147401,4571,51192,5,"Five stars, no hesitation. The build feels premium and sturdy. Even the packaging was thoughtfully done.",2025-01-26
192414,3531,94844,2,Battery drains far faster than claimed. Look elsewhere first.,2025-04-01
745764,9077,36371,5,"I rarely write reviews, but this earned one. Instructions were clear and easy to follow. Months in, it still works like day one.",2025-11-03
209793,7643,57107,4,Really solid overall. It works exactly as described. Docking one star for the setup process.,2025-03-09
849815,3642,67895,5,"I rarely write reviews, but this earned one. The price is more than fair for what you get. Already recommended it to friends.",2025-02-24
929677,9402,55023,5,Exceeded every expectation. The interface is clean and intuitive. The little details show real care. Highly recommend.,2025-11-19
181236,4613,21547,5,"I rarely write reviews, but this earned one. The build feels premium and sturdy.",2025-01-20
350875,1358,50847,4,"Delivery arrived two days early, well packaged. Months in, it still works like day one. Docking one star for the setup process. Would buy again.",2025-07-11
413209,2735,95026,2,Disappointing. The sizing/specs are way off from the listing.,2025-05-20
109370,8432,44068,5,Absolutely loved it! It works exactly as described. Even the packaging was thoughtfully done.,2025-04-13
777373,6153,40673,1,Avoid this. The quality feels much cheaper than advertised. No response to two support emails. Save your money. Never again.,2025-06-24
540672,4574,62324,5,Performance is smooth even under heavy use. Worth every penny.,2025-03-12
617658,5163,48566,5,"I rarely write reviews, but this earned one. Setup took under five minutes. Highly recommend.",2025-02-28
615119,1939,77606,5,Couldn't be happier. Performance is smooth even under heavy use. The little details show real care. Will definitely buy again.,2025-02-12
902308,7570,84182,1,Complete waste of money. Customer service took a week to respond. No response to two support emails. Reporting this to the marketplace. Never again.,2025-03-26
228421,9285,17018,3,It's okay. Customer service was fast and genuinely helpful. But It stopped working properly after a few days. Might give it another try.,2025-08-24
669872,2859,94292,5,This is exactly what I was looking for. The interface is clean and intuitive.,2025-03-02
508526,4443,57918,2,Expected better. Setup was confusing and the docs didn't help. Expected more at this price.,2025-02-28
873744,9402,45874,5,"I rarely write reviews, but this earned one. The price is more than fair for what you get. 10/10.",2025-01-17
739998,3081,99383,2,Several features simply don't work as described. Expected more at this price.,2025-05-09
906459,1319,11988,4,Works great. It integrates seamlessly with everything I already use. Even the packaging was thoughtfully done. Happy with the purchase.,2025-01-27
837735,4094,90777,3,"Mixed feelings on this one. Setup took under five minutes. That said, Setup was confusing and the docs didn't help. Might give it another try.",2025-02-22
200624,6048,80827,5,"I rarely write reviews, but this earned one. The price is more than fair for what you get.",2025-01-21
637527,5345,82340,1,Extremely frustrated. Customer service took a week to respond. Returning it was its own ordeal. Still waiting on a resolution. Never again.,2025-03-01
90035,8583,40631,1,It stopped working properly after a few days. Photos online are nothing like the real thing. Still waiting on a resolution. Do not recommend.,2025-06-11
317250,7219,36875,5,"Honestly blown away. It works exactly as described. Months in, it still works like day one.",2025-04-11
929342,6259,94999,3,"Mixed feelings on this one. It works exactly as described. That said, Battery drains far faster than claimed.",2025-05-09
175217,5414,57550,4,Good experience from start to finish. Customer service was fast and genuinely helpful. Even the packaging was thoughtfully done. Would buy again.,2025-07-01
773775,3561,16519,5,"I rarely write reviews, but this earned one. Performance is smooth even under heavy use. Even the packaging was thoughtfully done.",2025-04-06
296199,9285,52038,5,Absolutely loved it! Performance is smooth even under heavy use. The little details show real care. Highly recommend.,2025-04-02
715197,4734,27560,4,"It works exactly as described. Months in, it still works like day one. Wish the manual was clearer, but that's minor. Would buy again.",2025-01-27
249662,4925,24422,5,Best purchase I've made in a while. The quality is noticeable the moment you unbox it. Even the packaging was thoughtfully done.,2025-04-03
947058,6688,81395,5,Exceeded every expectation. Customer service was fast and genuinely helpful. The little details show real care.,2025-03-29
376702,6249,17596,5,Couldn't be happier. The interface is clean and intuitive. Already recommended it to friends.,2025-03-01
178373,4890,54747,5,Exceeded every expectation. Performance is smooth even under heavy use. The little details show real care. Worth every penny.,2025-02-12
884277,5703,33318,5,"It integrates seamlessly with everything I already use. Months in, it still works like day one. Already recommended it to friends.",2025-02-02
311949,1716,31419,5,It integrates seamlessly with everything I already use. Support replied within the hour when I had a question. Worth every penny.,2025-01-16
380400,8641,73958,5,"Absolutely loved it! Delivery arrived two days early, well packaged. Even the packaging was thoughtfully done. Already recommended it to friends.",2025-02-15
516959,6032,71027,5,Honestly blown away. The build feels premium and sturdy.,2025-03-16
947465,7350,59382,5,"I rarely write reviews, but this earned one. The quality is noticeable the moment you unbox it. Even the packaging was thoughtfully done.",2025-05-14
285456,5768,71019,1,Complete waste of money. It's overpriced for what you actually get. No response to two support emails. Never again.,2025-09-15
789629,7001,57113,5,"I rarely write reviews, but this earned one. Battery life has been excellent so far. My whole team has switched over since. Highly recommend.",2025-05-18
103944,5238,86658,2,Delivery was late and the box arrived damaged. Expected more at this price.,2025-11-21
839445,9444,16073,4,"Almost perfect. Instructions were clear and easy to follow. Support replied within the hour when I had a question. Wish the manual was clearer, but that's minor.",2025-06-22
840740,5346,79046,4,Impressed for the price. Customer service was fast and genuinely helpful. Only minor gripe is the packaging.,2025-09-04
565767,7140,87023,5,It works exactly as described. The little details show real care. Already recommended it to friends.,2025-02-26
720668,5982,81964,5,Best purchase I've made in a while. The price is more than fair for what you get. Support replied within the hour when I had a question.,2025-11-18
577249,9133,88432,5,"Couldn't be happier. Customer service was fast and genuinely helpful. Months in, it still works like day one.",2025-04-22
926146,8964,55826,5,"Five stars, no hesitation. Instructions were clear and easy to follow.",2025-07-02
531663,9402,34869,5,"Best purchase I've made in a while. Delivery arrived two days early, well packaged. The little details show real care.",2025-06-21
526549,8704,65295,5,This is exactly what I was looking for. The price is more than fair for what you get. Already recommended it to friends.,2025-10-29
383920,6442,93687,5,Couldn't be happier. The quality is noticeable the moment you unbox it. Even the packaging was thoughtfully done.,2025-03-24
345567,9443,18019,5,The build feels premium and sturdy. Highly recommend.,2025-06-14
512496,4443,41172,4,"Really solid overall. Delivery arrived two days early, well packaged. Slightly slow shipping, though that's not the product's fault.",2025-02-10
741214,6434,71587,4,"Works great. It integrates seamlessly with everything I already use. Months in, it still works like day one. Recommended.",2025-02-17
164168,7567,47191,3,"The interface is clean and intuitive. But The sizing/specs are way off from the listing. Not bad, not great.",2025-02-05
837263,7394,62931,4,"Works great. The interface is clean and intuitive. My whole team has switched over since. Slightly slow shipping, though that's not the product's fault.",2025-09-17
833040,8881,24019,5,"It works exactly as described. Months in, it still works like day one. Will definitely buy again.",2025-03-26
287921,6718,44815,1,Terrible experience. The interface is clunky and slow. Returning it was its own ordeal. Buyer beware.,2025-04-07
437268,6048,96993,5,"Setup took under five minutes. Months in, it still works like day one. Worth every penny.",2025-04-10
278518,5346,29964,3,"Decent, but not great. The interface is clunky and slow. Still, Performance is smooth even under heavy use.",2025-01-29
45744,3565,15850,5,Battery life has been excellent so far. Worth every penny.,2025-07-16
790408,6345,97044,3,Performance is smooth even under heavy use. But It stopped working properly after a few days. Might give it another try.,2025-01-12
814857,8205,97051,5,"I rarely write reviews, but this earned one. The build feels premium and sturdy. Support replied within the hour when I had a question. Highly recommend.",2025-08-09
723750,6249,15473,3,"It's okay. Delivery was late and the box arrived damaged. To be fair, The quality is noticeable the moment you unbox it.",2025-04-15
965315,7001,51627,3,"It's okay. Battery drains far faster than claimed. On the plus side, It works exactly as described.",2025-03-26
65079,5703,94950,5,Couldn't be happier. Battery life has been excellent so far. Highly recommend.,2025-02-24
806296,4527,54347,4,Does what it promises. The interface is clean and intuitive. Docking one star for the setup process.,2025-04-11
602920,2226,15702,1,Terrible experience. Delivery was late and the box arrived damaged. Returning it was its own ordeal. Buyer beware.,2025-02-16
703761,4961,95801,4,"Does what it promises. Delivery arrived two days early, well packaged. Would buy again.",2025-02-03
257728,1358,78099,5,Best purchase I've made in a while. The build feels premium and sturdy. My whole team has switched over since.,2025-06-02
744843,6214,43103,5,"Exceeded every expectation. It works exactly as described. Months in, it still works like day one. 10/10.",2025-01-19
461407,9004,10362,5,Exceeded every expectation. Customer service was fast and genuinely helpful.,2025-03-01
805173,9676,71107,1,The interface is clunky and slow. Returning it was its own ordeal. Save your money. Buyer beware.,2025-02-17
198548,5703,23297,3,"Decent, but not great. It integrates seamlessly with everything I already use. But Customer service took a week to respond.",2025-04-13
672549,7838,77858,1,Avoid this. The sizing/specs are way off from the listing. The replacement had the same problem. Save your money. Do not recommend.,2025-11-16
965997,3650,27446,4,"Very happy with this. Setup took under five minutes. Slightly slow shipping, though that's not the product's fault.",2025-04-19
798912,8407,85347,2,Expected better. Customer service took a week to respond. I ended up buying a different brand. Expected more at this price.,2025-05-28
483333,2519,52297,5,"Exceeded every expectation. Delivery arrived two days early, well packaged.",2025-03-26
464899,1440,73777,5,"Five stars, no hesitation. Delivery arrived two days early, well packaged. Will definitely buy again.",2025-02-17
873993,1118,26788,4,It works exactly as described. Docking one star for the setup process. Would buy again.,2025-03-05
714283,7643,74393,5,"Five stars, no hesitation. The build feels premium and sturdy. Already recommended it to friends.",2025-07-02
990810,5264,23577,5,Best purchase I've made in a while. The build feels premium and sturdy. My whole team has switched over since.,2025-04-22
670981,6651,14349,5,It integrates seamlessly with everything I already use. My whole team has switched over since. Highly recommend.,2025-09-20
231948,5239,39360,5,Couldn't be happier. Instructions were clear and easy to follow. Support replied within the hour when I had a question.,2025-11-05
617602,6420,64609,4,"Performance is smooth even under heavy use. Months in, it still works like day one. Slightly slow shipping, though that's not the product's fault. Good value overall.",2025-02-11
722768,6577,10764,5,"Five stars, no hesitation. Setup took under five minutes. The little details show real care. Already recommended it to friends.",2025-02-03
659107,4868,94354,5,"I rarely write reviews, but this earned one. Customer service was fast and genuinely helpful.",2025-12-20
699968,8561,83037,4,"Almost perfect. The build feels premium and sturdy. Even the packaging was thoughtfully done. Slightly slow shipping, though that's not the product's fault.",2025-10-28
392581,4852,16126,5,This is exactly what I was looking for. The build feels premium and sturdy.,2025-03-18
650651,2383,11378,5,Best purchase I've made in a while. Performance is smooth even under heavy use.,2025-03-12
234953,3910,58690,5,"Absolutely loved it! Performance is smooth even under heavy use. Months in, it still works like day one. 10/10.",2025-08-27
394901,9140,76431,4,Really solid overall. The build feels premium and sturdy. Happy with the purchase.,2025-05-12
759817,4613,68371,5,Couldn't be happier. Customer service was fast and genuinely helpful.,2025-09-07
929038,1655,91793,5,"Exceeded every expectation. Instructions were clear and easy to follow. Months in, it still works like day one.",2025-02-11
225616,2548,31076,4,"Works great. The interface is clean and intuitive. Months in, it still works like day one. Happy with the purchase.",2025-11-04
696811,1716,67056,5,Couldn't be happier. It integrates seamlessly with everything I already use. My whole team has switched over since. Highly recommend.,2025-02-21
1307,9705,44989,5,Couldn't be happier. The price is more than fair for what you get. The little details show real care. Highly recommend.,2025-10-30
782602,6442,68068,3,"Customer service took a week to respond. On the plus side, Delivery arrived two days early, well packaged. Your mileage may vary.",2025-04-29
307414,7071,84569,3,"Decent, but not great. Customer service was fast and genuinely helpful. But Delivery was late and the box arrived damaged.",2025-08-18
426142,4868,67676,5,Best purchase I've made in a while. Instructions were clear and easy to follow. Support replied within the hour when I had a question. Already recommended it to friends.,2025-12-25
319021,3953,65861,5,"The build feels premium and sturdy. Months in, it still works like day one. Already recommended it to friends.",2025-03-01
861555,4234,27687,5,"Five stars, no hesitation. It integrates seamlessly with everything I already use. Will definitely buy again.",2025-03-05
280395,6249,72561,5,Honestly blown away. Customer service was fast and genuinely helpful. 10/10.,2025-02-06
855284,8881,51849,5,"Couldn't be happier. Delivery arrived two days early, well packaged. My whole team has switched over since. Worth every penny.",2025-05-04
354499,6829,38674,4,Does what it promises. Customer service was fast and genuinely helpful. The little details show real care. Recommended.,2025-04-08
818791,8356,71983,5,The interface is clean and intuitive. My whole team has switched over since. Will definitely buy again.,2025-03-27
537107,9133,46004,4,Does what it promises. The price is more than fair for what you get. A second color option would be nice.,2025-07-05
149706,4004,23919,5,Honestly blown away. It integrates seamlessly with everything I already use. Already recommended it to friends.,2025-02-08
892551,7985,57107,5,"I rarely write reviews, but this earned one. It integrates seamlessly with everything I already use. My whole team has switched over since. Already recommended it to friends.",2025-02-06
770694,6512,62183,3,"Mixed feelings on this one. It stopped working properly after a few days. Still, Battery life has been excellent so far.",2025-06-09
369198,4002,65737,5,"Five stars, no hesitation. Customer service was fast and genuinely helpful. Months in, it still works like day one.",2025-11-05
905248,3642,46286,3,"Mixed feelings on this one. Customer service was fast and genuinely helpful. However, The quality feels much cheaper than advertised. Not bad, not great.",2025-03-23
221070,5209,71305,5,"Five stars, no hesitation. Delivery arrived two days early, well packaged. The little details show real care.",2025-04-22
197324,1883,36077,2,Customer service took a week to respond. Hard to recommend.,2025-04-30
212196,9270,91417,5,Setup took under five minutes. 10/10.,2025-10-22
442266,7140,86782,4,"Good experience from start to finish. Setup took under five minutes. Months in, it still works like day one. Slightly slow shipping, though that's not the product's fault.",2025-03-17
410877,1319,48688,4,The interface is clean and intuitive. The little details show real care. Docking one star for the setup process. Happy with the purchase.,2025-07-16
912249,5982,58887,4,Really solid overall. Battery life has been excellent so far. Docking one star for the setup process.,2025-02-28
410951,1539,83866,5,Best purchase I've made in a while. Instructions were clear and easy to follow.,2025-10-01
864401,1847,39640,5,"Five stars, no hesitation. Setup took under five minutes. My whole team has switched over since.",2025-02-19
885103,3053,60455,5,Honestly blown away. Battery life has been excellent so far. Worth every penny.,2025-04-11
566563,9077,20513,4,"Almost perfect. Delivery arrived two days early, well packaged. Support replied within the hour when I had a question. A second color option would be nice.",2025-03-24
762893,2433,22597,5,Performance is smooth even under heavy use. My whole team has switched over since. Worth every penny.,2025-02-10
654510,1249,73046,5,"Five stars, no hesitation. Customer service was fast and genuinely helpful.",2025-07-04
939306,4303,43038,5,This is exactly what I was looking for. Instructions were clear and easy to follow.,2025-05-10
341525,4890,34231,5,"The quality is noticeable the moment you unbox it. Months in, it still works like day one. 10/10.",2025-02-14
847397,3572,20307,4,Almost perfect. The price is more than fair for what you get. My whole team has switched over since. Would buy again.,2025-04-21
353019,4435,31534,5,Absolutely loved it! The interface is clean and intuitive.,2025-03-15
213594,3135,34474,5,Instructions were clear and easy to follow. The little details show real care. 10/10.,2025-05-05
304405,8839,80819,3,"Performance is smooth even under heavy use. On the other hand, It's overpriced for what you actually get. Not bad, not great.",2025-02-19
754993,4053,75642,5,Couldn't be happier. Customer service was fast and genuinely helpful. Worth every penny.,2025-01-24
289306,4852,38635,2,Not impressed. The interface is clunky and slow. Hard to recommend.,2025-07-11
183247,5860,49666,5,"Five stars, no hesitation. Performance is smooth even under heavy use. My whole team has switched over since.",2025-11-17
380946,1709,18038,4,"The build feels premium and sturdy. Slightly slow shipping, though that's not the product's fault. Would buy again.",2025-03-23
800097,4303,84912,3,"It's okay. The interface is clunky and slow. On the plus side, It works exactly as described. Might give it another try.",2025-02-24
317083,5463,27165,5,"Five stars, no hesitation. Performance is smooth even under heavy use. Worth every penny.",2025-08-15
792369,3650,33885,5,"I rarely write reviews, but this earned one. The interface is clean and intuitive. Months in, it still works like day one.",2025-03-14
469726,1408,61822,5,Honestly blown away. Customer service was fast and genuinely helpful. The little details show real care. Already recommended it to friends.,2025-01-29
847005,4234,15074,4,Works great. The interface is clean and intuitive. Support replied within the hour when I had a question. Recommended.,2025-03-08
341376,4158,66483,5,Couldn't be happier. It integrates seamlessly with everything I already use.,2025-08-25
608468,1858,41130,5,"I rarely write reviews, but this earned one. Battery life has been excellent so far. Will definitely buy again.",2025-01-26
927132,4004,98688,5,"Five stars, no hesitation. The quality is noticeable the moment you unbox it. The little details show real care.",2025-03-13
124734,3650,84217,4,The price is more than fair for what you get. A second color option would be nice. Good value overall.,2025-05-29
215939,1004,53960,5,This is exactly what I was looking for. The build feels premium and sturdy. Will definitely buy again.,2025-03-30
50769,3150,34869,5,Absolutely loved it! Performance is smooth even under heavy use.,2025-06-12
34737,6438,99358,4,Does what it promises. The quality is noticeable the moment you unbox it. Even the packaging was thoughtfully done. Would buy again.,2025-03-07
371366,6345,88423,1,Complete waste of money. The quality feels much cheaper than advertised. Do not recommend.,2025-10-25
895927,6259,64029,4,"Very happy with this. The quality is noticeable the moment you unbox it. Months in, it still works like day one. A second color option would be nice.",2025-07-04
962480,6489,81011,5,Couldn't be happier. Performance is smooth even under heavy use.,2025-01-17
428671,1716,93646,1,Avoid this. The quality feels much cheaper than advertised. The replacement had the same problem. Reporting this to the marketplace. Do not recommend.,2025-09-01
837838,5634,27523,5,"I rarely write reviews, but this earned one. The build feels premium and sturdy. Even the packaging was thoughtfully done.",2025-03-28
948257,1588,87707,5,Honestly blown away. The price is more than fair for what you get. Support replied within the hour when I had a question.,2025-06-21
472288,4435,88258,2,Disappointing. Battery drains far faster than claimed. No response to two support emails.,2025-08-06
769306,1442,86011,5,"The build feels premium and sturdy. Months in, it still works like day one. Highly recommend.",2025-11-29
592514,6958,84502,4,"Impressed for the price. Performance is smooth even under heavy use. Slightly slow shipping, though that's not the product's fault.",2025-08-10
151826,9402,33977,3,"Fine for the price, I guess. It's overpriced for what you actually get. To be fair, Customer service was fast and genuinely helpful.",2025-01-11
133220,3338,78538,2,The interface is clunky and slow. Returning it was its own ordeal. Look elsewhere first.,2025-05-21
292787,8561,94032,5,Couldn't be happier. The quality is noticeable the moment you unbox it.,2025-02-20
451266,5157,43038,4,Very happy with this. The build feels premium and sturdy. Recommended.,2025-05-04
177647,8900,73504,5,The build feels premium and sturdy. Even the packaging was thoughtfully done. Highly recommend.,2025-06-17
409239,9343,92066,4,Good experience from start to finish. Customer service was fast and genuinely helpful. The little details show real care. A second color option would be nice.,2025-09-29
883088,5238,38466,4,Really solid overall. The interface is clean and intuitive. Happy with the purchase.,2025-01-26
24905,8964,67767,5,Couldn't be happier. Battery life has been excellent so far.,2025-04-12
169252,3572,46298,5,"I rarely write reviews, but this earned one. Delivery arrived two days early, well packaged. 10/10.",2025-04-16
662320,4734,13964,5,It integrates seamlessly with everything I already use. 10/10.,2025-02-10
634684,4050,25934,5,"I rarely write reviews, but this earned one. Customer service was fast and genuinely helpful.",2025-03-14
263220,8260,95684,5,Best purchase I've made in a while. The build feels premium and sturdy. Will definitely buy again.,2025-03-29
241152,2054,86369,5,"Honestly blown away. Customer service was fast and genuinely helpful. Months in, it still works like day one.",2025-06-17
310576,6512,45903,5,Honestly blown away. Customer service was fast and genuinely helpful. Will definitely buy again.,2025-05-29
781711,5070,88455,3,"Fine for the price, I guess. Battery drains far faster than claimed. Still, The interface is clean and intuitive. Might give it another try.",2025-08-08
476239,4234,33350,4,Does what it promises. The build feels premium and sturdy. Good value overall.,2025-04-03
529124,1408,62202,5,Best purchase I've made in a while. It works exactly as described. My whole team has switched over since. Highly recommend.,2025-03-31
100653,5982,94018,5,The quality is noticeable the moment you unbox it. My whole team has switched over since. 10/10.,2025-06-03
953851,9343,66060,2,Setup was confusing and the docs didn't help. I ended up buying a different brand. Look elsewhere first.,2025-04-16
391533,6892,63612,4,Good experience from start to finish. Instructions were clear and easy to follow. Recommended.,2025-05-05
76835,6723,51391,5,Exceeded every expectation. Instructions were clear and easy to follow. Highly recommend.,2025-01-05
150832,3061,79902,2,"Below average, sadly. It's overpriced for what you actually get. Returning it was its own ordeal.",2025-02-01
142901,9444,73274,5,Exceeded every expectation. It works exactly as described. Even the packaging was thoughtfully done.,2025-03-04
660400,6868,81935,5,"I rarely write reviews, but this earned one. The price is more than fair for what you get. Already recommended it to friends.",2025-07-13
853741,5264,68737,3,"The price is more than fair for what you get. However, The interface is clunky and slow. Your mileage may vary.",2025-04-07
78634,7265,80156,5,Exceeded every expectation. Instructions were clear and easy to follow. The little details show real care. Highly recommend.,2025-01-28
786345,1858,93115,5,Couldn't be happier. Setup took under five minutes.,2025-05-08
984561,5209,74393,5,Couldn't be happier. It works exactly as described. My whole team has switched over since. Highly recommend.,2025-06-12
875120,7034,75920,5,Best purchase I've made in a while. Setup took under five minutes. My whole team has switched over since. Worth every penny.,2025-03-05
552692,8509,15952,5,The build feels premium and sturdy. My whole team has switched over since. Already recommended it to friends.,2025-02-09
590569,2365,49133,5,This is exactly what I was looking for. The price is more than fair for what you get. Even the packaging was thoughtfully done.,2025-01-19
298235,1588,85390,5,"Five stars, no hesitation. Delivery arrived two days early, well packaged. The little details show real care. Worth every penny.",2025-02-16
845401,5519,17374,1,Avoid this. Battery drains far faster than claimed. Do not recommend.,2025-09-11
428368,8306,38933,5,Honestly blown away. Setup took under five minutes. 10/10.,2025-04-14
321570,1655,66313,5,"Setup took under five minutes. Months in, it still works like day one. Already recommended it to friends.",2025-02-11
4745,7567,66060,4,Really solid overall. Performance is smooth even under heavy use. Support replied within the hour when I had a question. Only minor gripe is the packaging.,2025-03-31
326252,8583,60968,5,This is exactly what I was looking for. It works exactly as described.,2025-01-15
93654,5421,37839,5,This is exactly what I was looking for. The quality is noticeable the moment you unbox it.,2025-01-20
730928,8060,86375,5,Absolutely loved it! The interface is clean and intuitive. Even the packaging was thoughtfully done.,2025-03-23
623499,9077,97051,1,Battery drains far faster than claimed. The replacement had the same problem. Save your money. Buyer beware.,2025-09-09
451945,2394,18017,5,"Five stars, no hesitation. The price is more than fair for what you get. My whole team has switched over since.",2025-02-27
478416,5463,16933,5,It works exactly as described. Worth every penny.,2025-07-23
341225,1645,15639,5,The interface is clean and intuitive. 10/10.,2025-03-22
639760,7479,94950,5,Best purchase I've made in a while. Battery life has been excellent so far.,2025-01-29
907358,7643,18734,3,"Fine for the price, I guess. Setup took under five minutes. On the other hand, Several features simply don't work as described. Might give it another try.",2025-10-01
707010,5619,14718,5,This is exactly what I was looking for. The interface is clean and intuitive. Support replied within the hour when I had a question.,2025-09-18
331372,9763,15056,5,Exceeded every expectation. The price is more than fair for what you get. My whole team has switched over since.,2025-05-14
529951,6249,46769,4,Impressed for the price. Instructions were clear and easy to follow. Even the packaging was thoughtfully done. Happy with the purchase.,2025-02-23
922445,3642,48446,4,"Delivery arrived two days early, well packaged. My whole team has switched over since. A second color option would be nice. Recommended.",2025-04-05
698290,6282,40448,4,Almost perfect. The quality is noticeable the moment you unbox it. Would buy again.,2025-02-23
208480,9269,67032,5,"I rarely write reviews, but this earned one. Battery life has been excellent so far. The little details show real care.",2025-10-24
881141,6434,61569,5,Absolutely loved it! The quality is noticeable the moment you unbox it. Will definitely buy again.,2025-03-13
38630,7071,99234,4,"It works exactly as described. My whole team has switched over since. Slightly slow shipping, though that's not the product's fault. Recommended.",2025-11-19
215976,7567,61759,4,The price is more than fair for what you get. My whole team has switched over since. A second color option would be nice. Good value overall.,2025-02-21
48719,1847,96545,4,"Almost perfect. It works exactly as described. Months in, it still works like day one. Happy with the purchase.",2025-12-23
986838,2050,89813,4,Good experience from start to finish. The price is more than fair for what you get. Happy with the purchase.,2025-07-19
135819,7985,14355,3,"Decent, but not great. The build feels premium and sturdy. However, Customer service took a week to respond. There are probably better options.",2025-05-19
319901,5157,24515,4,"Works great. It works exactly as described. The little details show real care. Slightly slow shipping, though that's not the product's fault.",2025-10-09
546222,3081,11507,5,Honestly blown away. Performance is smooth even under heavy use.,2025-03-24
675114,1939,85268,2,Wouldn't buy again. Battery drains far faster than claimed. I ended up buying a different brand. Expected more at this price.,2025-02-20
53346,9044,16568,3,"Several features simply don't work as described. On the plus side, The interface is clean and intuitive. There are probably better options.",2025-03-01
714266,5070,15074,4,Almost perfect. Customer service was fast and genuinely helpful. Recommended.,2025-03-15
409514,4872,72979,5,Best purchase I've made in a while. Battery life has been excellent so far. Support replied within the hour when I had a question.,2025-04-06
225612,3037,96287,4,Setup took under five minutes. Docking one star for the setup process. Would buy again.,2025-03-02
98061,5999,76708,5,"I rarely write reviews, but this earned one. The interface is clean and intuitive. Even the packaging was thoughtfully done. Worth every penny.",2025-07-10
42245,9362,96755,5,The price is more than fair for what you get. Even the packaging was thoughtfully done. Will definitely buy again.,2025-02-10
901680,9321,17596,5,Exceeded every expectation. Battery life has been excellent so far. The little details show real care.,2025-03-23
53666,1716,24419,5,"I rarely write reviews, but this earned one. Delivery arrived two days early, well packaged. Even the packaging was thoughtfully done. 10/10.",2025-05-26
435018,9984,66125,4,Performance is smooth even under heavy use. My whole team has switched over since. Docking one star for the setup process. Recommended.,2025-09-13
359575,9685,48725,4,Impressed for the price. Battery life has been excellent so far. Docking one star for the setup process.,2025-04-19
238036,2054,83342,4,"Good experience from start to finish. The build feels premium and sturdy. Months in, it still works like day one. Slightly slow shipping, though that's not the product's fault.",2025-06-11
15303,5914,52297,5,This is exactly what I was looking for. Performance is smooth even under heavy use. Support replied within the hour when I had a question. Worth every penny.,2025-03-20
646544,8432,62179,4,"Very happy with this. Instructions were clear and easy to follow. My whole team has switched over since. Wish the manual was clearer, but that's minor.",2025-03-15
58992,5415,41403,2,Expected better. It's overpriced for what you actually get.,2025-01-22
213468,3081,94288,4,Really solid overall. Customer service was fast and genuinely helpful. Only minor gripe is the packaging.,2025-02-26
853041,5860,97434,1,Avoid this. Delivery was late and the box arrived damaged. I ended up buying a different brand. Reporting this to the marketplace. Never again.,2025-08-15
177369,5345,21224,5,Battery life has been excellent so far. Even the packaging was thoughtfully done. Already recommended it to friends.,2025-12-13
351611,6275,17634,3,"Fine for the price, I guess. Battery drains far faster than claimed. To be fair, The price is more than fair for what you get.",2025-01-25
37680,2276,10664,5,"Delivery arrived two days early, well packaged. Months in, it still works like day one. Highly recommend.",2025-04-08
872840,8509,55155,1,Avoid this. The sizing/specs are way off from the listing. Returning it was its own ordeal. I've asked for a refund. Buyer beware.,2025-04-22
355514,3795,46737,5,Instructions were clear and easy to follow. The little details show real care. Highly recommend.,2025-12-31
684641,8664,73975,5,Exceeded every expectation. It integrates seamlessly with everything I already use. Highly recommend.,2025-02-19
36436,2358,50365,4,"The build feels premium and sturdy. Wish the manual was clearer, but that's minor. Good value overall.",2025-04-09
131718,1291,43538,5,Couldn't be happier. It works exactly as described.,2025-02-05
394872,5264,33147,5,"Five stars, no hesitation. It works exactly as described. The little details show real care. Will definitely buy again.",2025-09-07
237249,8641,43530,5,"Absolutely loved it! Battery life has been excellent so far. Months in, it still works like day one.",2025-08-16
247782,2735,81866,5,Absolutely loved it! Battery life has been excellent so far.,2025-11-20
882323,6959,52227,3,"Decent, but not great. Performance is smooth even under heavy use. That said, Battery drains far faster than claimed. Might give it another try.",2025-08-23
109491,5989,23577,5,Honestly blown away. Performance is smooth even under heavy use. Even the packaging was thoughtfully done.,2025-04-22
653692,3053,22154,1,Extremely frustrated. Battery drains far faster than claimed. Returning it was its own ordeal. Reporting this to the marketplace. Buyer beware.,2025-03-18
95368,6959,78225,5,"Five stars, no hesitation. Instructions were clear and easy to follow. The little details show real care.",2025-11-29
886058,6442,88933,5,Customer service was fast and genuinely helpful. Support replied within the hour when I had a question. Will definitely buy again.,2025-02-11
240357,5490,98339,3,"It works exactly as described. However, Battery drains far faster than claimed. Not bad, not great.",2025-05-13
71335,8614,40303,5,Best purchase I've made in a while. The price is more than fair for what you get. The little details show real care. 10/10.,2025-02-28
877518,4158,14774,5,Exceeded every expectation. It works exactly as described.,2025-01-25
615623,1043,60621,4,Works great. It integrates seamlessly with everything I already use. Recommended.,2025-04-01
915727,5490,74242,4,"Does what it promises. Delivery arrived two days early, well packaged. My whole team has switched over since. Good value overall.",2025-04-05
174029,8614,11179,4,"Impressed for the price. The quality is noticeable the moment you unbox it. Support replied within the hour when I had a question. Slightly slow shipping, though that's not the product's fault.",2025-06-19
381247,8029,94863,5,"I rarely write reviews, but this earned one. The price is more than fair for what you get.",2025-02-24
811547,5183,93989,5,"Best purchase I've made in a while. Delivery arrived two days early, well packaged. Support replied within the hour when I had a question.",2025-01-27
368402,1234,39073,5,"I rarely write reviews, but this earned one. The interface is clean and intuitive. My whole team has switched over since. Already recommended it to friends.",2025-03-18
404387,5914,22154,2,Disappointing. The interface is clunky and slow. No response to two support emails. Expected more at this price.,2025-02-17
55179,6359,82399,5,"I rarely write reviews, but this earned one. Instructions were clear and easy to follow.",2025-03-08
37412,5384,93687,4,Almost perfect. The interface is clean and intuitive. Would buy again.,2025-03-01
672360,8583,83539,5,"I rarely write reviews, but this earned one. The build feels premium and sturdy. Months in, it still works like day one.",2025-02-20
631285,2226,34989,2,It stopped working properly after a few days. Photos online are nothing like the real thing. Look elsewhere first.,2025-08-16
389060,5346,66444,5,Best purchase I've made in a while. The quality is noticeable the moment you unbox it. Highly recommend.,2025-03-07
440157,5275,12693,4,"Good experience from start to finish. It integrates seamlessly with everything I already use. Even the packaging was thoughtfully done. Wish the manual was clearer, but that's minor.",2025-04-29
828776,7219,31434,4,Impressed for the price. Customer service was fast and genuinely helpful. Support replied within the hour when I had a question. Good value overall.,2025-12-30
397694,2468,87669,5,"Five stars, no hesitation. Delivery arrived two days early, well packaged. Will definitely buy again.",2025-03-03
39684,1317,33505,2,Disappointing. The sizing/specs are way off from the listing.,2025-01-17
919009,2308,53430,4,Does what it promises. The build feels premium and sturdy. Good value overall.,2025-01-07
811528,3910,19591,4,Almost perfect. It integrates seamlessly with everything I already use. Would buy again.,2025-03-14
712459,3795,27188,4,Does what it promises. Setup took under five minutes. The little details show real care. A second color option would be nice.,2025-04-17
474060,8236,78158,4,"Setup took under five minutes. Slightly slow shipping, though that's not the product's fault. Happy with the purchase.",2025-05-19
894971,5238,78194,4,Very happy with this. It integrates seamlessly with everything I already use. My whole team has switched over since. Only minor gripe is the packaging.,2025-03-30
985743,5384,37535,5,Honestly blown away. Battery life has been excellent so far. Worth every penny.,2025-04-09
973068,4647,68260,5,Couldn't be happier. It integrates seamlessly with everything I already use.,2025-05-07
908801,7001,42992,5,This is exactly what I was looking for. The quality is noticeable the moment you unbox it. Support replied within the hour when I had a question. Worth every penny.,2025-01-31
550316,8704,22055,5,Honestly blown away. The interface is clean and intuitive. Support replied within the hour when I had a question.,2025-11-23
880735,8583,37962,2,Battery drains far faster than claimed. Expected more at this price.,2025-04-09
966600,9572,34645,5,"Honestly blown away. Delivery arrived two days early, well packaged. Even the packaging was thoughtfully done.",2025-04-22
886799,8561,93195,5,"I rarely write reviews, but this earned one. Performance is smooth even under heavy use. The little details show real care. Highly recommend.",2025-07-22
189335,2859,37675,5,The interface is clean and intuitive. Support replied within the hour when I had a question. Will definitely buy again.,2025-03-27
835292,1043,33858,4,Impressed for the price. The quality is noticeable the moment you unbox it. The little details show real care. Recommended.,2025-12-03
368075,8203,47564,5,"Exceeded every expectation. Delivery arrived two days early, well packaged.",2025-02-18
81857,5519,36330,4,Does what it promises. The quality is noticeable the moment you unbox it. The little details show real care. Recommended.,2025-04-15
276250,3589,56354,4,"Delivery arrived two days early, well packaged. Months in, it still works like day one. A second color option would be nice. Happy with the purchase.",2025-05-10
186462,9676,74363,1,One star is generous. Several features simply don't work as described. Buyer beware.,2025-01-31
333247,4443,24600,4,"Instructions were clear and easy to follow. Even the packaging was thoughtfully done. Slightly slow shipping, though that's not the product's fault. Would buy again.",2025-02-03
473395,5535,21065,4,Works great. Performance is smooth even under heavy use. Support replied within the hour when I had a question. Happy with the purchase.,2025-03-02
4925,9444,16299,2,Disappointing. Several features simply don't work as described. I ended up buying a different brand. Hard to recommend.,2025-03-18
260115,6048,72974,2,Wouldn't buy again. The interface is clunky and slow. No response to two support emails. Look elsewhere first.,2025-02-20
141038,2226,89372,5,Honestly blown away. Instructions were clear and easy to follow. Even the packaging was thoughtfully done.,2025-05-07
169673,1234,47711,4,"Impressed for the price. It works exactly as described. Wish the manual was clearer, but that's minor.",2025-11-07
316887,3572,35732,4,The build feels premium and sturdy. My whole team has switched over since. Only minor gripe is the packaging. Recommended.,2025-03-07
259913,5995,14718,5,This is exactly what I was looking for. It works exactly as described. Will definitely buy again.,2025-08-25
45597,3814,64324,5,Honestly blown away. The interface is clean and intuitive. The little details show real care. Worth every penny.,2025-05-19
113136,3531,66997,5,Exceeded every expectation. Setup took under five minutes.,2025-02-28
915637,5163,76627,1,Delivery was late and the box arrived damaged. Photos online are nothing like the real thing. I've asked for a refund. Never again.,2025-03-23
473891,5311,13772,5,Absolutely loved it! The quality is noticeable the moment you unbox it. Even the packaging was thoughtfully done.,2025-03-07
736987,6686,16423,1,One star is generous. The sizing/specs are way off from the listing. The replacement had the same problem. I've asked for a refund. Buyer beware.,2025-01-29
306608,5346,77119,5,It integrates seamlessly with everything I already use. 10/10.,2025-04-26
169083,8561,31519,5,The build feels premium and sturdy. My whole team has switched over since. Worth every penny.,2025-02-01
789369,3398,84569,1,Terrible experience. It stopped working properly after a few days. No response to two support emails. I've asked for a refund. Do not recommend.,2025-07-22
425786,9476,87955,5,It integrates seamlessly with everything I already use. The little details show real care. Worth every penny.,2025-02-07
979509,2054,15380,5,"Best purchase I've made in a while. Battery life has been excellent so far. Months in, it still works like day one. Will definitely buy again.",2025-02-11
61827,9099,88564,1,Extremely frustrated. It's overpriced for what you actually get. I ended up buying a different brand. Buyer beware.,2025-05-16
587818,2226,24975,5,Couldn't be happier. The quality is noticeable the moment you unbox it. My whole team has switched over since.,2025-03-16
761452,8205,99817,5,Absolutely loved it! It integrates seamlessly with everything I already use. Support replied within the hour when I had a question.,2025-02-04
351998,9044,82997,5,"Five stars, no hesitation. The quality is noticeable the moment you unbox it.",2025-03-01
596897,3953,37176,2,Disappointing. The sizing/specs are way off from the listing. The replacement had the same problem.,2025-07-22
200979,4435,45668,5,"Five stars, no hesitation. It works exactly as described. My whole team has switched over since.",2025-02-27
759460,4574,58138,3,"Mixed feelings on this one. It stopped working properly after a few days. To be fair, Instructions were clear and easy to follow. Your mileage may vary.",2025-01-12
311528,7570,71983,5,Absolutely loved it! Instructions were clear and easy to follow. Even the packaging was thoughtfully done. Highly recommend.,2025-05-03
960618,7071,31534,5,Exceeded every expectation. The price is more than fair for what you get.,2025-02-20
762876,3650,23001,5,"Couldn't be happier. Delivery arrived two days early, well packaged. Even the packaging was thoughtfully done.",2025-11-12
300541,3531,86175,3,"Mixed feelings on this one. Several features simply don't work as described. On the plus side, The build feels premium and sturdy.",2025-05-17
301439,3150,61488,5,"Absolutely loved it! Instructions were clear and easy to follow. Months in, it still works like day one. 10/10.",2025-09-18
837994,7567,40143,1,One star is generous. Several features simply don't work as described. No response to two support emails. Do not recommend.,2025-04-08
641357,9705,31880,5,Honestly blown away. It integrates seamlessly with everything I already use. Will definitely buy again.,2025-03-01
465500,2549,40631,1,Battery drains far faster than claimed. The replacement had the same problem. I've asked for a refund. Do not recommend.,2025-06-08
177972,9285,63737,3,"Mixed feelings on this one. Customer service took a week to respond. Still, Setup took under five minutes.",2025-01-31
327710,3709,39664,4,Impressed for the price. The interface is clean and intuitive. Good value overall.,2025-03-07
423416,5384,86369,5,"Honestly blown away. Delivery arrived two days early, well packaged. The little details show real care. Already recommended it to friends.",2025-07-12
56328,7265,37675,5,"The interface is clean and intuitive. Months in, it still works like day one. Already recommended it to friends.",2025-02-25
562615,2519,82341,5,"Exceeded every expectation. Delivery arrived two days early, well packaged.",2025-02-24
21413,5209,41461,4,"Almost perfect. The quality is noticeable the moment you unbox it. Slightly slow shipping, though that's not the product's fault.",2025-01-07
512800,8540,52702,5,"This is exactly what I was looking for. Delivery arrived two days early, well packaged. The little details show real care. Worth every penny.",2025-03-03
501025,2981,91632,5,Couldn't be happier. The quality is noticeable the moment you unbox it.,2025-01-20
882455,4890,93687,5,Best purchase I've made in a while. The quality is noticeable the moment you unbox it. My whole team has switched over since. Already recommended it to friends.,2025-03-28
599103,8550,91742,2,It stopped working properly after a few days. Photos online are nothing like the real thing. Hard to recommend.,2025-09-11
903688,8550,10274,3,"Battery drains far faster than claimed. On the plus side, Setup took under five minutes. Might give it another try.",2025-09-02
756631,6959,95026,5,"Delivery arrived two days early, well packaged. My whole team has switched over since. 10/10.",2025-06-15
16056,7598,65737,5,Best purchase I've made in a while. Performance is smooth even under heavy use. Will definitely buy again.,2025-11-29
63911,1442,63545,3,"Fine for the price, I guess. The interface is clunky and slow. To be fair, The quality is noticeable the moment you unbox it. Might give it another try.",2025-04-01
46334,5619,97322,5,Best purchase I've made in a while. Customer service was fast and genuinely helpful.,2025-12-29
418767,3081,63596,5,Couldn't be happier. Instructions were clear and easy to follow. Support replied within the hour when I had a question.,2025-04-09
777609,2621,70560,4,Good experience from start to finish. The interface is clean and intuitive. Happy with the purchase.,2025-04-06
685412,9581,62931,1,Avoid this. Setup was confusing and the docs didn't help. Photos online are nothing like the real thing. Never again.,2025-09-27
725634,5801,66751,5,The build feels premium and sturdy. Even the packaging was thoughtfully done. 10/10.,2025-01-24
319583,3572,87266,5,The interface is clean and intuitive. 10/10.,2025-11-17
579123,9269,38443,5,"Five stars, no hesitation. It integrates seamlessly with everything I already use. My whole team has switched over since.",2025-04-26
396900,2433,99566,5,"Five stars, no hesitation. It integrates seamlessly with everything I already use.",2025-07-17
474035,9140,50613,5,"I rarely write reviews, but this earned one. The quality is noticeable the moment you unbox it. Support replied within the hour when I had a question.",2025-01-30
376091,1317,53321,5,Honestly blown away. The interface is clean and intuitive.,2025-03-18
409698,2383,72693,5,Best purchase I've made in a while. The quality is noticeable the moment you unbox it. My whole team has switched over since. Highly recommend.,2025-08-12
948476,8583,61179,1,Extremely frustrated. The interface is clunky and slow. I ended up buying a different brand. I've asked for a refund. Never again.,2025-12-13
483769,6664,53293,5,Honestly blown away. Instructions were clear and easy to follow. Even the packaging was thoughtfully done. Will definitely buy again.,2025-02-21
469155,1655,26216,5,This is exactly what I was looking for. Setup took under five minutes. Worth every penny.,2025-03-27
298976,7122,17439,5,Absolutely loved it! The quality is noticeable the moment you unbox it. My whole team has switched over since. Worth every penny.,2025-01-24
356882,7350,87428,2,Disappointing. Delivery was late and the box arrived damaged. No response to two support emails.,2025-02-13
556406,9309,52901,5,"I rarely write reviews, but this earned one. Delivery arrived two days early, well packaged.",2025-02-21
265396,2549,90775,5,This is exactly what I was looking for. Customer service was fast and genuinely helpful. The little details show real care.,2025-04-19
201373,1847,95658,3,"It's okay. It stopped working properly after a few days. To be fair, The interface is clean and intuitive.",2025-06-18
223955,6249,74651,5,Best purchase I've made in a while. Setup took under five minutes. The little details show real care.,2025-03-02
242607,5973,85357,5,"This is exactly what I was looking for. The price is more than fair for what you get. Months in, it still works like day one. 10/10.",2025-02-21
819697,1840,98892,2,Not impressed. Several features simply don't work as described. Hard to recommend.,2025-02-08
397837,9343,40647,5,Honestly blown away. The build feels premium and sturdy.,2025-04-13
290726,6829,74686,5,This is exactly what I was looking for. It integrates seamlessly with everything I already use.,2025-05-07
706052,5421,89926,5,"I rarely write reviews, but this earned one. The price is more than fair for what you get. Even the packaging was thoughtfully done.",2025-05-17
75973,8029,24623,5,"I rarely write reviews, but this earned one. Customer service was fast and genuinely helpful. Even the packaging was thoughtfully done.",2025-01-31
785984,5414,42325,1,One star is generous. The sizing/specs are way off from the listing. Do not recommend.,2025-04-09
220945,9984,54050,5,"Customer service was fast and genuinely helpful. Months in, it still works like day one. Will definitely buy again.",2025-05-02
585408,1030,27341,5,Exceeded every expectation. It integrates seamlessly with everything I already use. 10/10.,2025-01-13
585643,5869,80983,1,Customer service took a week to respond. Returning it was its own ordeal. Still waiting on a resolution. Do not recommend.,2025-08-07
70349,1512,49493,5,"Five stars, no hesitation. Performance is smooth even under heavy use. Support replied within the hour when I had a question.",2025-02-04
512513,6153,73714,3,"Fine for the price, I guess. Battery drains far faster than claimed. Still, Customer service was fast and genuinely helpful. Might give it another try.",2025-08-01
393915,7570,45756,5,Couldn't be happier. The quality is noticeable the moment you unbox it. Support replied within the hour when I had a question. 10/10.,2025-04-29
548194,1115,69977,4,"Impressed for the price. Instructions were clear and easy to follow. Slightly slow shipping, though that's not the product's fault.",2025-03-01
763857,8842,22357,5,"This is exactly what I was looking for. The interface is clean and intuitive. Months in, it still works like day one.",2025-01-30
660262,8236,59144,4,"Works great. The quality is noticeable the moment you unbox it. Wish the manual was clearer, but that's minor.",2025-07-04
463931,4868,72813,4,Good experience from start to finish. Setup took under five minutes. Good value overall.,2025-09-27
695980,8845,17456,4,Really solid overall. The quality is noticeable the moment you unbox it. Support replied within the hour when I had a question. A second color option would be nice.,2025-02-08
891095,6150,33505,5,Couldn't be happier. Battery life has been excellent so far. My whole team has switched over since. Will definitely buy again.,2025-02-01
541403,4852,69875,5,"Five stars, no hesitation. Performance is smooth even under heavy use. 10/10.",2025-04-04
291418,2722,47838,4,Does what it promises. Customer service was fast and genuinely helpful. My whole team has switched over since. Recommended.,2025-05-05
941925,4443,30459,5,"Absolutely loved it! Delivery arrived two days early, well packaged.",2025-02-15
887129,4571,37626,4,"Setup took under five minutes. Slightly slow shipping, though that's not the product's fault. Recommended.",2025-10-03
54033,3053,85217,5,Honestly blown away. The build feels premium and sturdy. Will definitely buy again.,2025-08-30
181396,6438,15707,3,"It's okay. The interface is clean and intuitive. On the other hand, The interface is clunky and slow.",2025-01-28
373948,3225,52016,4,"Almost perfect. The quality is noticeable the moment you unbox it. Months in, it still works like day one. Docking one star for the setup process.",2025-02-18
457032,7122,62983,5,"It integrates seamlessly with everything I already use. Months in, it still works like day one. 10/10.",2025-04-15
563048,3053,28276,5,Absolutely loved it! The interface is clean and intuitive. Even the packaging was thoughtfully done.,2025-01-31
655236,6442,31992,5,Best purchase I've made in a while. Instructions were clear and easy to follow. Even the packaging was thoughtfully done. 10/10.,2025-09-17
112862,1440,29840,4,"Very happy with this. The quality is noticeable the moment you unbox it. Wish the manual was clearer, but that's minor.",2025-02-08
254504,6766,15811,4,Impressed for the price. Instructions were clear and easy to follow. My whole team has switched over since. Docking one star for the setup process.,2025-02-07
424940,4613,98137,5,The quality is noticeable the moment you unbox it. Even the packaging was thoughtfully done. Worth every penny.,2025-03-29
743122,5860,22094,4,Does what it promises. The interface is clean and intuitive. Recommended.,2025-09-30
224103,1503,34767,5,Honestly blown away. Instructions were clear and easy to follow. The little details show real care.,2025-05-11
330884,8641,63545,4,"Impressed for the price. Performance is smooth even under heavy use. Wish the manual was clearer, but that's minor.",2025-03-24
369102,1883,26216,5,"Five stars, no hesitation. The interface is clean and intuitive. The little details show real care.",2025-04-05
1484,4790,30933,5,"Couldn't be happier. Delivery arrived two days early, well packaged. Worth every penny.",2025-03-21
635773,1118,67990,4,The build feels premium and sturdy. Even the packaging was thoughtfully done. Docking one star for the setup process. Would buy again.,2025-06-11
313243,4218,67895,5,Couldn't be happier. The interface is clean and intuitive. Even the packaging was thoughtfully done. Already recommended it to friends.,2025-02-17
491110,3650,21065,4,Almost perfect. Instructions were clear and easy to follow. My whole team has switched over since. Only minor gripe is the packaging.,2025-03-09
948593,3650,90629,5,This is exactly what I was looking for. Battery life has been excellent so far. My whole team has switched over since. Will definitely buy again.,2025-04-06
497888,6868,37852,5,"I rarely write reviews, but this earned one. The interface is clean and intuitive. 10/10.",2025-02-11
820615,1509,61415,5,This is exactly what I was looking for. The build feels premium and sturdy.,2025-06-04
297027,8454,71936,4,"Impressed for the price. Delivery arrived two days early, well packaged. Only minor gripe is the packaging.",2025-03-08
493941,6688,61189,5,"I rarely write reviews, but this earned one. The interface is clean and intuitive. Months in, it still works like day one. Worth every penny.",2025-04-01
562235,6188,54130,3,"Somewhere in the middle. Battery life has been excellent so far. However, The interface is clunky and slow.",2025-05-25
960862,1249,61693,1,The sizing/specs are way off from the listing. I ended up buying a different brand. Still waiting on a resolution. Buyer beware.,2025-03-31
925823,5995,61415,3,"Fine for the price, I guess. Instructions were clear and easy to follow. That said, Setup was confusing and the docs didn't help.",2025-05-26
209334,2712,20513,5,This is exactly what I was looking for. Instructions were clear and easy to follow.,2025-03-03
853676,9653,85558,4,Really solid overall. The price is more than fair for what you get. Only minor gripe is the packaging.,2025-05-07
253384,5682,69948,4,Good experience from start to finish. The build feels premium and sturdy. The little details show real care. Only minor gripe is the packaging.,2025-04-19
63264,8842,63596,5,Couldn't be happier. The quality is noticeable the moment you unbox it. 10/10.,2025-04-24
391724,5718,21792,1,Delivery was late and the box arrived damaged. I ended up buying a different brand. Still waiting on a resolution. Do not recommend.,2025-02-15
965586,7001,82341,3,It's okay. The quality is noticeable the moment you unbox it. But It stopped working properly after a few days. Your mileage may vary.,2025-02-05
503878,5070,55826,2,It's overpriced for what you actually get. Hard to recommend.,2025-06-08
252344,4004,29678,5,Instructions were clear and easy to follow. Support replied within the hour when I had a question. 10/10.,2025-02-10
857363,4729,13772,1,The interface is clunky and slow. No response to two support emails. Still waiting on a resolution. Do not recommend.,2025-02-08
53226,9004,81423,3,"Fine for the price, I guess. The interface is clean and intuitive. That said, It's overpriced for what you actually get. Might give it another try.",2025-08-03
798756,1539,97324,5,The quality is noticeable the moment you unbox it. 10/10.,2025-02-06
144475,7622,39512,4,"Customer service was fast and genuinely helpful. Support replied within the hour when I had a question. Slightly slow shipping, though that's not the product's fault. Happy with the purchase.",2025-04-15
554072,6868,78158,5,Absolutely loved it! It works exactly as described. Already recommended it to friends.,2025-05-19
824415,9140,91621,5,Performance is smooth even under heavy use. Already recommended it to friends.,2025-02-11
715895,1193,17374,5,It integrates seamlessly with everything I already use. Support replied within the hour when I had a question. Will definitely buy again.,2025-08-21
801360,5183,88587,5,"Setup took under five minutes. Months in, it still works like day one. Worth every penny.",2025-02-28
238106,7019,87381,2,Expected better. It's overpriced for what you actually get. Returning it was its own ordeal.,2025-03-31
570718,8842,35240,5,"Five stars, no hesitation. The build feels premium and sturdy. Will definitely buy again.",2025-02-16
182206,6214,57107,5,Battery life has been excellent so far. Support replied within the hour when I had a question. Will definitely buy again.,2025-02-21
998242,5999,34869,5,"Five stars, no hesitation. The price is more than fair for what you get. Even the packaging was thoughtfully done.",2025-06-12
368340,7187,81138,3,"Somewhere in the middle. Setup was confusing and the docs didn't help. Still, Delivery arrived two days early, well packaged.",2025-05-13
384473,2098,29298,5,This is exactly what I was looking for. It integrates seamlessly with everything I already use. Highly recommend.,2025-10-27
164460,4435,71027,5,Absolutely loved it! The quality is noticeable the moment you unbox it. Already recommended it to friends.,2025-03-12
416405,8306,73995,5,"Five stars, no hesitation. Performance is smooth even under heavy use. Support replied within the hour when I had a question. Already recommended it to friends.",2025-02-15
309447,5209,71175,4,Battery life has been excellent so far. Even the packaging was thoughtfully done. Docking one star for the setup process. Recommended.,2025-05-04
339096,5998,95983,5,"I rarely write reviews, but this earned one. Delivery arrived two days early, well packaged. The little details show real care. 10/10.",2025-03-19
358730,3037,10362,2,Wouldn't buy again. Battery drains far faster than claimed. Look elsewhere first.,2025-02-08
879815,2276,78317,5,"Instructions were clear and easy to follow. Months in, it still works like day one. Highly recommend.",2025-03-18
415315,7861,88028,1,Battery drains far faster than claimed. I ended up buying a different brand. I've asked for a refund. Never again.,2025-03-24
396471,7071,17745,4,Very happy with this. Instructions were clear and easy to follow. Even the packaging was thoughtfully done. Would buy again.,2025-12-21
572733,5682,71213,4,Works great. The interface is clean and intuitive. My whole team has switched over since. Docking one star for the setup process.,2025-04-03
76249,7632,84102,5,Exceeded every expectation. It integrates seamlessly with everything I already use.,2025-01-29
949922,8641,80948,3,"The price is more than fair for what you get. On the other hand, Several features simply don't work as described. Your mileage may vary.",2025-05-15
198197,9402,80819,5,Couldn't be happier. The interface is clean and intuitive. My whole team has switched over since.,2025-02-11
458134,8454,63737,4,The quality is noticeable the moment you unbox it. Even the packaging was thoughtfully done. Only minor gripe is the packaging. Good value overall.,2025-01-07
666134,2519,48566,5,Honestly blown away. The price is more than fair for what you get. My whole team has switched over since. 10/10.,2025-03-08
522799,2365,27867,5,The quality is noticeable the moment you unbox it. Already recommended it to friends.,2025-02-02
678550,6420,55690,5,"I rarely write reviews, but this earned one. Setup took under five minutes. Support replied within the hour when I had a question.",2025-02-06
939262,3814,14873,1,Complete waste of money. Delivery was late and the box arrived damaged. Returning it was its own ordeal. Reporting this to the marketplace. Never again.,2025-01-08
519117,1193,34787,4,Does what it promises. The price is more than fair for what you get. Happy with the purchase.,2025-02-22
682962,5914,82230,4,Good experience from start to finish. It works exactly as described. My whole team has switched over since. Good value overall.,2025-05-10
592866,2383,88593,3,Somewhere in the middle. The quality is noticeable the moment you unbox it. But Customer service took a week to respond.,2025-03-07
92422,1896,56868,4,Works great. The quality is noticeable the moment you unbox it. My whole team has switched over since. Docking one star for the setup process.,2025-06-20
478262,8964,21840,5,"I rarely write reviews, but this earned one. The quality is noticeable the moment you unbox it. Months in, it still works like day one.",2025-06-29
727765,9444,19591,5,"Exceeded every expectation. Customer service was fast and genuinely helpful. Months in, it still works like day one.",2025-03-27
681207,6512,91053,4,Impressed for the price. Customer service was fast and genuinely helpful. Even the packaging was thoughtfully done. Recommended.,2025-03-11
556385,5982,88068,1,Terrible experience. The sizing/specs are way off from the listing. I ended up buying a different brand. Still waiting on a resolution. Do not recommend.,2025-01-23
93168,3589,27021,4,"Delivery arrived two days early, well packaged. Months in, it still works like day one. Only minor gripe is the packaging. Good value overall.",2025-05-04
531084,7567,44659,4,"Does what it promises. Performance is smooth even under heavy use. My whole team has switched over since. Slightly slow shipping, though that's not the product's fault.",2025-10-09
17351,4053,96064,5,This is exactly what I was looking for. It works exactly as described. My whole team has switched over since.,2025-07-01
960004,5619,37785,5,"Honestly blown away. Performance is smooth even under heavy use. Months in, it still works like day one.",2025-11-23
300351,8432,53263,5,Couldn't be happier. It integrates seamlessly with everything I already use. Even the packaging was thoughtfully done. Already recommended it to friends.,2025-02-19
466160,8306,33880,3,"It stopped working properly after a few days. Still, The interface is clean and intuitive. Your mileage may vary.",2025-05-24
444651,9148,19423,5,Couldn't be happier. The quality is noticeable the moment you unbox it.,2025-09-23
451702,8655,28175,4,Very happy with this. The quality is noticeable the moment you unbox it. Happy with the purchase.,2025-04-03
651032,5982,52661,5,Couldn't be happier. The build feels premium and sturdy.,2025-03-18
46571,6359,13262,5,Honestly blown away. The interface is clean and intuitive.,2025-02-23
615917,5999,68957,5,"Five stars, no hesitation. The quality is noticeable the moment you unbox it.",2025-07-24
650180,8432,13896,5,This is exactly what I was looking for. The quality is noticeable the moment you unbox it. Support replied within the hour when I had a question. Already recommended it to friends.,2025-05-20
961149,6048,42104,4,Good experience from start to finish. Instructions were clear and easy to follow. The little details show real care. Good value overall.,2025-04-15
165524,3589,45735,5,Customer service was fast and genuinely helpful. Support replied within the hour when I had a question. 10/10.,2025-02-08
177320,3367,84869,5,Honestly blown away. The quality is noticeable the moment you unbox it. Even the packaging was thoughtfully done. Highly recommend.,2025-03-18
142991,4443,11211,5,This is exactly what I was looking for. Performance is smooth even under heavy use. Will definitely buy again.,2025-08-04
703963,8140,37852,5,This is exactly what I was looking for. Instructions were clear and easy to follow.,2025-02-14
782598,1939,18916,3,"Mixed feelings on this one. The interface is clunky and slow. To be fair, The interface is clean and intuitive.",2025-06-13
756489,6829,43367,4,Works great. It works exactly as described. The little details show real care. A second color option would be nice.,2025-01-18
605896,1847,29134,5,This is exactly what I was looking for. Instructions were clear and easy to follow. Support replied within the hour when I had a question. Highly recommend.,2025-05-21
313035,5999,51391,5,Honestly blown away. The price is more than fair for what you get. Even the packaging was thoughtfully done. Already recommended it to friends.,2025-02-04
405258,5995,55563,5,This is exactly what I was looking for. The price is more than fair for what you get.,2025-02-20
192893,4050,27820,4,"Almost perfect. It works exactly as described. Months in, it still works like day one. Slightly slow shipping, though that's not the product's fault.",2025-08-31
100818,5682,13350,4,"The price is more than fair for what you get. Support replied within the hour when I had a question. Slightly slow shipping, though that's not the product's fault. Good value overall.",2025-05-01
955361,6048,88455,4,Impressed for the price. Performance is smooth even under heavy use. My whole team has switched over since. Only minor gripe is the packaging.,2025-09-01
159604,6128,72979,5,Setup took under five minutes. 10/10.,2025-04-05
985712,9821,44452,4,"Does what it promises. Delivery arrived two days early, well packaged. My whole team has switched over since. Wish the manual was clearer, but that's minor.",2025-01-14
687421,8060,42836,5,"Couldn't be happier. Delivery arrived two days early, well packaged. Months in, it still works like day one.",2025-04-17
866773,8029,24965,2,Expected better. The interface is clunky and slow. Hard to recommend.,2025-03-13
508745,8702,59592,2,Disappointing. Customer service took a week to respond.,2025-02-16
723425,1408,81673,2,Disappointing. Setup was confusing and the docs didn't help.,2025-07-31
947968,8964,60235,5,"Five stars, no hesitation. Instructions were clear and easy to follow. The little details show real care.",2025-02-26
635468,6214,62520,5,Customer service was fast and genuinely helpful. Will definitely buy again.,2025-03-28
323691,8664,29840,5,"I rarely write reviews, but this earned one. It integrates seamlessly with everything I already use. The little details show real care. Highly recommend.",2025-01-23
791060,2433,58944,5,Absolutely loved it! The price is more than fair for what you get. 10/10.,2025-02-04
316444,5414,77565,4,"Almost perfect. Instructions were clear and easy to follow. Support replied within the hour when I had a question. Slightly slow shipping, though that's not the product's fault.",2025-01-30
943118,5989,91417,5,"Couldn't be happier. Delivery arrived two days early, well packaged. Support replied within the hour when I had a question.",2025-11-07
239727,7001,13272,5,"I rarely write reviews, but this earned one. The build feels premium and sturdy. My whole team has switched over since. Worth every penny.",2025-04-03
513088,7985,48809,5,Performance is smooth even under heavy use. Highly recommend.,2025-05-08
568407,8614,19363,5,"I rarely write reviews, but this earned one. The interface is clean and intuitive.",2025-02-05
885339,6718,39804,4,"Very happy with this. Delivery arrived two days early, well packaged. The little details show real care. Happy with the purchase.",2025-12-27
151232,2735,91399,5,"Five stars, no hesitation. Customer service was fast and genuinely helpful. Highly recommend.",2025-01-19
43308,8540,77697,5,Exceeded every expectation. It integrates seamlessly with everything I already use. My whole team has switched over since. Highly recommend.,2025-05-07
938586,6577,34989,5,"I rarely write reviews, but this earned one. It works exactly as described. Will definitely buy again.",2025-07-17
632903,6359,21476,5,The build feels premium and sturdy. Even the packaging was thoughtfully done. Already recommended it to friends.,2025-01-10
999863,5239,59144,5,"Couldn't be happier. Setup took under five minutes. Months in, it still works like day one. Will definitely buy again.",2025-07-08
556004,4218,79078,1,Avoid this. It stopped working properly after a few days. Returning it was its own ordeal. Never again.,2025-01-20
254556,9077,28975,4,Really solid overall. Instructions were clear and easy to follow. A second color option would be nice.,2025-04-05
707293,2376,75116,1,One star is generous. Battery drains far faster than claimed. Never again.,2025-04-09
674961,8356,36533,3,"Mixed feelings on this one. The interface is clean and intuitive. However, Delivery was late and the box arrived damaged. Might give it another try.",2025-02-04
825622,9270,50603,5,The price is more than fair for what you get. Worth every penny.,2025-10-05
73583,4613,62438,5,"Couldn't be happier. Delivery arrived two days early, well packaged. 10/10.",2025-07-14
526001,6128,70412,4,Customer service was fast and genuinely helpful. My whole team has switched over since. Docking one star for the setup process. Recommended.,2025-02-16
184535,2548,73927,5,Absolutely loved it! Performance is smooth even under heavy use. The little details show real care. Worth every penny.,2025-03-10
448202,8350,46298,4,"Does what it promises. Instructions were clear and easy to follow. Months in, it still works like day one. Slightly slow shipping, though that's not the product's fault.",2025-04-17
288576,9799,97584,5,This is exactly what I was looking for. Customer service was fast and genuinely helpful. Even the packaging was thoughtfully done.,2025-01-20
608196,2145,78271,5,Exceeded every expectation. The build feels premium and sturdy. The little details show real care.,2025-11-02
162055,1645,15674,5,"Five stars, no hesitation. The build feels premium and sturdy. The little details show real care.",2025-02-02
476198,4613,43367,3,"Decent, but not great. Customer service was fast and genuinely helpful. However, It stopped working properly after a few days.",2025-01-24
369438,5914,53966,5,The build feels premium and sturdy. The little details show real care. Highly recommend.,2025-04-17
229085,4303,17018,5,"Absolutely loved it! The build feels premium and sturdy. Months in, it still works like day one.",2025-07-18
989157,2365,68024,1,It stopped working properly after a few days. Returning it was its own ordeal. Reporting this to the marketplace. Do not recommend.,2025-01-28
643891,1291,66997,5,"I rarely write reviews, but this earned one. It works exactly as described. Highly recommend.",2025-03-17
440376,5682,74501,5,Honestly blown away. Customer service was fast and genuinely helpful. Highly recommend.,2025-01-22
42055,5982,39957,1,One star is generous. The quality feels much cheaper than advertised. No response to two support emails. Still waiting on a resolution. Never again.,2025-02-27
127708,2145,46909,5,Instructions were clear and easy to follow. The little details show real care. Worth every penny.,2025-07-04
579763,4002,30343,4,Impressed for the price. The quality is noticeable the moment you unbox it. Only minor gripe is the packaging.,2025-03-01
745864,6434,13930,5,"Five stars, no hesitation. The interface is clean and intuitive.",2025-04-21
345763,7985,99286,5,"Five stars, no hesitation. Instructions were clear and easy to follow.",2025-03-24
930598,5995,55563,5,This is exactly what I was looking for. The quality is noticeable the moment you unbox it. Support replied within the hour when I had a question.,2025-01-26
889783,9572,84182,5,"It works exactly as described. Months in, it still works like day one. Highly recommend.",2025-03-30
290819,4002,32907,5,"Five stars, no hesitation. Delivery arrived two days early, well packaged.",2025-02-05
158702,1319,45295,5,Best purchase I've made in a while. The quality is noticeable the moment you unbox it. Will definitely buy again.,2025-03-22
901224,5414,53287,3,"It works exactly as described. That said, Customer service took a week to respond. There are probably better options.",2025-05-18
88731,5490,22510,5,"Five stars, no hesitation. It integrates seamlessly with everything I already use. The little details show real care. Already recommended it to friends.",2025-12-10
515170,3037,60649,5,Couldn't be happier. The interface is clean and intuitive.,2025-05-07
84499,9821,39238,1,Setup was confusing and the docs didn't help. No response to two support emails. Reporting this to the marketplace. Buyer beware.,2025-10-10
744966,7034,69773,5,"Five stars, no hesitation. Performance is smooth even under heavy use.",2025-04-10
687403,6048,17745,5,Absolutely loved it! It works exactly as described.,2025-12-19
161099,5278,77912,5,Exceeded every expectation. It integrates seamlessly with everything I already use. The little details show real care.,2025-02-25
708507,8405,98822,4,Does what it promises. Battery life has been excellent so far. Support replied within the hour when I had a question. Happy with the purchase.,2025-02-03
235888,6766,53455,5,Performance is smooth even under heavy use. My whole team has switched over since. 10/10.,2025-02-01
939916,1716,77743,3,"Delivery arrived two days early, well packaged. That said, The sizing/specs are way off from the listing. Might give it another try.",2025-03-21
319288,6766,17808,3,"Mixed feelings on this one. The build feels premium and sturdy. However, The sizing/specs are way off from the listing.",2025-04-06
93576,2054,52857,3,"Fine for the price, I guess. Delivery was late and the box arrived damaged. Still, The interface is clean and intuitive. Might give it another try.",2025-09-20
943478,1655,85478,4,"Really solid overall. Customer service was fast and genuinely helpful. Support replied within the hour when I had a question. Slightly slow shipping, though that's not the product's fault.",2025-05-24
711807,1858,54451,4,Works great. Customer service was fast and genuinely helpful. Happy with the purchase.,2025-04-26
655021,4790,53966,5,"Honestly blown away. The price is more than fair for what you get. Months in, it still works like day one. Worth every penny.",2025-05-05
2171,7071,76188,4,"The build feels premium and sturdy. Wish the manual was clearer, but that's minor. Would buy again.",2025-03-02
508094,7279,81529,5,Exceeded every expectation. Setup took under five minutes. Support replied within the hour when I had a question. 10/10.,2025-05-24
603294,5157,78715,1,It stopped working properly after a few days. Returning it was its own ordeal. I've asked for a refund. Do not recommend.,2025-01-31
314880,8664,36330,5,Performance is smooth even under heavy use. Worth every penny.,2025-04-12
678059,7632,80139,2,Expected better. The interface is clunky and slow. I ended up buying a different brand.,2025-02-17
592114,2308,80139,1,Extremely frustrated. Setup was confusing and the docs didn't help. Photos online are nothing like the real thing. Save your money. Buyer beware.,2025-01-12
792334,8407,70448,4,Does what it promises. Performance is smooth even under heavy use. Support replied within the hour when I had a question. Would buy again.,2025-06-15
796526,1442,10764,1,Complete waste of money. Customer service took a week to respond. Photos online are nothing like the real thing. Do not recommend.,2025-02-23
902442,3713,91804,5,"I rarely write reviews, but this earned one. It integrates seamlessly with everything I already use. Worth every penny.",2025-01-30
733243,1249,86335,5,"Couldn't be happier. Performance is smooth even under heavy use. Months in, it still works like day one. Highly recommend.",2025-06-12
783348,4435,39072,5,Exceeded every expectation. Instructions were clear and easy to follow. Even the packaging was thoughtfully done.,2025-03-23
579787,5535,96828,4,Almost perfect. The quality is noticeable the moment you unbox it. My whole team has switched over since. Only minor gripe is the packaging.,2025-09-22
196650,6150,78831,4,Does what it promises. Customer service was fast and genuinely helpful. Docking one star for the setup process.,2025-07-01
698776,5768,64970,5,The price is more than fair for what you get. My whole team has switched over since. 10/10.,2025-02-17
483474,6688,91378,4,"The quality is noticeable the moment you unbox it. Months in, it still works like day one. Wish the manual was clearer, but that's minor. Would buy again.",2025-06-07
391272,1709,10786,4,Good experience from start to finish. It integrates seamlessly with everything I already use. Happy with the purchase.,2025-02-02
399901,1004,98589,5,Best purchase I've made in a while. The interface is clean and intuitive. My whole team has switched over since. 10/10.,2025-06-13
894366,3403,17611,4,Works great. Instructions were clear and easy to follow. Support replied within the hour when I had a question. Would buy again.,2025-04-01
420399,6214,94032,5,"Best purchase I've made in a while. Delivery arrived two days early, well packaged. The little details show real care. 10/10.",2025-02-16
295604,6489,77999,3,"Several features simply don't work as described. Still, Customer service was fast and genuinely helpful. Your mileage may vary.",2025-06-22
637529,9285,47113,5,Best purchase I've made in a while. Setup took under five minutes. My whole team has switched over since.,2025-03-23
866443,3561,46567,5,Best purchase I've made in a while. Performance is smooth even under heavy use. 10/10.,2025-02-24
920126,1004,99379,5,"I rarely write reviews, but this earned one. Customer service was fast and genuinely helpful. Even the packaging was thoughtfully done.",2025-05-17
929151,9285,91632,4,"Impressed for the price. Battery life has been excellent so far. Slightly slow shipping, though that's not the product's fault.",2025-02-21
443142,1440,38537,5,"I rarely write reviews, but this earned one. The quality is noticeable the moment you unbox it. Even the packaging was thoughtfully done.",2025-03-11
544795,6032,71107,5,"Five stars, no hesitation. Delivery arrived two days early, well packaged. Months in, it still works like day one.",2025-03-21
491566,8550,45309,5,Best purchase I've made in a while. Instructions were clear and easy to follow.,2025-11-11
350080,9984,90629,5,This is exactly what I was looking for. Customer service was fast and genuinely helpful. 10/10.,2025-03-26
777271,5973,54130,5,"Five stars, no hesitation. Instructions were clear and easy to follow.",2025-04-19
777652,6423,51533,5,Couldn't be happier. The price is more than fair for what you get. Support replied within the hour when I had a question. Already recommended it to friends.,2025-03-01
385818,9044,58752,5,"I rarely write reviews, but this earned one. Battery life has been excellent so far. Will definitely buy again.",2025-03-03
798615,1840,41265,5,"Five stars, no hesitation. The price is more than fair for what you get. The little details show real care. Highly recommend.",2025-04-17
278050,4527,36158,1,Delivery was late and the box arrived damaged. Photos online are nothing like the real thing. I've asked for a refund. Never again.,2025-10-26
887072,2619,36289,5,"Performance is smooth even under heavy use. Months in, it still works like day one. 10/10.",2025-04-10
982262,1442,22344,4,Good experience from start to finish. Battery life has been excellent so far. My whole team has switched over since. Would buy again.,2025-12-03
161304,5232,77606,5,The interface is clean and intuitive. The little details show real care. Will definitely buy again.,2025-01-27
723110,8985,39495,5,Absolutely loved it! The price is more than fair for what you get. Worth every penny.,2025-05-29
196112,3053,38537,3,"Decent, but not great. The price is more than fair for what you get. That said, The sizing/specs are way off from the listing.",2025-02-26
423848,6723,84770,5,It works exactly as described. 10/10.,2025-10-09
158356,6664,59144,5,Honestly blown away. Setup took under five minutes. My whole team has switched over since. Will definitely buy again.,2025-06-03
905251,8356,87938,5,Best purchase I've made in a while. Customer service was fast and genuinely helpful. My whole team has switched over since.,2025-07-28
652242,6829,71587,2,"Below average, sadly. The interface is clunky and slow. No response to two support emails. Look elsewhere first.",2025-03-03
494310,8140,39866,4,"Impressed for the price. Delivery arrived two days early, well packaged. My whole team has switched over since. Slightly slow shipping, though that's not the product's fault.",2025-05-30
680989,9444,63528,5,Couldn't be happier. The quality is noticeable the moment you unbox it. Even the packaging was thoughtfully done. Highly recommend.,2025-02-17
70030,2548,92843,5,"Five stars, no hesitation. Customer service was fast and genuinely helpful.",2025-02-15
188787,3455,35027,3,"The interface is clean and intuitive. That said, The quality feels much cheaper than advertised. Not bad, not great.",2025-03-27
96710,5414,62931,4,"Very happy with this. Delivery arrived two days early, well packaged. Even the packaging was thoughtfully done. A second color option would be nice.",2025-10-14
421405,3338,51849,5,Battery life has been excellent so far. The little details show real care. Will definitely buy again.,2025-05-21
530706,2549,88593,5,Couldn't be happier. The interface is clean and intuitive.,2025-02-12
176940,3053,60269,5,Best purchase I've made in a while. Customer service was fast and genuinely helpful. Already recommended it to friends.,2025-03-13
646623,4004,41609,3,"It's overpriced for what you actually get. To be fair, The interface is clean and intuitive. There are probably better options.",2025-05-13
419437,7071,29619,5,"I rarely write reviews, but this earned one. Battery life has been excellent so far. Months in, it still works like day one.",2025-03-04
731005,9444,35314,4,Impressed for the price. Setup took under five minutes. Even the packaging was thoughtfully done. Docking one star for the setup process.,2025-04-02
408674,8845,81022,5,Best purchase I've made in a while. Customer service was fast and genuinely helpful. The little details show real care.,2025-10-08
484384,6651,16519,5,Absolutely loved it! Instructions were clear and easy to follow. Even the packaging was thoughtfully done. Will definitely buy again.,2025-04-02
146356,7643,60649,5,Exceeded every expectation. The quality is noticeable the moment you unbox it. Support replied within the hour when I had a question. Highly recommend.,2025-05-07
856334,3814,23702,1,Customer service took a week to respond. No response to two support emails. I've asked for a refund. Buyer beware.,2025-02-25
582482,4613,50613,4,Really solid overall. Battery life has been excellent so far. Recommended.,2025-01-16
540306,8839,10274,5,Performance is smooth even under heavy use. My whole team has switched over since. Worth every penny.,2025-09-06
543097,9402,79460,5,Honestly blown away. Customer service was fast and genuinely helpful. Even the packaging was thoughtfully done.,2025-07-20
959219,4571,91870,1,One star is generous. It's overpriced for what you actually get. Do not recommend.,2025-08-24
741741,7265,49060,5,"Best purchase I've made in a while. Delivery arrived two days early, well packaged. The little details show real care.",2025-05-22
538286,9362,85558,5,Absolutely loved it! It works exactly as described. My whole team has switched over since. 10/10.,2025-05-12
874342,2548,80819,2,"Below average, sadly. Several features simply don't work as described.",2025-02-13
831,1442,88742,4,"Very happy with this. It works exactly as described. Months in, it still works like day one. Good value overall.",2025-06-16
924684,9270,40419,5,Honestly blown away. It works exactly as described. My whole team has switched over since. 10/10.,2025-03-06
94618,7440,27188,5,Couldn't be happier. The quality is noticeable the moment you unbox it. Even the packaging was thoughtfully done.,2025-04-18
555776,7977,75837,5,"I rarely write reviews, but this earned one. The build feels premium and sturdy. 10/10.",2025-03-19
328534,1249,71838,1,Terrible experience. The sizing/specs are way off from the listing. No response to two support emails. I've asked for a refund. Do not recommend.,2025-04-03
292481,6444,67676,5,This is exactly what I was looking for. The build feels premium and sturdy. Even the packaging was thoughtfully done.,2025-12-25
751185,5354,61889,4,Works great. It works exactly as described. Even the packaging was thoughtfully done. Happy with the purchase.,2025-04-08
892878,3814,45879,5,"Absolutely loved it! Delivery arrived two days early, well packaged. Even the packaging was thoughtfully done. Already recommended it to friends.",2025-05-20
164296,1645,51241,5,It integrates seamlessly with everything I already use. The little details show real care. 10/10.,2025-04-27
380934,2394,65295,5,The build feels premium and sturdy. The little details show real care. Already recommended it to friends.,2025-10-18
418007,4158,81423,5,Absolutely loved it! Instructions were clear and easy to follow. Will definitely buy again.,2025-07-31
431381,1408,66444,4,Works great. Customer service was fast and genuinely helpful. Support replied within the hour when I had a question. A second color option would be nice.,2025-02-28
276075,5421,27446,5,Exceeded every expectation. Customer service was fast and genuinely helpful. The little details show real care.,2025-04-25
808614,7128,72563,4,"Impressed for the price. Performance is smooth even under heavy use. Months in, it still works like day one. Slightly slow shipping, though that's not the product's fault.",2025-06-15
485521,4269,10764,5,"Absolutely loved it! Performance is smooth even under heavy use. Months in, it still works like day one. Highly recommend.",2025-02-18
890162,8356,91232,5,"I rarely write reviews, but this earned one. The price is more than fair for what you get. My whole team has switched over since.",2025-01-17
402394,5238,99612,4,"Very happy with this. The build feels premium and sturdy. Months in, it still works like day one. Happy with the purchase.",2025-07-15
55992,2358,18362,4,"Good experience from start to finish. Battery life has been excellent so far. Even the packaging was thoughtfully done. Wish the manual was clearer, but that's minor.",2025-07-25
500384,3561,40647,5,This is exactly what I was looking for. It works exactly as described. Support replied within the hour when I had a question.,2025-03-24
372230,3561,60269,5,Couldn't be happier. Instructions were clear and easy to follow. Even the packaging was thoughtfully done.,2025-02-15
681071,1193,92644,2,Expected better. Delivery was late and the box arrived damaged. I ended up buying a different brand. Look elsewhere first.,2025-01-24
77471,4571,97884,5,Couldn't be happier. The build feels premium and sturdy. Support replied within the hour when I had a question. Will definitely buy again.,2025-09-28
6983,6048,97531,4,"Almost perfect. Delivery arrived two days early, well packaged. Happy with the purchase.",2025-02-03
755000,7985,48481,5,Couldn't be happier. Battery life has been excellent so far. Even the packaging was thoughtfully done.,2025-05-05
144536,8203,46965,4,"Impressed for the price. Delivery arrived two days early, well packaged. My whole team has switched over since. Recommended.",2025-03-08
692328,5718,77095,5,It works exactly as described. Support replied within the hour when I had a question. 10/10.,2025-04-07
107205,4050,94281,3,"It's okay. Several features simply don't work as described. On the plus side, The interface is clean and intuitive.",2025-03-15
673588,7985,59144,5,Absolutely loved it! Instructions were clear and easy to follow.,2025-05-29
370448,7861,70145,4,"Customer service was fast and genuinely helpful. Wish the manual was clearer, but that's minor. Would buy again.",2025-06-08
676166,7570,96225,5,Exceeded every expectation. Instructions were clear and easy to follow. My whole team has switched over since. Highly recommend.,2025-03-07
826477,1503,48992,5,Instructions were clear and easy to follow. The little details show real care. 10/10.,2025-02-26
605653,5200,90775,5,Exceeded every expectation. Setup took under five minutes.,2025-04-28
514197,7187,60636,5,"Five stars, no hesitation. Performance is smooth even under heavy use. My whole team has switched over since. Highly recommend.",2025-02-06
373306,1408,24559,5,Exceeded every expectation. Performance is smooth even under heavy use. The little details show real care.,2025-02-07
460929,4729,13138,1,Setup was confusing and the docs didn't help. Returning it was its own ordeal. Still waiting on a resolution. Never again.,2025-12-29
467045,5619,87277,5,Absolutely loved it! Customer service was fast and genuinely helpful. My whole team has switched over since.,2025-05-16
732896,5869,65468,5,"Best purchase I've made in a while. Delivery arrived two days early, well packaged. Support replied within the hour when I had a question.",2025-05-10
89215,9140,79873,4,Very happy with this. It integrates seamlessly with everything I already use. Only minor gripe is the packaging.,2025-04-06
598545,7187,30372,5,This is exactly what I was looking for. The price is more than fair for what you get. Even the packaging was thoughtfully done.,2025-04-08
324621,4613,66192,4,Does what it promises. It integrates seamlessly with everything I already use. Happy with the purchase.,2025-07-19
566724,1043,33505,1,Complete waste of money. Several features simply don't work as described. No response to two support emails. Never again.,2025-02-07
3939,6653,37954,4,"Very happy with this. It works exactly as described. Support replied within the hour when I had a question. Wish the manual was clearer, but that's minor.",2025-03-01
107755,5535,11952,3,"Mixed feelings on this one. Battery life has been excellent so far. On the other hand, Several features simply don't work as described. There are probably better options.",2025-02-26
611453,7809,75455,4,Very happy with this. Battery life has been excellent so far. My whole team has switched over since. Only minor gripe is the packaging.,2025-03-13
268682,6214,47113,5,"Exceeded every expectation. The price is more than fair for what you get. Months in, it still works like day one.",2025-04-11
554874,6420,15890,3,"Decent, but not great. Customer service took a week to respond. To be fair, Customer service was fast and genuinely helpful. Might give it another try.",2025-02-20
357817,9321,34869,5,Honestly blown away. It works exactly as described. Support replied within the hour when I had a question. Will definitely buy again.,2025-06-13
451152,8900,94213,4,"Very happy with this. It integrates seamlessly with everything I already use. My whole team has switched over since. Wish the manual was clearer, but that's minor.",2025-06-01
751697,9309,59140,5,Exceeded every expectation. Performance is smooth even under heavy use. Support replied within the hour when I had a question.,2025-04-05
625011,5163,78192,5,The interface is clean and intuitive. Will definitely buy again.,2025-07-25
695744,5354,53818,4,"Good experience from start to finish. It integrates seamlessly with everything I already use. Wish the manual was clearer, but that's minor.",2025-05-30
427380,4925,41172,4,Really solid overall. The price is more than fair for what you get. Docking one star for the setup process.,2025-02-20
525901,5519,66465,5,The interface is clean and intuitive. 10/10.,2025-04-25
433839,7122,66997,3,"Decent, but not great. The quality is noticeable the moment you unbox it. But Setup was confusing and the docs didn't help. Might give it another try.",2025-03-17
109645,9443,59900,5,This is exactly what I was looking for. The build feels premium and sturdy. My whole team has switched over since. Will definitely buy again.,2025-06-11
49461,9705,99286,4,Very happy with this. It integrates seamlessly with everything I already use. Even the packaging was thoughtfully done. A second color option would be nice.,2025-03-12
52250,5995,66997,4,The interface is clean and intuitive. The little details show real care. A second color option would be nice. Would buy again.,2025-04-02
646978,1503,42781,5,Setup took under five minutes. Worth every penny.,2025-11-07
644890,2358,74354,5,Absolutely loved it! The interface is clean and intuitive. My whole team has switched over since. 10/10.,2025-03-08
957377,8704,87041,5,"Five stars, no hesitation. Performance is smooth even under heavy use. Will definitely buy again.",2025-02-07
287614,3565,11433,3,"Mixed feelings on this one. Battery drains far faster than claimed. To be fair, Battery life has been excellent so far.",2025-03-30
328551,7219,97262,5,"Five stars, no hesitation. The build feels premium and sturdy. Even the packaging was thoughtfully done.",2025-09-13
541568,5415,17808,4,Works great. Setup took under five minutes. Even the packaging was thoughtfully done. Good value overall.,2025-03-31
33253,5869,27958,1,Avoid this. The quality feels much cheaper than advertised. Returning it was its own ordeal. Buyer beware.,2025-05-28
944613,9285,48950,5,Customer service was fast and genuinely helpful. Already recommended it to friends.,2025-02-22
207532,4961,53951,5,"Five stars, no hesitation. The build feels premium and sturdy. The little details show real care.",2025-05-14
370558,5278,17819,5,"I rarely write reviews, but this earned one. Performance is smooth even under heavy use. My whole team has switched over since. Highly recommend.",2025-02-28
777917,4872,49845,5,Best purchase I've made in a while. The price is more than fair for what you get. The little details show real care.,2025-05-09
613207,2027,23274,2,Disappointing. Battery drains far faster than claimed. Look elsewhere first.,2025-03-04
697370,2712,45309,5,The price is more than fair for what you get. 10/10.,2025-10-30
576165,1883,94213,4,Impressed for the price. Battery life has been excellent so far. The little details show real care. Would buy again.,2025-07-02
794926,3119,11751,5,Honestly blown away. Customer service was fast and genuinely helpful. My whole team has switched over since. Worth every penny.,2025-01-21
504098,7071,16599,5,Couldn't be happier. Performance is smooth even under heavy use. Even the packaging was thoughtfully done. Already recommended it to friends.,2025-01-27
511275,4053,25291,3,"Fine for the price, I guess. Several features simply don't work as described. On the plus side, The price is more than fair for what you get.",2025-02-26
494447,4443,97612,5,Best purchase I've made in a while. The interface is clean and intuitive.,2025-04-30
983641,2308,43473,5,The quality is noticeable the moment you unbox it. My whole team has switched over since. Highly recommend.,2025-06-19
448149,7219,13504,3,"Fine for the price, I guess. Several features simply don't work as described. On the plus side, The quality is noticeable the moment you unbox it. There are probably better options.",2025-02-27
872542,1716,57663,4,"Almost perfect. Customer service was fast and genuinely helpful. Months in, it still works like day one. Wish the manual was clearer, but that's minor.",2025-02-10
7504,8842,62520,5,Couldn't be happier. The interface is clean and intuitive. My whole team has switched over since. 10/10.,2025-03-22
227762,6723,67648,5,Honestly blown away. It integrates seamlessly with everything I already use. The little details show real care. Will definitely buy again.,2025-07-27
843759,5860,43736,4,Almost perfect. Instructions were clear and easy to follow. Happy with the purchase.,2025-05-28
400995,7279,18361,3,"Fine for the price, I guess. Delivery arrived two days early, well packaged. But The interface is clunky and slow. Your mileage may vary.",2025-01-22
18589,3338,89657,5,Best purchase I've made in a while. Instructions were clear and easy to follow. Even the packaging was thoughtfully done. Highly recommend.,2025-06-08
725948,8941,98798,5,It integrates seamlessly with everything I already use. Support replied within the hour when I had a question. Already recommended it to friends.,2025-07-31
399648,2549,49523,3,"The interface is clunky and slow. On the plus side, Performance is smooth even under heavy use. There are probably better options.",2025-04-02
24842,3814,25753,3,"Fine for the price, I guess. The sizing/specs are way off from the listing. On the plus side, Performance is smooth even under heavy use. Might give it another try.",2025-03-11
483071,9077,71939,5,Honestly blown away. Setup took under five minutes. Support replied within the hour when I had a question. Highly recommend.,2025-03-28
682313,8060,11378,3,"Somewhere in the middle. It's overpriced for what you actually get. To be fair, Battery life has been excellent so far.",2025-03-27
352322,2549,10891,5,Couldn't be happier. Battery life has been excellent so far.,2025-07-11
186619,7567,52363,1,Complete waste of money. Battery drains far faster than claimed. I ended up buying a different brand. Reporting this to the marketplace. Never again.,2025-07-26
575306,5995,44149,5,It works exactly as described. 10/10.,2025-05-21
251566,3061,11811,4,Works great. The build feels premium and sturdy. Docking one star for the setup process.,2025-04-13
275226,1786,49285,4,Very happy with this. Battery life has been excellent so far. Even the packaging was thoughtfully done. Only minor gripe is the packaging.,2025-11-28
906362,5311,16617,3,"Fine for the price, I guess. Setup took under five minutes. However, Battery drains far faster than claimed. Not bad, not great.",2025-04-02
831678,2276,95646,3,"Battery drains far faster than claimed. Still, The build feels premium and sturdy. Your mileage may vary.",2025-02-17
425085,8900,53966,4,The build feels premium and sturdy. Even the packaging was thoughtfully done. Only minor gripe is the packaging. Would buy again.,2025-05-10
993320,9055,92066,5,Exceeded every expectation. Customer service was fast and genuinely helpful. Already recommended it to friends.,2025-09-10
802502,1539,45900,5,Exceeded every expectation. It works exactly as described.,2025-01-26
546602,6512,97262,5,Absolutely loved it! The quality is noticeable the moment you unbox it. Support replied within the hour when I had a question.,2025-08-14
167237,6718,68045,5,This is exactly what I was looking for. The interface is clean and intuitive. Already recommended it to friends.,2025-01-16
951455,8509,53321,4,"Very happy with this. The quality is noticeable the moment you unbox it. Months in, it still works like day one. Wish the manual was clearer, but that's minor.",2025-03-02
611291,7350,15690,4,Does what it promises. Setup took under five minutes. Happy with the purchase.,2025-06-11
433626,5777,89452,4,Works great. Customer service was fast and genuinely helpful. A second color option would be nice.,2025-02-11
266779,9653,94711,4,Works great. It works exactly as described. Happy with the purchase.,2025-04-25
611714,6128,46298,1,Avoid this. The sizing/specs are way off from the listing. Never again.,2025-04-18
177491,6275,65737,4,"Delivery arrived two days early, well packaged. Only minor gripe is the packaging. Recommended.",2025-10-22
471201,9004,23535,4,"Very happy with this. Battery life has been excellent so far. My whole team has switched over since. Slightly slow shipping, though that's not the product's fault.",2025-03-15
50742,6686,63875,5,"This is exactly what I was looking for. Customer service was fast and genuinely helpful. Months in, it still works like day one.",2025-05-04
218668,2226,27266,5,Performance is smooth even under heavy use. My whole team has switched over since. 10/10.,2025-01-18
18611,6829,65209,4,Works great. The price is more than fair for what you get. Even the packaging was thoughtfully done. Good value overall.,2025-01-26
817884,9270,89852,5,Battery life has been excellent so far. Even the packaging was thoughtfully done. Will definitely buy again.,2025-02-18
792576,6512,69588,2,Disappointing. Battery drains far faster than claimed. The replacement had the same problem.,2025-06-16
471043,2712,87815,5,Absolutely loved it! Performance is smooth even under heavy use.,2025-04-08
598401,1896,30257,5,"Five stars, no hesitation. The build feels premium and sturdy. The little details show real care.",2025-07-16
842724,6282,33940,5,This is exactly what I was looking for. Setup took under five minutes. My whole team has switched over since.,2025-04-24
650516,2712,39664,5,"Five stars, no hesitation. Delivery arrived two days early, well packaged. Support replied within the hour when I had a question.",2025-04-05
56021,3053,48769,1,The interface is clunky and slow. Returning it was its own ordeal. Still waiting on a resolution. Never again.,2025-12-25
435902,9402,70954,1,Setup was confusing and the docs didn't help. No response to two support emails. I've asked for a refund. Buyer beware.,2025-02-25
268952,6489,93990,4,Good experience from start to finish. The interface is clean and intuitive. Even the packaging was thoughtfully done. A second color option would be nice.,2025-08-06
541423,2226,53966,5,It integrates seamlessly with everything I already use. Highly recommend.,2025-04-24
734992,8583,86818,5,"Five stars, no hesitation. It works exactly as described. The little details show real care.",2025-03-31
516450,6275,80819,3,"Battery drains far faster than claimed. Still, The price is more than fair for what you get. Your mileage may vary.",2025-02-12
860311,3403,83342,3,"The quality feels much cheaper than advertised. On the plus side, Delivery arrived two days early, well packaged. Might give it another try.",2025-06-02
803755,3135,84211,4,"Very happy with this. Delivery arrived two days early, well packaged. Happy with the purchase.",2025-03-19
502933,5634,15702,5,Battery life has been excellent so far. Worth every penny.,2025-02-15
601169,4890,31534,2,"Below average, sadly. The sizing/specs are way off from the listing. Hard to recommend.",2025-03-10
354877,7219,63767,5,Battery life has been excellent so far. The little details show real care. Highly recommend.,2025-01-18
624388,6150,27165,5,The build feels premium and sturdy. Even the packaging was thoughtfully done. Highly recommend.,2025-09-10
289572,6438,41403,5,"Five stars, no hesitation. It integrates seamlessly with everything I already use. Support replied within the hour when I had a question.",2025-02-22
325612,6048,58782,5,This is exactly what I was looking for. It works exactly as described.,2025-03-01
245296,3565,71819,5,Honestly blown away. Instructions were clear and easy to follow. Worth every penny.,2025-08-15
274887,6442,68045,5,Best purchase I've made in a while. It integrates seamlessly with everything I already use. Already recommended it to friends.,2025-02-12
622316,5384,30891,4,Almost perfect. Performance is smooth even under heavy use. Happy with the purchase.,2025-03-15
86838,8540,39238,5,Best purchase I've made in a while. The build feels premium and sturdy.,2025-10-15
248953,8881,38463,2,The interface is clunky and slow. Returning it was its own ordeal. Hard to recommend.,2025-02-10
677528,1512,88742,4,The price is more than fair for what you get. Even the packaging was thoughtfully done. Docking one star for the setup process. Recommended.,2025-06-15
275880,6723,82812,4,"The build feels premium and sturdy. My whole team has switched over since. Slightly slow shipping, though that's not the product's fault. Would buy again.",2025-03-05
73578,3150,60455,4,Almost perfect. The interface is clean and intuitive. Happy with the purchase.,2025-04-15
392903,1317,66094,5,Customer service was fast and genuinely helpful. Will definitely buy again.,2025-06-17
535788,5914,76828,5,"Couldn't be happier. It integrates seamlessly with everything I already use. Months in, it still works like day one. Already recommended it to friends.",2025-03-04
862704,4158,55522,4,The interface is clean and intuitive. Only minor gripe is the packaging. Would buy again.,2025-07-05
367603,1408,65468,5,Setup took under five minutes. Support replied within the hour when I had a question. Worth every penny.,2025-05-09
179054,9140,72596,4,Good experience from start to finish. Performance is smooth even under heavy use. Recommended.,2025-02-17
201082,3565,12047,5,"This is exactly what I was looking for. Delivery arrived two days early, well packaged. Even the packaging was thoughtfully done.",2025-01-15
922798,3225,69582,5,This is exactly what I was looking for. Battery life has been excellent so far. The little details show real care.,2025-01-21
48882,5200,12693,4,"Really solid overall. Customer service was fast and genuinely helpful. My whole team has switched over since. Wish the manual was clearer, but that's minor.",2025-05-17
845221,5535,58152,5,"I rarely write reviews, but this earned one. Delivery arrived two days early, well packaged. Support replied within the hour when I had a question. Highly recommend.",2025-06-06
45312,4094,63781,5,Couldn't be happier. The interface is clean and intuitive.,2025-02-12
899221,7350,63345,5,Honestly blown away. Instructions were clear and easy to follow. 10/10.,2025-10-15
560558,2358,60269,4,Impressed for the price. Customer service was fast and genuinely helpful. Recommended.,2025-03-02
444215,9285,17439,1,Terrible experience. It stopped working properly after a few days. No response to two support emails. Reporting this to the marketplace. Buyer beware.,2025-01-12
516882,9140,13964,5,It works exactly as described. My whole team has switched over since. Highly recommend.,2025-03-06
747819,1442,48762,5,Honestly blown away. The build feels premium and sturdy. Support replied within the hour when I had a question. Will definitely buy again.,2025-02-05
369944,3338,73995,3,"Fine for the price, I guess. Customer service took a week to respond. To be fair, The build feels premium and sturdy. There are probably better options.",2025-02-03
256392,2619,89446,3,"Delivery arrived two days early, well packaged. But It stopped working properly after a few days. Your mileage may vary.",2025-03-09
698524,1655,70796,5,Couldn't be happier. The interface is clean and intuitive.,2025-01-07
887943,8509,83037,2,"Below average, sadly. The interface is clunky and slow.",2025-10-16
244698,1503,82151,5,"Five stars, no hesitation. Performance is smooth even under heavy use. Even the packaging was thoughtfully done. 10/10.",2025-01-27
825439,7071,38805,5,Couldn't be happier. Customer service was fast and genuinely helpful. Even the packaging was thoughtfully done.,2025-06-27
69510,6153,34231,5,"I rarely write reviews, but this earned one. It works exactly as described. Months in, it still works like day one. Worth every penny.",2025-01-27
774359,9581,97884,5,Instructions were clear and easy to follow. The little details show real care. Highly recommend.,2025-09-05
555977,9148,85095,4,"Delivery arrived two days early, well packaged. My whole team has switched over since. A second color option would be nice. Recommended.",2025-03-27
78225,5995,64597,4,Really solid overall. It integrates seamlessly with everything I already use. The little details show real care. Would buy again.,2025-03-27
279411,1883,81234,5,Absolutely loved it! Battery life has been excellent so far. Support replied within the hour when I had a question.,2025-01-30
240343,4919,98339,3,"Delivery was late and the box arrived damaged. Still, It integrates seamlessly with everything I already use. Might give it another try.",2025-05-27
862111,5354,48511,1,Complete waste of money. Customer service took a week to respond. No response to two support emails. I've asked for a refund. Never again.,2025-02-04
494804,9309,62183,5,"Five stars, no hesitation. Performance is smooth even under heavy use.",2025-06-08
591334,5801,15890,5,"Five stars, no hesitation. It works exactly as described. Months in, it still works like day one.",2025-02-17
543560,8839,43530,5,"I rarely write reviews, but this earned one. It integrates seamlessly with everything I already use.",2025-08-03
298206,9077,17634,5,Battery life has been excellent so far. Highly recommend.,2025-02-05
571454,2050,65476,5,Absolutely loved it! Setup took under five minutes. Even the packaging was thoughtfully done. 10/10.,2025-05-19
169556,7598,31565,5,"Battery life has been excellent so far. Months in, it still works like day one. Will definitely buy again.",2025-05-16
143085,4300,85703,5,Best purchase I've made in a while. Customer service was fast and genuinely helpful.,2025-03-25
191941,5345,58535,1,Avoid this. The sizing/specs are way off from the listing. Never again.,2025-05-13
876449,8900,31021,5,Honestly blown away. The build feels premium and sturdy. Highly recommend.,2025-10-29
276954,9402,20096,5,This is exactly what I was looking for. The price is more than fair for what you get. Will definitely buy again.,2025-12-01
439717,6249,22964,4,"Good experience from start to finish. It integrates seamlessly with everything I already use. Months in, it still works like day one. Slightly slow shipping, though that's not the product's fault.",2025-03-05
227309,2145,96029,5,Exceeded every expectation. The quality is noticeable the moment you unbox it. My whole team has switched over since. Will definitely buy again.,2025-04-26
117861,4303,61786,3,"Fine for the price, I guess. It works exactly as described. On the other hand, Customer service took a week to respond.",2025-03-25
365619,5384,49848,3,"Fine for the price, I guess. The build feels premium and sturdy. On the other hand, The interface is clunky and slow.",2025-05-05
481476,7128,22120,5,Setup took under five minutes. The little details show real care. Worth every penny.,2025-06-22
809527,8203,75116,1,Avoid this. It's overpriced for what you actually get. No response to two support emails. Save your money. Buyer beware.,2025-03-25
708312,4831,85928,3,"It's okay. Delivery was late and the box arrived damaged. Still, Delivery arrived two days early, well packaged.",2025-03-24
870323,7495,25291,5,"The quality is noticeable the moment you unbox it. Months in, it still works like day one. Already recommended it to friends.",2025-03-03
253023,1102,41131,5,This is exactly what I was looking for. The price is more than fair for what you get. The little details show real care.,2025-06-20
479212,3565,52227,5,Performance is smooth even under heavy use. Highly recommend.,2025-08-14
783031,5797,35314,5,Couldn't be happier. Battery life has been excellent so far. The little details show real care.,2025-04-03
950688,3119,49273,5,"Honestly blown away. Setup took under five minutes. Months in, it still works like day one. Worth every penny.",2025-08-09
899629,2027,74363,5,Couldn't be happier. The interface is clean and intuitive.,2025-02-14
108106,7977,38204,5,Honestly blown away. The interface is clean and intuitive.,2025-03-09
470267,3037,88593,4,Almost perfect. It integrates seamlessly with everything I already use. The little details show real care. Docking one star for the setup process.,2025-03-03
246265,8985,58690,5,"This is exactly what I was looking for. Delivery arrived two days early, well packaged. Support replied within the hour when I had a question. Will definitely buy again.",2025-09-15
501388,7509,71446,5,"I rarely write reviews, but this earned one. The build feels premium and sturdy. Months in, it still works like day one.",2025-05-30
298105,7861,15849,4,It works exactly as described. A second color option would be nice. Would buy again.,2025-06-25
283892,4234,16270,4,Really solid overall. The price is more than fair for what you get. A second color option would be nice.,2025-04-03
471966,4613,10985,4,"The interface is clean and intuitive. Months in, it still works like day one. Slightly slow shipping, though that's not the product's fault. Would buy again.",2025-03-01
343179,2548,73302,2,Wouldn't buy again. The quality feels much cheaper than advertised. I ended up buying a different brand.,2025-04-20
934156,4868,61569,5,The quality is noticeable the moment you unbox it. Already recommended it to friends.,2025-03-11
509820,3150,82787,5,"I rarely write reviews, but this earned one. The build feels premium and sturdy. Worth every penny.",2025-06-03
221079,1442,73659,5,The build feels premium and sturdy. My whole team has switched over since. Worth every penny.,2025-04-25
321673,4053,80498,5,"Exceeded every expectation. Performance is smooth even under heavy use. Months in, it still works like day one.",2025-01-22
709676,4890,36289,4,Does what it promises. The price is more than fair for what you get. My whole team has switched over since. Happy with the purchase.,2025-04-14
476011,9443,29894,5,"This is exactly what I was looking for. Customer service was fast and genuinely helpful. Months in, it still works like day one. 10/10.",2025-03-20
494603,2296,58874,5,Exceeded every expectation. The interface is clean and intuitive. 10/10.,2025-01-29
141468,9321,27440,4,"Impressed for the price. It integrates seamlessly with everything I already use. Even the packaging was thoughtfully done. Wish the manual was clearer, but that's minor.",2025-04-19
565965,5421,55609,5,"Instructions were clear and easy to follow. Months in, it still works like day one. Highly recommend.",2025-04-26
317317,1883,96755,5,"Five stars, no hesitation. Customer service was fast and genuinely helpful. Months in, it still works like day one.",2025-01-18
185685,4527,76627,5,Honestly blown away. Setup took under five minutes. Support replied within the hour when I had a question. Already recommended it to friends.,2025-03-24
433557,7187,81787,5,Exceeded every expectation. The quality is noticeable the moment you unbox it. Worth every penny.,2025-06-19
163603,2468,92174,5,"Five stars, no hesitation. Instructions were clear and easy to follow.",2025-12-30
849585,6359,36561,5,Exceeded every expectation. The build feels premium and sturdy. Worth every penny.,2025-02-13
379674,9133,47185,5,Honestly blown away. Battery life has been excellent so far.,2025-09-13
365851,2722,54747,1,One star is generous. It's overpriced for what you actually get. I ended up buying a different brand. Do not recommend.,2025-03-16
629301,3814,42444,4,Very happy with this. The price is more than fair for what you get. Even the packaging was thoughtfully done. Happy with the purchase.,2025-02-18
162194,1883,88026,5,The build feels premium and sturdy. My whole team has switched over since. Highly recommend.,2025-06-20
159676,3455,62183,5,Absolutely loved it! The build feels premium and sturdy. Support replied within the hour when I had a question. 10/10.,2025-05-23
691317,7598,93744,4,"Does what it promises. Setup took under five minutes. Slightly slow shipping, though that's not the product's fault.",2025-01-21
244918,9133,59428,1,Avoid this. Delivery was late and the box arrived damaged. I ended up buying a different brand. Save your money. Buyer beware.,2025-01-23
21011,2054,97261,4,Impressed for the price. Performance is smooth even under heavy use. Even the packaging was thoughtfully done. Happy with the purchase.,2025-02-06
965179,4961,70954,5,Couldn't be happier. Battery life has been excellent so far. Even the packaging was thoughtfully done. 10/10.,2025-02-12
25048,1193,14718,5,"This is exactly what I was looking for. Instructions were clear and easy to follow. Months in, it still works like day one.",2025-08-11
174888,2054,50649,3,"Decent, but not great. The build feels premium and sturdy. However, The interface is clunky and slow.",2025-01-27
210705,5989,72813,4,Really solid overall. The price is more than fair for what you get. Recommended.,2025-09-29
681862,5414,39360,4,"Good experience from start to finish. Delivery arrived two days early, well packaged. Even the packaging was thoughtfully done. Would buy again.",2025-10-13
680206,2027,49896,1,Complete waste of money. The quality feels much cheaper than advertised. The replacement had the same problem. Still waiting on a resolution. Never again.,2025-04-11
698206,3037,45419,5,Absolutely loved it! The build feels premium and sturdy. The little details show real care. Already recommended it to friends.,2025-01-22
82275,7495,79046,2,Expected better. It's overpriced for what you actually get. I ended up buying a different brand.,2025-09-08
826517,6959,47113,4,"Very happy with this. Delivery arrived two days early, well packaged. My whole team has switched over since. Recommended.",2025-03-22
678792,6651,16977,5,"Five stars, no hesitation. It integrates seamlessly with everything I already use. The little details show real care.",2025-03-23
704043,8614,12056,4,Good experience from start to finish. Setup took under five minutes. Only minor gripe is the packaging.,2025-06-04
650719,5415,40419,5,Absolutely loved it! The quality is noticeable the moment you unbox it.,2025-04-03
164525,4269,50244,1,The quality feels much cheaper than advertised. I ended up buying a different brand. Save your money. Buyer beware.,2025-05-31
161096,7644,93708,3,"Somewhere in the middle. Delivery was late and the box arrived damaged. On the plus side, It works exactly as described. Your mileage may vary.",2025-08-17
991807,9963,24419,5,Couldn't be happier. Performance is smooth even under heavy use.,2025-06-02
198881,2549,63909,1,It stopped working properly after a few days. I ended up buying a different brand. Reporting this to the marketplace. Do not recommend.,2025-09-09
847000,1883,43406,5,Performance is smooth even under heavy use. Support replied within the hour when I had a question. Already recommended it to friends.,2025-01-29
721905,7128,25653,5,"Five stars, no hesitation. It integrates seamlessly with everything I already use. The little details show real care. Worth every penny.",2025-05-24
781762,3709,67550,1,Terrible experience. Battery drains far faster than claimed. I ended up buying a different brand. I've asked for a refund. Do not recommend.,2025-06-19
904518,7479,13772,5,"I rarely write reviews, but this earned one. Setup took under five minutes. 10/10.",2025-02-16
703082,1030,16299,5,"I rarely write reviews, but this earned one. It integrates seamlessly with everything I already use. Support replied within the hour when I had a question.",2025-03-12
512725,1716,49033,5,Exceeded every expectation. Performance is smooth even under heavy use. Support replied within the hour when I had a question. Will definitely buy again.,2025-10-29
162903,5414,24965,5,"I rarely write reviews, but this earned one. Performance is smooth even under heavy use. Months in, it still works like day one. Already recommended it to friends.",2025-02-12
199248,8756,37535,3,"Decent, but not great. Performance is smooth even under heavy use. However, It's overpriced for what you actually get. Not bad, not great.",2025-05-14
819377,1786,70962,5,The build feels premium and sturdy. The little details show real care. 10/10.,2025-03-12
566129,9444,20453,5,"Absolutely loved it! Battery life has been excellent so far. Months in, it still works like day one.",2025-02-21
538867,1858,71983,5,"Absolutely loved it! Delivery arrived two days early, well packaged. Even the packaging was thoughtfully done.",2025-04-19
591219,5999,85451,1,Extremely frustrated. Several features simply don't work as described. I ended up buying a different brand. Never again.,2025-04-03
90621,4053,45754,2,Expected better. It's overpriced for what you actually get. Returning it was its own ordeal.,2025-03-22
621041,4613,30521,4,"Does what it promises. It works exactly as described. Months in, it still works like day one. Recommended.",2025-04-16
612488,9055,10032,5,"Five stars, no hesitation. It integrates seamlessly with everything I already use.",2025-02-23
618141,5914,10362,5,Best purchase I've made in a while. Setup took under five minutes. Support replied within the hour when I had a question. Worth every penny.,2025-02-18
276964,7001,98339,4,"Good experience from start to finish. Customer service was fast and genuinely helpful. Months in, it still works like day one. Only minor gripe is the packaging.",2025-05-26
299934,5797,63923,4,Good experience from start to finish. It integrates seamlessly with everything I already use. The little details show real care. Recommended.,2025-04-22
410771,4234,10725,5,Setup took under five minutes. 10/10.,2025-09-05
626994,8029,81917,4,"Delivery arrived two days early, well packaged. The little details show real care. A second color option would be nice. Would buy again.",2025-05-20
507394,5914,64273,5,Best purchase I've made in a while. Setup took under five minutes.,2025-05-28
97645,5718,52379,2,Not impressed. Delivery was late and the box arrived damaged. I ended up buying a different brand. Look elsewhere first.,2025-04-18
556846,8260,26223,5,This is exactly what I was looking for. Setup took under five minutes. Support replied within the hour when I had a question. 10/10.,2025-02-11
978034,5200,66192,5,This is exactly what I was looking for. Instructions were clear and easy to follow. Support replied within the hour when I had a question.,2025-07-28
606577,5421,81674,5,"Honestly blown away. Delivery arrived two days early, well packaged. Support replied within the hour when I had a question.",2025-03-05
774150,5346,39098,4,"Instructions were clear and easy to follow. Wish the manual was clearer, but that's minor. Good value overall.",2025-04-27
798942,3081,73927,4,Does what it promises. It works exactly as described. Happy with the purchase.,2025-02-22
275173,9133,63662,2,"Below average, sadly. The sizing/specs are way off from the listing. The replacement had the same problem.",2025-02-14
339990,6990,43501,5,"Absolutely loved it! The price is more than fair for what you get. Months in, it still works like day one. Already recommended it to friends.",2025-03-16
837322,6959,84577,5,Couldn't be happier. Instructions were clear and easy to follow. My whole team has switched over since.,2025-11-01
169858,7122,79046,4,Really solid overall. The build feels premium and sturdy. Support replied within the hour when I had a question. Only minor gripe is the packaging.,2025-09-24
532924,9963,95182,5,Customer service was fast and genuinely helpful. Support replied within the hour when I had a question. Worth every penny.,2025-03-29
183680,1317,53175,3,"The price is more than fair for what you get. However, Customer service took a week to respond. Your mileage may vary.",2025-04-03
896157,3061,18850,1,Delivery was late and the box arrived damaged. The replacement had the same problem. Save your money. Never again.,2025-04-19
431683,1234,63612,4,Very happy with this. Battery life has been excellent so far. Support replied within the hour when I had a question. Good value overall.,2025-04-23
970751,2027,63781,4,Impressed for the price. It works exactly as described. Docking one star for the setup process.,2025-03-14
59571,6718,56667,5,The interface is clean and intuitive. Even the packaging was thoughtfully done. Already recommended it to friends.,2025-02-14
673258,1102,65737,5,"Honestly blown away. Delivery arrived two days early, well packaged. Support replied within the hour when I had a question.",2025-11-09
261849,9705,13260,5,It works exactly as described. Already recommended it to friends.,2025-01-14
508028,1512,95646,5,Absolutely loved it! Battery life has been excellent so far. 10/10.,2025-02-28
376499,6653,25460,5,Exceeded every expectation. Instructions were clear and easy to follow. Worth every penny.,2025-03-15
314561,7279,98589,4,Very happy with this. The interface is clean and intuitive. Support replied within the hour when I had a question. Good value overall.,2025-05-30
565695,8681,34139,1,It's overpriced for what you actually get. I ended up buying a different brand. Still waiting on a resolution. Do not recommend.,2025-01-18
376836,9402,86335,5,"Five stars, no hesitation. Setup took under five minutes. My whole team has switched over since. Worth every penny.",2025-06-05
228467,9133,70838,5,This is exactly what I was looking for. The build feels premium and sturdy. Even the packaging was thoughtfully done. Will definitely buy again.,2025-06-30
43144,5415,83769,5,Honestly blown away. Customer service was fast and genuinely helpful. Support replied within the hour when I had a question. 10/10.,2025-03-03
646401,1503,21912,4,Almost perfect. It works exactly as described. Support replied within the hour when I had a question. Recommended.,2025-01-18
215820,4053,50062,2,Customer service took a week to respond. The replacement had the same problem. Expected more at this price.,2025-05-11
273440,4890,24515,5,Battery life has been excellent so far. The little details show real care. 10/10.,2025-09-05
238784,7479,38893,4,"Instructions were clear and easy to follow. My whole team has switched over since. Wish the manual was clearer, but that's minor. Happy with the purchase.",2025-08-01
209253,8845,41242,5,Exceeded every expectation. Customer service was fast and genuinely helpful. Even the packaging was thoughtfully done. Already recommended it to friends.,2025-03-07
149975,9133,64970,5,Absolutely loved it! The price is more than fair for what you get. My whole team has switched over since.,2025-02-18
632028,2519,43543,1,One star is generous. Setup was confusing and the docs didn't help. I ended up buying a different brand. Save your money. Never again.,2025-08-29
581399,9077,28898,1,Extremely frustrated. It stopped working properly after a few days. Returning it was its own ordeal. I've asked for a refund. Do not recommend.,2025-02-06
579416,8350,22969,1,One star is generous. Customer service took a week to respond. Do not recommend.,2025-05-24
416802,5973,65476,3,"Somewhere in the middle. The price is more than fair for what you get. But The quality feels much cheaper than advertised. Not bad, not great.",2025-06-11
877372,5157,97261,4,Good experience from start to finish. Setup took under five minutes. Would buy again.,2025-02-18
43928,5414,14391,5,Setup took under five minutes. The little details show real care. Will definitely buy again.,2025-08-08
889414,4303,29619,4,"The quality is noticeable the moment you unbox it. Even the packaging was thoughtfully done. Slightly slow shipping, though that's not the product's fault. Would buy again.",2025-04-07
404371,9077,28463,2,"Below average, sadly. Delivery was late and the box arrived damaged. Photos online are nothing like the real thing. Expected more at this price.",2025-01-30
406593,9044,25631,5,Honestly blown away. The quality is noticeable the moment you unbox it. My whole team has switched over since. Worth every penny.,2025-02-22
144991,7977,93980,1,One star is generous. Customer service took a week to respond. The replacement had the same problem. Buyer beware.,2025-02-04
207247,7567,65741,5,It integrates seamlessly with everything I already use. Even the packaging was thoughtfully done. Worth every penny.,2025-03-03
565270,1249,40109,5,Honestly blown away. The quality is noticeable the moment you unbox it.,2025-03-30
751552,8205,88258,5,Couldn't be happier. Performance is smooth even under heavy use. The little details show real care.,2025-07-31
410278,9402,71027,4,Does what it promises. Performance is smooth even under heavy use. Even the packaging was thoughtfully done. Would buy again.,2025-04-03
269287,6723,38212,3,"The interface is clean and intuitive. On the other hand, Several features simply don't work as described. Not bad, not great.",2025-02-26
926422,1709,46737,5,Honestly blown away. Battery life has been excellent so far. The little details show real care. Worth every penny.,2025-12-21
970832,9476,95801,4,Very happy with this. Setup took under five minutes. Happy with the purchase.,2025-01-17
57144,7001,92807,5,Instructions were clear and easy to follow. Support replied within the hour when I had a question. Will definitely buy again.,2025-01-07
780251,2376,94032,4,Very happy with this. Customer service was fast and genuinely helpful. Would buy again.,2025-01-16
943564,9077,34890,5,"Five stars, no hesitation. The quality is noticeable the moment you unbox it.",2025-09-03
158901,3398,67764,4,Does what it promises. The quality is noticeable the moment you unbox it. The little details show real care. Good value overall.,2025-08-11
421702,2859,21800,5,"Five stars, no hesitation. The build feels premium and sturdy. The little details show real care. Highly recommend.",2025-04-20
781496,7838,63596,4,Battery life has been excellent so far. Docking one star for the setup process. Happy with the purchase.,2025-03-20
535010,3081,27446,5,Customer service was fast and genuinely helpful. Support replied within the hour when I had a question. Will definitely buy again.,2025-04-02
327993,5718,36203,5,Exceeded every expectation. Customer service was fast and genuinely helpful. The little details show real care. Highly recommend.,2025-02-02
714484,2358,69498,5,"I rarely write reviews, but this earned one. Delivery arrived two days early, well packaged. My whole team has switched over since. Worth every penny.",2025-04-14
650668,8060,15579,5,"Exceeded every expectation. Delivery arrived two days early, well packaged. My whole team has switched over since. 10/10.",2025-06-20
238951,5238,61358,4,Almost perfect. The quality is noticeable the moment you unbox it. The little details show real care. A second color option would be nice.,2025-01-17
591914,1539,77448,5,The build feels premium and sturdy. Worth every penny.,2025-02-16
270853,4004,53175,5,Absolutely loved it! The quality is noticeable the moment you unbox it.,2025-04-20
111209,8842,64035,5,Honestly blown away. It works exactly as described.,2025-11-20
207406,5797,48942,3,"Somewhere in the middle. The price is more than fair for what you get. However, The interface is clunky and slow. There are probably better options.",2025-01-08
152797,8941,78088,5,"Five stars, no hesitation. Customer service was fast and genuinely helpful. The little details show real care.",2025-03-29
157489,2519,89657,4,Really solid overall. Performance is smooth even under heavy use. Happy with the purchase.,2025-06-06
262610,2376,42875,2,Wouldn't buy again. Customer service took a week to respond. Hard to recommend.,2025-04-07
878978,1193,10162,1,Terrible experience. It stopped working properly after a few days. Returning it was its own ordeal. Still waiting on a resolution. Never again.,2025-02-07
868262,2697,44149,5,Couldn't be happier. The build feels premium and sturdy. Will definitely buy again.,2025-05-21
686946,8900,40434,5,Best purchase I've made in a while. Performance is smooth even under heavy use. My whole team has switched over since.,2025-02-17
781230,8306,20907,4,Works great. Customer service was fast and genuinely helpful. Docking one star for the setup process.,2025-03-16
222622,6434,97051,5,Exceeded every expectation. Battery life has been excellent so far. My whole team has switched over since.,2025-09-19
730668,5264,27064,5,"Five stars, no hesitation. The price is more than fair for what you get. Support replied within the hour when I had a question. Will definitely buy again.",2025-03-28
885013,7644,90710,1,Extremely frustrated. The sizing/specs are way off from the listing. No response to two support emails. Never again.,2025-04-11
985863,8306,87197,4,"Very happy with this. The interface is clean and intuitive. Months in, it still works like day one. Recommended.",2025-04-08
912299,9963,61415,3,Performance is smooth even under heavy use. But It stopped working properly after a few days. There are probably better options.,2025-05-18
544503,6577,28136,4,Does what it promises. It works exactly as described. Only minor gripe is the packaging.,2025-03-11
424132,2735,90278,5,Couldn't be happier. Customer service was fast and genuinely helpful. My whole team has switched over since.,2025-12-27
873405,6868,52192,5,Absolutely loved it! Customer service was fast and genuinely helpful. The little details show real care. 10/10.,2025-01-12
576724,9099,78078,3,"Mixed feelings on this one. The quality feels much cheaper than advertised. On the plus side, Battery life has been excellent so far. Your mileage may vary.",2025-04-28
202650,9581,86396,5,"Honestly blown away. Delivery arrived two days early, well packaged. The little details show real care.",2025-05-15
464853,8432,39114,5,"Five stars, no hesitation. The price is more than fair for what you get. Support replied within the hour when I had a question.",2025-03-29
32462,2735,68371,5,Exceeded every expectation. Customer service was fast and genuinely helpful. 10/10.,2025-09-11
487307,3531,94863,5,"Exceeded every expectation. Instructions were clear and easy to follow. Months in, it still works like day one.",2025-03-10
906751,2621,10985,2,Not impressed. The quality feels much cheaper than advertised. Returning it was its own ordeal. Expected more at this price.,2025-02-12
38877,9444,37888,5,Couldn't be happier. The price is more than fair for what you get. Worth every penny.,2025-08-03
444704,7838,54010,1,One star is generous. Several features simply don't work as described. No response to two support emails. Save your money. Do not recommend.,2025-01-31
929017,1588,83375,5,Absolutely loved it! The price is more than fair for what you get. Support replied within the hour when I had a question. 10/10.,2025-06-30
383118,9763,39564,4,Works great. Performance is smooth even under heavy use. My whole team has switched over since. Only minor gripe is the packaging.,2025-03-17
558403,1115,32655,4,Very happy with this. The quality is noticeable the moment you unbox it. The little details show real care. Recommended.,2025-10-19
758828,1847,65360,4,"Good experience from start to finish. It integrates seamlessly with everything I already use. Months in, it still works like day one. Wish the manual was clearer, but that's minor.",2025-03-01
200292,8356,68068,3,"It's okay. Customer service was fast and genuinely helpful. On the other hand, Setup was confusing and the docs didn't help. Your mileage may vary.",2025-05-08
